experiment,variant,completed_records,wins,errors,mean_margin,stopped_early
audit,R13_AUDIT,1,0,0,-9410.0,False
cal_disabled_parity,CAL_DISABLED_PARITY,1,0,0,-9410.0,False
calendar_screen,fert15,16,0,0,-4400.0625,False
calendar_screen,fert30,16,0,0,-6119.375,False
calendar_screen,lag05,16,5,0,-893.25,False
calendar_screen,lag1,16,2,0,-3675.75,False
deep8_stage32,R14_DEEP8_LAG,32,9,0,-3605.21875,False
deep_smoke,deep12_open,4,2,0,-1677.25,False
deep_smoke,deep30_open,4,2,0,-466.75,False
deep_smoke,deep8_periodic,4,2,0,-1557.5,False
executor_screen,idle_handoff,16,4,0,-3329.625,False
executor_screen,prep_prefix,16,2,0,-3576.4375,False
executor_screen,regret_both,16,7,0,-2437.0,False
executor_screen,regret_compile,16,9,0,-1039.625,False
finalist_screen,deep30_broad,16,7,0,-1829.875,False
finalist_screen,deep8_lag05,16,9,0,909.1875,False
finalist_screen,regret_lag05,16,5,0,-3379.8125,False
g8_acceptance,R14_G8,31,0,0,-17716.967741935485,True
geese_combo,g8_comp1,16,2,0,-13326.375,False
geese_combo,g8_lag025,16,1,0,-10537.75,False
geese_combo,g8_lag05,16,4,0,-5598.125,False
holdout,R13_HOLDOUT,16,6,0,-2177.875,False
holdout,R14_LAG05_HOLDOUT,16,4,0,-2618.3125,False
lag05_acceptance,R14_LAG05,160,87,0,-435.7125,False
mixed_screen,g4c1s2w8,16,5,0,-3460.4375,False
mixed_screen,g4c2s1w8,16,4,0,-852.75,False
mixed_screen,g5c1s1w8,16,5,0,-3802.5625,False
mixed_screen,g7c0s1w8,16,4,0,-5777.625,False
native_sales_screen,cash_lag05,16,4,0,-430.5625,False
native_sales_screen,public_native,16,4,0,-3248.8125,False
native_sales_screen,public_native_rank,16,2,0,-7425.0,False
native_sales_screen,public_native_slot,16,0,0,-6113.0625,False
opening_screen,g6m3_public,16,4,0,-16471.625,False
opening_screen,g8_public,16,7,0,-2599.625,False
opening_screen,public_screen,16,4,0,-3326.375,False
phase_screen,lag_from6,16,4,0,-2797.25,False
phase_screen,lag_load30,16,4,0,-4023.9375,False
phase_screen,lag_load45,16,2,0,-5430.375,False
regret_acceptance,R14_REGRET,41,13,0,-3482.609756097561,True
release_parity,R14_DIRECTORY_PARITY,1,0,0,-8053.0,False
release_parity,R14_SINGLEFILE_PARITY,1,0,0,-8053.0,False
stage32,R14_DEEP30,4,0,0,-13058.25,True
