rank,team,team_id,submission_id,seat_count,family_count,singleton_seats,singleton_share,dominant_family_id,dominant_family_seats,dominant_family_share,top3_family_coverage,median_distance_to_medoid
1,Crop Dusta,16714457,55714246,121,119,117,0.9669421487603306,N082,2,0.01652892561983471,0.04132231404958678,0.0
2,Ryo Hasegawa,16644287,55614463,250,132,92,0.368,N006,20,0.08,0.18,0.0
3,Subramanya N,16705390,55616096,287,270,253,0.8815331010452961,N107,2,0.006968641114982578,0.020905923344947737,0.0
4,Kronki,16686827,55740281,89,3,0,0.0,N001,61,0.6853932584269663,1.0,0.0
5,Arman Tuganbaev,16711376,55617399,295,74,33,0.11186440677966102,N001,29,0.09830508474576272,0.2440677966101695,0.04090743139386177
6,taiseiu,16748154,55739697,91,3,0,0.0,N001,71,0.7802197802197802,1.0,0.0
7,tyz123456,16665224,55758423,76,3,0,0.0,N001,61,0.8026315789473685,1.0,0.0
8,Aurora,16655477,55729656,107,3,0,0.0,N001,81,0.7570093457943925,1.0,0.0
9,Yizuki,16762957,55731561,101,3,0,0.0,N001,74,0.7326732673267327,1.0,0.0
10,Akhil Chinta,16663649,55749148,87,3,0,0.0,N001,61,0.7011494252873564,1.0,0.0
21,Odyssey,16698999,55762971,42,3,0,0.0,N001,36,0.8571428571428571,1.0,0.0
22,UjjwalPardeshi,16745006,55754433,84,3,0,0.0,N001,65,0.7738095238095238,1.0,0.0
23,Suneeth reddy,16684954,55747103,95,4,0,0.0,N001,69,0.7263157894736842,0.968421052631579,0.0
24,Erfan Eshratifar,16685548,55729097,130,1,0,0.0,N004,130,1.0,1.0,0.006938426289707422
25,Zejun_,16624276,55749262,115,4,0,0.0,N001,95,0.8260869565217391,0.991304347826087,0.0
26,Mforg,16732714,55751131,95,3,0,0.0,N001,77,0.8105263157894737,1.0,0.0
27,Lucien de Rubempre,16630675,55749795,97,3,0,0.0,N001,78,0.8041237113402062,1.0,0.0
28,Terry Luo,16689430,55757614,90,3,0,0.0,N001,75,0.8333333333333334,1.0,0.0
29,Homii_N,16639507,55753519,95,3,0,0.0,N001,76,0.8,1.0,0.0
30,桂棹兮兰桨,16753799,55760200,72,3,0,0.0,N001,61,0.8472222222222222,1.0,0.0
31,Aurora wy,16635314,55742603,90,3,0,0.0,N001,73,0.8111111111111111,1.0,0.0
32,Nadeem,16685450,55757473,80,3,0,0.0,N001,63,0.7875,1.0,0.0
33,yuxuan,16674312,55757156,88,3,0,0.0,N001,72,0.8181818181818182,1.0,0.0
34,Jiro314,16741542,55759101,72,3,1,0.013888888888888888,N001,57,0.7916666666666666,1.0,0.02849394641816616
35,Egor Trushin,16670276,55724054,124,3,0,0.0,N001,92,0.7419354838709677,1.0,0.0
36,Tom3,16699741,55743933,94,3,0,0.0,N001,72,0.7659574468085106,1.0,0.0
37,Ömer Faruk Yüce,16742369,55723563,130,3,0,0.0,N001,113,0.8692307692307693,1.0,0.0
38,test_money,16633226,55726920,133,3,0,0.0,N001,94,0.706766917293233,1.0,0.0
39,MiMi,16712714,55741684,90,79,70,0.7777777777777778,N038,4,0.044444444444444446,0.08888888888888889,0.0
40,Kaileh57,16671767,55758863,77,3,0,0.0,N001,58,0.7532467532467533,1.0,0.0
