threshold,family_count,singleton_count,largest_family,top10_coverage,top56_coverage
0.04,902,825,1706,0.703267589049161,0.7447748012952605
0.06,844,755,1707,0.710921401236385,0.7583161613188107
0.08,795,700,1728,0.7188695908154253,0.770974389166912
0.10,737,639,1736,0.727112157786282,0.787165145716809
0.12,677,566,1764,0.7359434795407712,0.8010008831321754
0.14,605,493,1772,0.7559611421842802,0.8216073005593171
0.16,533,406,1788,0.7700912569914631,0.8372093023255814
0.18,451,313,1788,0.7830438622313807,0.8560494554018251
0.20,377,241,1789,0.7965852222549308,0.877833382396232
