SHA256	Bytes	Path
F297957277E15539419CE2870E3AAAEFBD82730C4C50DC7D1FF2261277A97A68	52	.gitattributes
372E82373DA8A71F400628DBC85A4A64DB99E9AAD683DBBC2A3DB5A4C181009C	255	.gitignore
A43D251755E98F29A441314C1C1239A291DBD16608DE8C25215C57A32148D215	4623	README_ZH.md
F8838094918E6A267502CB2E6A72C56A26C4B42208370005683B6B7EC95E6054	302	workspace/agents/route_clustering_switch_agent/.gitignore
6A46C4BB0CDB4B6DBBB50ACD0D6501FD6C608CE528718EB12A10D4CF9FFFA12D	314	workspace/agents/route_clustering_switch_agent/configs/manifest.example.json
803592753C14E44120C32AC1AE5014E601D7F4990DC5EDB0C8E1EF2E71D263AE	902	workspace/agents/route_clustering_switch_agent/configs/pipeline.env.example
647F8906C827218D939B107172749DB3A26C3F7EB63E23744CD25AABBD34B2C9	12897	workspace/agents/route_clustering_switch_agent/docs/宏观路线去重聚类与切换搜参.md
95D1C588807B4F197B1D994EAC2CDEDB6C4C8EE6B6003EA02686F5C82B5A7D33	676299	workspace/agents/route_clustering_switch_agent/docs/宏观路线去重聚类与切换搜参.pdf
E0999EE59E7DE118391A7A2FBAF9C376F93F3B3B466446E015ABCDBEDD148093	6597	workspace/agents/route_clustering_switch_agent/docs/macro_route_charts/cluster_sensitivity.svg
19D22221AE952E22B93D1AA5F69C6DD83225A68240CC5B3027CFE62B9DE263D4	8557	workspace/agents/route_clustering_switch_agent/docs/macro_route_charts/family_distribution.svg
B948454B6BC38B041C9B11E3FD67EB27A6B025498B4B465D09A95731E7276A51	5980	workspace/agents/route_clustering_switch_agent/docs/macro_route_charts/pipeline.svg
ABC36550E17C51F9C74D360712B3A946858ACCCFC2BB8376200ADE092BBA0CFA	5332	workspace/agents/route_clustering_switch_agent/docs/macro_route_charts/switch_tree.svg
5EF12D3DE35E47658903EE3E7D52E37001D144F29F48376B7B66EDF8073D7339	4640	workspace/agents/route_clustering_switch_agent/docs/macro_route_charts/validation.svg
739AF389D4B01EB5AB7B8148CF3235B3A27D4C73E6BF0E093274376F7F978ABF	839	workspace/agents/route_clustering_switch_agent/fast_kaggriculture/__init__.py
B272D7C972D8CFED6FC37108C6320605CE6C2728E35963BE64F5678F03B4E89D	2838	workspace/agents/route_clustering_switch_agent/fast_kaggriculture/benchmarks/benchmark.py
8BDAE4642099AE3F9F78B7727803EBCAEE6FB7C5A880E18687587B2F54773727	1056	workspace/agents/route_clustering_switch_agent/fast_kaggriculture/CMakeLists.txt
24B794B05F801711514F3E626F1C62A0AC56C5A1E76BBD82B60BB2F2A49C4F9C	658	workspace/agents/route_clustering_switch_agent/fast_kaggriculture/LICENSE
F0425D226DDBB96B06E1EC86253F4521F982A3313719057EFC602882455E85B5	932	workspace/agents/route_clustering_switch_agent/fast_kaggriculture/python/fast_kaggriculture/__init__.py
591062C90EEDB6412733B51FC6E087DFE4DF1FFD38ACAA48BF4525C342660C8D	1891	workspace/agents/route_clustering_switch_agent/fast_kaggriculture/README.md
948F20B950367F8610E2E27E24DE4DACCD86970E264D26B2FAB04E97B1B57AC6	2646	workspace/agents/route_clustering_switch_agent/fast_kaggriculture/RULE_AUDIT.md
A2CCDA71636B5DC5D08B4F5E9699F21C8038BB113D0760CD3B0EC4BF5E6B7EC0	962	workspace/agents/route_clustering_switch_agent/fast_kaggriculture/setup.py
FB312F253DC8782154D2B2CC93797AE1ADA349AD66174A5BE3144035CD3FE462	25971	workspace/agents/route_clustering_switch_agent/fast_kaggriculture/src/adaptive_candidates.cpp
A12F4362EE590B48A665BB160EC1D96CD35BE3BD96A7E9D462AFDC841B6C9F19	4276	workspace/agents/route_clustering_switch_agent/fast_kaggriculture/src/adaptive_candidates.hpp
EAFE0E54E096802404BC7F25089D4C2EEA92E93F36EB52C8A885FA687AF510F6	74792	workspace/agents/route_clustering_switch_agent/fast_kaggriculture/src/bindings.cpp
33F57028F1E93205B242E77B8976F9A42374BB2A5326B28D98284B98115D3F0C	5459	workspace/agents/route_clustering_switch_agent/fast_kaggriculture/src/macro_distance.cpp
B27AC26E57F4A7E578D8FDCACE71D4E128B3EE82A57DC96EFDCF8B74EE81106E	303226	workspace/agents/route_clustering_switch_agent/fast_kaggriculture/src/native_adaptive.cpp
485CB7D78F94B84F97119941BC4DDBE94C04B29FAF36EB364AB022B73DE57F70	43954	workspace/agents/route_clustering_switch_agent/fast_kaggriculture/src/native_adaptive.hpp
8D7A0B3B6FDDD11E6CD8926576F12A1D14F46941A5E8E6571AC3D0E5C9A1BAAB	43946	workspace/agents/route_clustering_switch_agent/fast_kaggriculture/src/native_teammate.cpp
82C79E4B5B595DC9AB8124C61A8FC897F33320974543DE5DEF83F0E685141BAE	3886	workspace/agents/route_clustering_switch_agent/fast_kaggriculture/src/native_teammate.hpp
C0866AA6796D6349D213002ADEC95C0252520C95BA90B792A24D37EE12992901	16599	workspace/agents/route_clustering_switch_agent/fast_kaggriculture/src/simulator.cpp
E35BA1DAF19A6AC3887D5AE66D4732B5CD1BAC2BC4790964D1297E9A9BBE7382	5026	workspace/agents/route_clustering_switch_agent/fast_kaggriculture/src/simulator.hpp
93A41468FFD3B5371A327577A9766432367F1393F339C4CBC76278E3015D6A32	7850	workspace/agents/route_clustering_switch_agent/fast_kaggriculture/tests/test_adaptive_candidates.py
16FDCF15438D939017B54AE9789AB226FCDC98F9FC633A9738E135BD1C798C15	8425	workspace/agents/route_clustering_switch_agent/fast_kaggriculture/tests/test_differential.py
3D4E25E083CE71AD5A03F46A2B568E9D814F533CB00ED5ADF83A1B6739DD03B5	519	workspace/agents/route_clustering_switch_agent/fast_kaggriculture/tests/test_rng.py
E65760180DD976E48243F614C684B08B7A43A8ADDCFD666DC7A9C31A983289B6	4696	workspace/agents/route_clustering_switch_agent/fast_kaggriculture/tools/intent_distance.cpp
F492DAA926AC2B93DC9027A8BF2D11C05AE7FCF3E0B0841857C1B395B11EA1E8	2448436	workspace/agents/route_clustering_switch_agent/main.py
5E5B234BF29C56B26133F4943A7EC36AF197F817CCC599AFC034011832F8F272	3641	workspace/agents/route_clustering_switch_agent/OMITTED_ARTIFACTS.md
0A3545A4BC29962B41EDD67D54286289EE6EDA8678BBC1D99EAB9A5C8C7DA474	4162	workspace/agents/route_clustering_switch_agent/README.md
80D1CD50350C6E8361363A68DB3A604299B4A4F625C23BC90104A5B252272038	80	workspace/agents/route_clustering_switch_agent/requirements.txt
F72C072C66869A085E34FE27A841C0F370E825589C229EE162F135AF3D1D8810	1561	workspace/agents/route_clustering_switch_agent/runtime/main.py
5C36BA92EFE7AC302FED874E51C1798EEA9496B4DD808993E6C2073C1BDAE4EC	1621	workspace/agents/route_clustering_switch_agent/runtime/MANIFEST.json
8C00F92F0226FD7CD0D5BC950310FE75B51B015B1155A741A524BDC5F815021A	54	workspace/agents/route_clustering_switch_agent/runtime/meta_agent/__init__.py
D79641AA8C4450D4345B4EDD767A7861DAFBFD421385F0D25276A72ED6B7B3A2	72	workspace/agents/route_clustering_switch_agent/runtime/meta_agent/src/__init__.py
18A68A6F1B37F77C7A7789745D823281BDA8ADF1FCE91154C667214A9070CEE1	13507	workspace/agents/route_clustering_switch_agent/runtime/meta_agent/src/route_switch_features.py
7882F9DC88F20ACBAB65A84540EF4663E9E55C7AC5B613242C2CFA5D1CD267DF	7034	workspace/agents/route_clustering_switch_agent/runtime/meta_agent/src/search_route_policy.py
C979DE8021EAF7B38BC9CF69AD392B49F006EACC181B2729F7C0277FC384B0EE	3225	workspace/agents/route_clustering_switch_agent/runtime/meta_agent/src/teammate_expanded_routes.py
C87E389F36163032B03D18652036FF15DA33490209DC1436B651232893974AD5	348	workspace/agents/route_clustering_switch_agent/runtime/opening_nash.json
C4ACC1DB68AC12F2023AA058CE3FF4E69553E00A3B12A355EFDBAEA493243495	1475228	workspace/agents/route_clustering_switch_agent/runtime/route_actions.json.zlib
75B25562D5B9402DB5D1EB4053E0A7B92911FA5A8B6FD4A3B3F08772A9A768D8	93295	workspace/agents/route_clustering_switch_agent/runtime/route_library.json
A908DA0F32FFFE4D6AB0A6DB1620C975EA3D7A8047B0CF07FF48260A7CC44854	5450	workspace/agents/route_clustering_switch_agent/runtime/route_policy.json
71E8689ABF5AFF9161FD5957CDA6BCEA14E755BDC38EC4618702B3B6F0A73F7D	547143	workspace/agents/route_clustering_switch_agent/runtime/teammate_base.py
1F2627F93A393C8D823134DE8C00B0F83A19D9DB351565E4454C7D51CC2A5E76	6021	workspace/agents/route_clustering_switch_agent/scripts/analyze_compact_switch_search.py
FBB1300B9F1D448E60E91112EDE005636E90AF73C45AE9F67A6744D2283716F2	13695	workspace/agents/route_clustering_switch_agent/scripts/analyze_macro_route_library.py
764666376CFB4FBD1C994AC4788BA51EAFB576293F3AF70F554EC7855670255F	10825	workspace/agents/route_clustering_switch_agent/scripts/audit_macro_execution_quality.py
06F178043D96782EF96D66D3CA841E9FE6BE0B40F03EAC52D82D7B953B0D8BD6	1454	workspace/agents/route_clustering_switch_agent/scripts/audit_macro_thresholds.py
B12ECC16EA20858D8F73761B6939FD45FBE1CC859E2D3CBDB9E7BE19519399EA	4709	workspace/agents/route_clustering_switch_agent/scripts/build_complete_core_route_families.py
02D77FC356F28E0F0020F2089F4FE7CB8460F2136DBB22261E01E87D69D811FF	881	workspace/agents/route_clustering_switch_agent/scripts/build_native.sh
2FB472F9E349DC8865120EF823EE21D54106D677E8AFB4FD442A2C9E67012218	3956	workspace/agents/route_clustering_switch_agent/scripts/cluster_intended_macro_routes.py
AF761B53E45409CE38C7786D5DF21CD279F7AAF99448254EE1BBDDBD195C6AEC	5067	workspace/agents/route_clustering_switch_agent/scripts/evaluate_intent_route_round_robin.py
67C1BBEE554AED39A3CFD7EB0026948FED1C55D8DB88723244F1CC117B5B7BC0	6709	workspace/agents/route_clustering_switch_agent/scripts/evaluate_native_route_trees_holdout.py
37B4F327427E9447171B09BA434DDFEABADCD136B2AF42E22077FB15994C56DA	3073	workspace/agents/route_clustering_switch_agent/scripts/export_intent_route_carriers.py
13CB9B26966B2839A46FACFA91BBC82462DC5705D02C5A0150B44957039279EA	8380	workspace/agents/route_clustering_switch_agent/scripts/export_macro_intent_route_specs.py
14EC794C92C7A32C6017D286CBD6FA66E762CB3E13EFB929988DC64CCEF8E0D5	4345	workspace/agents/route_clustering_switch_agent/scripts/export_single_file_submission.py
ECA45A301A889FADE622FAFAFC0C71E52393516F4FADFC962E51472E3923EAD1	5973	workspace/agents/route_clustering_switch_agent/scripts/export_teammate_meta_submission.py
624E8B2A39BFF397DC17E033F3DB34E793BF19CDA85F8BE43C2772F68B097A9A	1795	workspace/agents/route_clustering_switch_agent/scripts/merge_macro_route_caches.py
E016487EEEC189CFD7BBBC772C681A6DE79534CAB5141C1DF71BC2EA630BC7C5	12477	workspace/agents/route_clustering_switch_agent/scripts/render_macro_route_method_charts.py
1782F86722F452743A75926C0EBEBA8D5781685F3A87918B7FF052BF73C5527B	4664	workspace/agents/route_clustering_switch_agent/scripts/run_native_intent_round_robin.py
ADE0303FE087F6562F7286EECE05338495EBF2CE4E6FF4C5C598E23C35B0E3B3	4665	workspace/agents/route_clustering_switch_agent/scripts/run_native_intent_switch_search.py
5AFA2349EDF0AF0453506FD49CE7AA93E4FFEF3231491BF09227FEBE4B510542	8455	workspace/agents/route_clustering_switch_agent/scripts/run_pipeline.sh
1389F907F99D6D1DCCE6E8B5E8991C333CEE4BB81864BF4941502FBF93E3AA12	8608	workspace/agents/route_clustering_switch_agent/scripts/search_native_route_tree_sequences.py
55071735BEFEB4002F9C37B44B5EE2CC40465F1C56B0838560667FBFC123C7C2	3439	workspace/agents/route_clustering_switch_agent/scripts/solve_route_nash.py
E55FCC567F2EAAA51F5151E8C4CCA7FFF0B7B78B14ECDCF5944E517AE76375CB	21556	workspace/agents/route_clustering_switch_agent/scripts/train_robust_search_route_trees.py
E9E89E281881B73F9077F850EBA49B8E80BA9E106EEAA1BA46C1746ABF7E78A6	1036	workspace/agents/route_clustering_switch_agent/SOURCE_PROVENANCE.md
8C00F92F0226FD7CD0D5BC950310FE75B51B015B1155A741A524BDC5F815021A	54	workspace/agents/route_clustering_switch_agent/src/meta_agent/__init__.py
D79641AA8C4450D4345B4EDD767A7861DAFBFD421385F0D25276A72ED6B7B3A2	72	workspace/agents/route_clustering_switch_agent/src/meta_agent/src/__init__.py
23B44341D5C98E4930B07559919FD7103088EA198F0030462F8CEC10CD242F73	12618	workspace/agents/route_clustering_switch_agent/src/meta_agent/src/fingerprints.py
65E73C3B2BDCB981AD1D20DCDF959D376403F5FE731E7E920A304F34C21EC8A9	5629	workspace/agents/route_clustering_switch_agent/src/meta_agent/src/native_teammate_executor.py
18A68A6F1B37F77C7A7789745D823281BDA8ADF1FCE91154C667214A9070CEE1	13507	workspace/agents/route_clustering_switch_agent/src/meta_agent/src/route_switch_features.py
A621C5379CE6335E71C3822A81CC896B15789B4478EC9AD617B2EF2587996FD8	6155	workspace/agents/route_clustering_switch_agent/src/meta_agent/src/search_route_policy.py
C979DE8021EAF7B38BC9CF69AD392B49F006EACC181B2729F7C0277FC384B0EE	3225	workspace/agents/route_clustering_switch_agent/src/meta_agent/src/teammate_expanded_routes.py
6290CA6AD5AAF59856EC6D9C0EC1901D6E9963D6612EA387AAE69785F1F4DE9D	1495	workspace/agents/route_clustering_switch_agent/tests/test_search_route_policy.py
C42A2F25A93136208B8E6CC5D04925DE7076EBD4A9C9549FFF076BFA94504E01	1501170	workspace/experiments/ecobot_adaptive_planner_v1/artifacts/oracle/rank1_latest_55714246_ep99954642_route_actions.json.zlib
D5E001B7CBA68D202828C5DF3D9910EA54FF7C38F20E02D897FC790FAC721BF9	95476	workspace/experiments/ecobot_adaptive_planner_v1/artifacts/oracle/rank1_latest_55714246_ep99954642_route_library.json
18D61CE860B17A7C510A9228A385964765357FB6599F10A5289AFA727BDA9694	4184	workspace/experiments/ecobot_adaptive_planner_v1/configs/w5_autonomous_capacity_r6_challenger_v1.json
7AC35655734A2D87F32B15F1401AEACA0A42836B40AAA1D3936AAC92007094C0	61179	workspace/experiments/ecobot_adaptive_planner_v1/receipts/w10_candidate8_rolling_clairvoyant_g001_seed2842001_n8x2_v1.json
73460E89B7A59F64D06D19E48EB664C1124034B646D7944645C73D437787D73E	61285	workspace/experiments/ecobot_adaptive_planner_v1/receipts/w10_candidate8_rolling_clairvoyant_passive_seed2841001_n8x2_v1.json
0344BB2B016982D4C32085A66BC0D08C2D1D0DA0942D22A3E022975539435D9C	61994	workspace/experiments/ecobot_adaptive_planner_v1/receipts/w10_candidate8_rolling_oracle_passive_dense_seed2841001_n8x2_future32_v1.json
EDB7C88F29FC6304C6384866837CD3D412E2C3B9D7509225C3AB22477037612D	6301	workspace/experiments/ecobot_adaptive_planner_v1/receipts/w10_candidate8_rolling_oracle_probe32_v1.json
2149510FD96088E12524AF1AD857407E37DF31335E7B8E8FB4EC585CE2C28346	7720	workspace/experiments/ecobot_adaptive_planner_v1/receipts/w9_candidate8_behavior_effects_passive_v2.json
8098EF8438A1E02E5E5B8BA1FAB9EEB7976705403D1052BEC0C9ED9EEEB73BEA	3695	workspace/experiments/ecobot_adaptive_planner_v1/receipts/w9_candidate8_final_acceptance_index_v1.json
9CEB3319FD4A20B180A1A9B69BDCA62E45DBC74DC9DC801C093DB0C3E0DD7F01	9471	workspace/experiments/ecobot_adaptive_planner_v1/receipts/w9_candidate8_final_r6_passive_seed2810001_n128x2_v1.json
26CDEC4F5A43F307325C69A2905F9CD4E79F827FCEAA4882271854B6A89FD66D	9526	workspace/experiments/ecobot_adaptive_planner_v1/receipts/w9_candidate8_final_r6_passive_seed2830001_n512x2_speed_v1.json
2B8AE97169942BC4CCC57F5BD53F1B49C270AED2DE71F0A37CA7897F5013561D	13863	workspace/experiments/ecobot_adaptive_planner_v1/receipts/w9_candidate8_multifuture_g001_prefix2824001_n4x2_future16_day9_final_v3.json
59316DD3A515C691EED236ABF9A3FD4E9750FB95F3FD5B60F6B65CDEAE7018DB	8515	workspace/experiments/ecobot_adaptive_planner_v1/receipts/w9_candidate8_multifuture_g017_prefix2825001_n2x2_future8_day9_v1.json
C42AA9D8EFA16713E5F5A3AD65B07030EC5CAD607FFE0DF4A80BDC9EBD5B5867	8514	workspace/experiments/ecobot_adaptive_planner_v1/receipts/w9_candidate8_multifuture_g231_prefix2825001_n2x2_future8_day9_v1.json
E0CA44931043A248C58298C947A84E8C4C8307C9C1EB1DF77FDC74CB9B1970A5	28787	workspace/experiments/ecobot_adaptive_planner_v1/receipts/w9_candidate8_multifuture_passive_prefix2820001_n8x2_future32_day9_final_v2.json
EC4C148D3248CAF9CE921056A63A7324FC5CA45042ED0919AA72DF9012834F41	1252	workspace/experiments/ecobot_adaptive_planner_v1/receipts/w9_candidate8_online_budget_v1.json
6D410909D268BD95D11C9323B6971E1DE23E1ED5277FF2994EE8F2826304E488	2012	workspace/experiments/ecobot_adaptive_planner_v1/receipts/w9_candidate8_ordered_financing_g001_v1.json
095504851BCB6F540B0DE026135FB790385C5E32AE9108D9B9CE2E4C44DB3952	4108	workspace/experiments/ecobot_adaptive_planner_v1/receipts/w9_candidate8_ranker_multifuture_passive_prefix2820001_n8x2_future32_safe_v1.json
5BE3074DD920078AF76650DA926222274EE1D82240DD63A6746E007267E64655	5156	workspace/experiments/ecobot_adaptive_planner_v1/receipts/w9_candidate8_soft_quota_calibration_multifuture_v2.json
B8CA38020D4EFBACAF04DF75FC07DC2BBDE435E6DF85F5532F27B900268246DD	5279	workspace/experiments/ecobot_adaptive_planner_v1/reports/W10_CANDIDATE8_ROLLING_ORACLE_CEILING_ACCEPTANCE_20260829_ZH.md
0FEDCE9DE9A6435F201FBFF0D0E4A794ACC084D7023B1746BB945939184BCC87	10237	workspace/experiments/ecobot_adaptive_planner_v1/reports/W8_RANK1_THREE_VERSION_CANDIDATE_CAPABILITY_EVOLUTION_20260829_ZH.md
EABDCCD7010D7E7477E14F31ED1C580D923C3492C2B474478FA20DCCCFB05B52	4186	workspace/experiments/ecobot_adaptive_planner_v1/reports/W9_RANK1_CANDIDATE8_FINAL_ACCEPTANCE_20260829_ZH.md
16BC1BB1EF141111A47DA2B84B7B7BDF358383EDCB9B86DCC30148358A20DAA0	4563	workspace/experiments/ecobot_adaptive_planner_v1/reports/W9A_CANDIDATE8_SEMANTICS_IMPLEMENTATION_ACCEPTANCE_20260829_ZH.md
568327244DC5F6411B5C6AE7AF80CDB31BA87962E38313447DAF4210BFE55C9C	3166	workspace/experiments/ecobot_adaptive_planner_v1/reports/W9B_CANDIDATE8_EXECUTOR_SAFETY_ACCEPTANCE_20260829_ZH.md
B708DE89704B56DE989D4F70279959BCCAD9DFABD8CCFBBF3EE3FB7312858E0C	5102	workspace/experiments/ecobot_adaptive_planner_v1/reports/W9C_CANDIDATE8_COUNTERFACTUAL_SELECTION_ACCEPTANCE_20260829_ZH.md
BE2C2A92EC5EC8293CEAB17B5AA9146322062ED0F56EC906E16D3C3C336FE5A2	6913	workspace/experiments/ecobot_adaptive_planner_v1/tools/audit_candidate8_behavior_effects.py
78E4920603B29629CAF40CAFB7824CF75A3D3175669CC5FEF1D6FC3FC8B6DA7C	15596	workspace/experiments/ecobot_adaptive_planner_v1/tools/audit_candidate8_multifuture_oracle.py
0067BE7D135A45EEF82088033BC9ED20F8F8C1A68CACA85483AEFE12B9B37E82	16429	workspace/experiments/ecobot_adaptive_planner_v1/tools/audit_candidate8_oracle_recall.py
A6679103CC33B691460370B0935108140B5752B25194A68D3900F0044B1487A0	5897	workspace/experiments/ecobot_adaptive_planner_v1/tools/audit_candidate8_ordered_financing.py
0638DFD06417F9CC5836016D8359B68FF74DC876BE7D2A0230ADF8BFB783CCB9	11891	workspace/experiments/ecobot_adaptive_planner_v1/tools/audit_candidate8_rolling_oracle.py
008532139189CFE1A5309697B4D0F426A4B978D326FD3E1C893A5B071E1C5599	5583	workspace/experiments/ecobot_adaptive_planner_v1/tools/benchmark_candidate8_online_budget.py
A38BFAD03D291C56C24AB9C424ED11F985BB6AA10A0AF263935ADF7C6D825A81	7431	workspace/experiments/ecobot_adaptive_planner_v1/tools/calibrate_candidate8_soft_quotas.py
C2FEAD6F88F0E89ECFB3C45F5CF0022F1098FF72FB43C534C803031CB0515B1B	12452	workspace/experiments/ecobot_adaptive_planner_v1/tools/train_candidate8_shortlist_ranker.py
