sha256	size_bytes	path
0ba37d2d0cde1f5460a3e44586ebc8b696739d9c8a0bdaf336db487f0b4cd1cb	44	.gitattributes
0ea62acde28318c75a5ede43d67c58f3adc34f065d5838594fcb1b15297dcd99	553	.gitignore
e831d209d7fdd7397eae90fdd74020bb8abf22b67bbb775e70ba099fd49eead6	5284	docs/ALL_EXACT_JAX_ROUND_ROBIN_100_GAMES_20260820_ZH.md
90edcbe717eb6e408a4e8cf93d2fb720dec1eabcbe211b95086cbe78365079ba	3185	docs/FC0_BASELINE_AND_ACCEPTANCE_20260821_ZH.md
56ce8bcb7cf3aa5c77f4862f6dbdbaf019aac1315a3ff55e2ee7b0df31930fe0	7508	docs/FC1_K320_RANK14_DIAGNOSIS_AND_FC1B_SCREEN_20260821_ZH.md
70c48dbdbd33d7d1b6cee91827b959dcd1be4f7e05995cab71014cf978aaf24c	2662	docs/FC2_K320_ANTI_MIRROR_HETEROGENEOUS_REGRESSION_20260821_ZH.md
684c65e03d221c5ec4f2d101a135c861a8c936443c2146f43b6ce44d98e558d8	3317	docs/FC2A_PUBLIC_STALL_ROOT_CAUSE_20260821_ZH.md
105d3d4ee4f98d308e2cd76bb4aac66b66bafd760294e5f8f5cccdd494c0bd5b	4019	docs/FC2A_SHADOW_PRT_FIX_TECHNICAL_NOTE_20260821_ZH.md
410567de5c275ca152c1bc9984fdce1c9dd3d354fdd15d157ffc3aa12c723d37	6636	docs/FUSION_DEVELOPMENT_STATUS_20260821_ZH.md
3cf9b80d275afb6fa4062fb6c9ba0b30c46aae341f2a1937a912c13c5dfe2892	3795	docs/LATEST_PUBLIC8_JAX_MIGRATION_ACCEPTANCE_20260820_ZH.md
95b97097cc47f65e1582323edb3734d8f436b5534cfeba0636ddc33d1fbc3d89	4465	README.md
515e9c7c9cbbdf6b0d92fc5b40d7e5e6d9aefd29af470b61511ac236e54b571e	40783	workspace/experiments/expert_business_agent_v2/artifacts/all_exact_jax_round_robin_pair_results_v1.csv
4548c3cdc5dc57f00882063332620945691b25bdbccf5b060f676e63fe40e41c	4311	workspace/experiments/expert_business_agent_v2/artifacts/all_exact_jax_round_robin_ranking_v1.csv
7b4c2664c74915e05b63293e91dea95d7722a1715f6f0f686e0e61594e37d5ff	128405	workspace/experiments/expert_business_agent_v2/artifacts/all_exact_round_robin_events_seed530001_n50_v1.npz
7b4c2664c74915e05b63293e91dea95d7722a1715f6f0f686e0e61594e37d5ff	128405	workspace/experiments/expert_business_agent_v2/artifacts/all_exact_rr_events_s8_0_v1.npz
7b4c2664c74915e05b63293e91dea95d7722a1715f6f0f686e0e61594e37d5ff	128405	workspace/experiments/expert_business_agent_v2/artifacts/all_exact_rr_events_s8_1_v1.npz
7b4c2664c74915e05b63293e91dea95d7722a1715f6f0f686e0e61594e37d5ff	128405	workspace/experiments/expert_business_agent_v2/artifacts/all_exact_rr_events_s8_2_v1.npz
7b4c2664c74915e05b63293e91dea95d7722a1715f6f0f686e0e61594e37d5ff	128405	workspace/experiments/expert_business_agent_v2/artifacts/all_exact_rr_events_s8_3_v1.npz
7b4c2664c74915e05b63293e91dea95d7722a1715f6f0f686e0e61594e37d5ff	128405	workspace/experiments/expert_business_agent_v2/artifacts/all_exact_rr_events_s8_4_v1.npz
7b4c2664c74915e05b63293e91dea95d7722a1715f6f0f686e0e61594e37d5ff	128405	workspace/experiments/expert_business_agent_v2/artifacts/all_exact_rr_events_s8_5_v1.npz
7b4c2664c74915e05b63293e91dea95d7722a1715f6f0f686e0e61594e37d5ff	128405	workspace/experiments/expert_business_agent_v2/artifacts/all_exact_rr_events_s8_6_v1.npz
7b4c2664c74915e05b63293e91dea95d7722a1715f6f0f686e0e61594e37d5ff	128405	workspace/experiments/expert_business_agent_v2/artifacts/all_exact_rr_events_s8_7_v1.npz
e02a56819d37c0a314b0fa77f9ebe558f1f8a416f283d496e6b87c0165b85af2	460231	workspace/experiments/expert_business_agent_v2/artifacts/jax_full37_mixed_exact_proxy_bank_v1.npz
f0515ca9e59b3d899b89aa12ad9aacc6acdd2d7b9be85ef58eb4d48f7b9b4c20	82984	workspace/experiments/expert_business_agent_v2/artifacts/latest_public8_route_bank_v1.npz
4e2264239ed79f7fb7bc338b828e8ed0cad6c8445b1742186f98fc91b1429e4b	54326	workspace/experiments/expert_business_agent_v2/artifacts/latest_public8_runtime_tables_v1.npz
f4a0e02c4333b69416c949398eea9c99e82b4456f6b00cf05987eabbb102bb02	183819	workspace/experiments/expert_business_agent_v2/receipts/all_exact_jax_round_robin_n28_seed530001_n50x2_v1.json
b6607acff0bab9b135855980e7097b207c40ee2156c12741c6cf2941234792f2	57729	workspace/experiments/expert_business_agent_v2/receipts/all_exact_rr_s8_0_v1.json
65fff3a33896db4753249a88e91a43be32e427dc04f6abc8dc78bce7e6fd5983	54711	workspace/experiments/expert_business_agent_v2/receipts/all_exact_rr_s8_1_v1.json
7bb86cc096a2ac4a8067baf95bb58fca99477bb5b501d389f153df585e8bf7e7	52228	workspace/experiments/expert_business_agent_v2/receipts/all_exact_rr_s8_2_v1.json
d6d0bc442598cb08d92864e871a7b817e0b564f7066338173f4ae487ff276fbd	49930	workspace/experiments/expert_business_agent_v2/receipts/all_exact_rr_s8_3_v1.json
23b4448a5dc8332f60e4a42af1ad7b83b1a88573445e31513656c5bd5bcf1545	46691	workspace/experiments/expert_business_agent_v2/receipts/all_exact_rr_s8_4_v1.json
d75ed0f014c90eb29970547fdc146db8c796e7216b50f976a10b02ae3bf6e4ad	51287	workspace/experiments/expert_business_agent_v2/receipts/all_exact_rr_s8_5_v1.json
2650cfe3dbad05ff10599146f216cd95f3ab2115b2750137580e164702cc5c1f	51407	workspace/experiments/expert_business_agent_v2/receipts/all_exact_rr_s8_6_v1.json
584aeeb0bb3a4af4e9fe5dc1f0ded8d93522e14fa7716e9a30c0997508fb04f8	51557	workspace/experiments/expert_business_agent_v2/receipts/all_exact_rr_s8_7_v1.json
ac173fcfa4d8c16a12ed6cd6d59a463825e49036d00ca427386fbc18df16043e	4494	workspace/experiments/expert_business_agent_v2/receipts/high_potential_exact5_historical_regression_after_latest8_v1.json
618c90c47588b89a11a9f582cacf6e60f1334f27c87d345c2302bb8cdd284658	20614450	workspace/experiments/expert_business_agent_v2/receipts/jax_full37_mixed_exact_proxy_bank_v1.json
2d0b7aaefd701d205a07309536db5801f64761a3363e50b80dccd18aeb19d680	28100	workspace/experiments/expert_business_agent_v2/receipts/latest_public8_jax_acceptance_v1.json
4b50283324867ac18f8e3bc7dccf605fc561927af1605effced3d39e8ae32f26	18049	workspace/experiments/expert_business_agent_v2/receipts/package_self_contained_smoke_seed570001_n1x2_v1.json
08fd5fd692b216a2326d40e32470fd4371d0ca028b0f121484cf946d6fb71448	3527	workspace/experiments/expert_business_agent_v2/receipts/weak6_jax_stepwise_parity_v3.json
e831d209d7fdd7397eae90fdd74020bb8abf22b67bbb775e70ba099fd49eead6	5284	workspace/experiments/expert_business_agent_v2/reports/ALL_EXACT_JAX_ROUND_ROBIN_100_GAMES_20260820_ZH.md
3cf9b80d275afb6fa4062fb6c9ba0b30c46aae341f2a1937a912c13c5dfe2892	3795	workspace/experiments/expert_business_agent_v2/reports/LATEST_PUBLIC8_JAX_MIGRATION_ACCEPTANCE_20260820_ZH.md
c8def9be90bdd236873076791370dd61e55fde94afd1593dff09f66820b6036f	4168	workspace/experiments/expert_business_agent_v2/reports/LATEST_PUBLIC8_SOURCE_FREEZE_20260820_ZH.md
2bccf45292532d1366a2addf765376299e72dca712c4c52644d41e5ce76e0254	3716	workspace/experiments/expert_business_agent_v2/reports/PACKAGE_SELF_CONTAINED_SMOKE_SEED570001_N1X2_V1.md
79d94f41461bbea284e4641dfc93643e83e406da4459aeca2f633fd0abf7b142	16834	workspace/experiments/expert_business_agent_v2/tools/merge_all_exact_jax_round_robin_shards.py
5d4678f99ae4ea139366c3b15191bb24631842aaee351de39507dd2e3504ddb1	23761	workspace/experiments/expert_business_agent_v2/tools/run_all_exact_jax_round_robin_batched.py
b231f1fdfb49da0dbdcb62b943a0473cc72a63e919600be4bb5fd3fd63cca0e9	51732	workspace/experiments/expert_business_agent_v2/tools/run_all_exact_jax_round_robin.py
0a41e4407acf42e56b7515de82e7863d35b2c1adf371cb1250eee97a2f0c0597	8052	workspace/experiments/fusion_champion_v1/artifacts/fc1o_prt_suffix_selector_v1.joblib
b7d512bf2e78e46ca651cb6bdc39e1bfaaf4faf7764f7cef235e0f51bc3c25a2	6611	workspace/experiments/fusion_champion_v1/artifacts/fc1r_prt_suffix_selector_step288_v1.joblib
2506f2ef7c144775b7dd9497b4c8ee92def61726d1f3ed1b1c8f0a56f5b6820d	6153	workspace/experiments/fusion_champion_v1/artifacts/fc2r_k320_rank12_route_rescue_tree_step120_v1.joblib
20f53434df5bcbf0a35d722cdfbb11a597df4f9e227db087b4de5cd9445878f3	37620	workspace/experiments/fusion_champion_v1/artifacts/fc2v_k320_rank12_route_margin_lgbm_step120_v1.joblib
516628b06c930215efeb8f09969cc65109253dd2bb7e566f3a24dfa948fc162f	6129	workspace/experiments/fusion_champion_v1/artifacts/fc3f_k320_prt_route_rescue_tree_step120_v1.joblib
505722baa1ea005714907f941b6269c764f7563d96602a1fc3e06e63f7732467	37711	workspace/experiments/fusion_champion_v1/artifacts/fc3g_k320_prt_route_margin_lgbm_step120_v1.joblib
8992de834de34dfb57bea128127ac6bc0d13cb6974318887a492cacec667bf00	59631	workspace/experiments/fusion_champion_v1/artifacts/fc4c_k320_rank12_route_margin_lgbm_step120_n1024_v1.joblib
de1f632e025860a4938fff2c7ac1c3f449d6ab8516000820f5a296725d5fec49	88227	workspace/experiments/fusion_champion_v1/artifacts/fc4d_k320_rank12_route_score_delta_lgbm_step120_n1024_v1.joblib
ca5a37289571080a05c69abd36a9015657fdc395f46e07e3d0d2347d10bc49cb	635	workspace/experiments/fusion_champion_v1/configs/CURRENT_BEST_RULE_CONFIG.json
6b8ba3b6ab8639ed39a91830707eff949c4d20497cecdffb8733d5e1a8b923db	1983	workspace/experiments/fusion_champion_v1/configs/fc2_k320_anti_mirror_best_so_far_v1.json
4e422cabcc60a9f376a7b991bb3b8d2443d3b43c46fb5a246576c7cf3e21e49e	3251	workspace/experiments/fusion_champion_v1/configs/fc2_k320_anti_mirror_best_so_far_v2.json
3ab87b0a4e4bb1327b69f82d76f0b1266afbcc8b771bbde95a1f1c1974dbd014	1902	workspace/experiments/fusion_champion_v1/README.md
e229a7d094c44d6415b9e88e69acba804103c97699a451005254fe7501adb9bd	2307	workspace/experiments/fusion_champion_v1/receipts/_smoke_fc1d_terminal_v1.json
e9c0dfec5e943fc70244b75e371ed3a358e75920fa3badb16af8f90f3e406993	2023	workspace/experiments/fusion_champion_v1/receipts/_smoke_frozen_x562_v2.json
340c8a302d03c4c66471090dce6175b9474eb30e521a4b4fc29863fee6f4f6a7	4077	workspace/experiments/fusion_champion_v1/receipts/_smoke_old_suffix_v1.json
66a6295ee20c03a2d28221201826fccdf96254433d9242cbe8309619d2932c17	948059	workspace/experiments/fusion_champion_v1/receipts/fc1_pair_trajectory_seed540001_n64x2_v1.json
983fa24dad730bde19bf5529fcb301b652c62f4aa32926e59cf2fc3ce7296476	1221	workspace/experiments/fusion_champion_v1/receipts/fc1a_rank14_seed540101_n64x2_v1.json
52e3a9df71e0f48eb09a0c7d3eff59e84a6b2417238471eaadfd5202bb22f520	1239	workspace/experiments/fusion_champion_v1/receipts/fc1a_rank14_seed540101_n64x2_v2.json
edd92585437e0a22c4b3037fa205bb5fa750b1c6013a3f8029cbd31d19556a5e	6421	workspace/experiments/fusion_champion_v1/receipts/fc1b_critical15_seed540201_n16x2_v1.json
3daf4349ac1de408ef9987abb6318880666968958ff14524230439087facb873	1244	workspace/experiments/fusion_champion_v1/receipts/fc1b_rank14_seed540101_n64x2_v1.json
88d92fbee39c900b3e11d205cf473b2625ef4128729a1ca710d97b8fa030737d	3157	workspace/experiments/fusion_champion_v1/receipts/fc1b_trigger6_seed540301_n64x2_v1.json
7555b1f5c964f248ce0dd1ab90e6b2a13c3552697c3f61170f991273076d325e	26876	workspace/experiments/fusion_champion_v1/receipts/fc1c_branch_kaito_v36_vs_rank14_seed540301_n64x2_v1.json
163dd7c806cf63c2dd2dec635104459dd56feddfa320e9e3da66b66e4a778fd7	26865	workspace/experiments/fusion_champion_v1/receipts/fc1c_branch_x562_vs_rank14_seed540301_n64x2_v1.json
b86d40d386e2afc1f19b37dd035b8e2464ae8543797387f7708d587a7c14373d	27014	workspace/experiments/fusion_champion_v1/receipts/fc1c_kaito_x562_vs_rank14_seed540301_n64x2_v2.json
5191ebb06fa6a136390b99f6c56e5a2f7b9d7624753be92da05908a655fa055d	137009	workspace/experiments/fusion_champion_v1/receipts/fc1c_x562_compatible10_vs_rank14_seed540301_n64x2_v1.json
b609e6691ab5d8a2b64c685f8afaa4afc200b4cd247cca46fc291835a7e47275	137000	workspace/experiments/fusion_champion_v1/receipts/fc1c_x562_compatible10_vs_rank14_seed540401_n64x2_holdout_v1.json
220a9bae759ee3f34dfbb21064b386d3b64825d06466813139c8af9ca5156e25	109405	workspace/experiments/fusion_champion_v1/receipts/fc1c_x562_layer_ablation_vs_rank14_seed540301_n64x2_v1.json
cfa4d72da653e4f88dc7c0f0be607497b6634efc33ef981a51701a8dbad0119a	163263	workspace/experiments/fusion_champion_v1/receipts/fc1c_x562_route_rules_vs_rank14_seed540301_n64x2_v1.json
cfb7791ff3f54745c7782c07fa99433abf4e8613134022a50a083102cda4e0b6	163275	workspace/experiments/fusion_champion_v1/receipts/fc1c_x562_route_rules_vs_rank14_seed540401_n64x2_holdout_v1.json
3f2cac75e1f3f27f3eec8a65f906d706f3d5295bbbdfacfa087ab1db5b01e766	27125	workspace/experiments/fusion_champion_v1/receipts/fc1d_terminal_audit_vs_rank14_seed540401_n64x2_v1.json
a3e4e453953a78e9a4fe4f79b46998967494a4841af592f90e22e34c5816105e	95594	workspace/experiments/fusion_champion_v1/receipts/fc1d_x562_preempt_params_vs_rank14_seed540301_n64x2_shard_a_v1.json
b2ff2b8e6f0b9daf7ef94401ece404a1fdb813c0394eff10fc96e27a91ccf629	95609	workspace/experiments/fusion_champion_v1/receipts/fc1d_x562_preempt_params_vs_rank14_seed540301_n64x2_shard_b_v1.json
f0bb730835b99daae634af9dd652686b26f11e8c6eb0c2b0ce15a096eb72caca	136300	workspace/experiments/fusion_champion_v1/receipts/fc1e_x562_animal_caps_vs_rank14_seed540301_n64x2_v1.json
573ad23d8f0aed6ff825766b1e896ab5e4a941ff7280a30be1f85e304620fd29	123141	workspace/experiments/fusion_champion_v1/receipts/fc1f_x562_preempt_price_vs_rank14_seed540301_n64x2_v1.json
54bdcf688b23c7150aa7f2e400308649e90a78f0f0862d856a8ae7cec3660bb9	96809	workspace/experiments/fusion_champion_v1/receipts/fc1g_rank14_family_counter_seed540301_n64x2_shard_a_v1.json
d08a5ae9e1828ab0a3623f85c17937626378734ceafdbc4c605cd8c411bde80f	96832	workspace/experiments/fusion_champion_v1/receipts/fc1g_rank14_family_counter_seed540301_n64x2_shard_b_v1.json
c8516328108bb242700fbd525688047f4c55bdf4064b8df1ea36cd0f41b5db8f	29601	workspace/experiments/fusion_champion_v1/receipts/fc1h_rank14_residual_attribution_seed540301_n64x2_v1.json
454e680abec6b779e163d92f526c8c36ad1e0dacf4ea2f5e6ee1a32d49133aad	28212	workspace/experiments/fusion_champion_v1/receipts/fc1h_shop_route_choice_seed540301_n64x2_v1.json
1cb458de67b416c3f2d72a50542013d44d6a662b67af16223ca7d4ac5b702feb	25660	workspace/experiments/fusion_champion_v1/receipts/fc1h_shop_route_choice_seed540401_n64x2_holdout_v1.json
38f1e1dd58b97f5d777e72cdaf2915ea638010c669145ee733b663e904332e77	69457	workspace/experiments/fusion_champion_v1/receipts/fc1i_x562_kaito_switch_seed540301_n64x2_shard_a_v1.json
661851ed1128e43985e89f05809906f131bbc3d80d2f7a72614d6b124b0d2553	69851	workspace/experiments/fusion_champion_v1/receipts/fc1i_x562_kaito_switch_seed540301_n64x2_shard_b_v1.json
ee7db516cbf7d7d83d4d389ee60cfcaf9c288693dac4fa5862c0e227f57838ed	82668	workspace/experiments/fusion_champion_v1/receipts/fc1j_x562_excess_sale_seed540301_n64x2_shard_a_v1.json
cc7713da24f9dd2896382fdc8bec8ff0f9990ee8528aa04133b41b3ce4623daa	82681	workspace/experiments/fusion_champion_v1/receipts/fc1j_x562_excess_sale_seed540301_n64x2_shard_b_v1.json
4a6c627eacc14574424cd759e939982c504d6c2522c377a301a0d2e2bc8346a3	54844	workspace/experiments/fusion_champion_v1/receipts/fc1k_x562_kaito_market_ablation_seed540301_n64x2_v2.json
14de63b2c75ba9281ffc8aa1d60e803475f8b621459e2da209416861a6e7b4c4	54793	workspace/experiments/fusion_champion_v1/receipts/fc1k_x562_kaito_market_ablation_seed540401_n64x2_holdout_v1.json
1de969bf5e88083e5f585f1f2a846a3e82706e37830207d6bfe3abf08f98f43b	63646	workspace/experiments/fusion_champion_v1/receipts/fc1l_old_suffix_routes00_15_seed540301_n16x2_v1.json
b31c84d1a96e539f19e291fb50e9c4de619736e7c89d64a8654ff9630f6afc2f	63644	workspace/experiments/fusion_champion_v1/receipts/fc1l_old_suffix_routes16_31_seed540301_n16x2_v1.json
cc8c60f1fcb8cd08e002eca12e98c140fdb28152878ba75e6302b4a6513dea23	63376	workspace/experiments/fusion_champion_v1/receipts/fc1l_old_suffix_routes32_47_seed540301_n16x2_v1.json
22e5b26d992f70914f7b4d757125777a55bd637257ba07e00cc605679443a237	63444	workspace/experiments/fusion_champion_v1/receipts/fc1l_old_suffix_routes48_63_seed540301_n16x2_v1.json
3e660c14c81c84f51777a5c6a8519edd9b3ebf8354035b624b39c2130c2e1702	63177	workspace/experiments/fusion_champion_v1/receipts/fc1l_old_suffix_routes64_79_seed540301_n16x2_v1.json
c734e780a3984cafd2d7e642c1f802e8e23756ff060b2fc2b889238609a479c1	30221	workspace/experiments/fusion_champion_v1/receipts/fc1l_old_suffix_routes80_86_seed540301_n16x2_v1.json
cccf5272fb6522f1781d740561f2a06ccb375bc2be0ab902e5c9e32b30456330	41301	workspace/experiments/fusion_champion_v1/receipts/fc1m_rank19_suffix71_72_seed540301_n64x2_v1.json
c594d89e6aaeacb056db11e062d6ae187b4c280e2f3c1572360dd3214db919ff	41259	workspace/experiments/fusion_champion_v1/receipts/fc1m_rank19_suffix71_72_seed540401_n64x2_holdout_v1.json
f9a60cb4d39b3ffa0af0f53b94c48ffc8445d3ae3046a5d2daf8a797cbbf4bfd	27719	workspace/experiments/fusion_champion_v1/receipts/fc1m_ueddy29_suffix_seed540301_n64x2_v1.json
8cabc5b946b60a894692826419e9ae070cd4dfff51b6232d1a56d0d82da62c52	27698	workspace/experiments/fusion_champion_v1/receipts/fc1m_ueddy29_suffix_seed540401_n64x2_holdout_v1.json
1c4aa0a53e1a0510be34e5bdf8b8df4b743f0909cedcef5524381ca647eb4446	27706	workspace/experiments/fusion_champion_v1/receipts/fc1n_prt81_suffix_seed540301_n64x2_v1.json
f4c9e12b765f53330bf2e173cc60c4538d167c540e6a144c3c951a2eb4f8014e	27706	workspace/experiments/fusion_champion_v1/receipts/fc1n_prt81_suffix_seed540401_n64x2_holdout_v1.json
9c234c029f9a42ae6da4ed53d0e781df0706cb5319ed08211e0937543f5ae9f3	1683166	workspace/experiments/fusion_champion_v1/receipts/fc1n_rank19_suffix72_dataset_seed540301_n64x2_v1.json
b12005f61472c6a5fc8b9fd2034b0f804bceca285c8edaa9b0835759a5dde433	1683147	workspace/experiments/fusion_champion_v1/receipts/fc1n_rank19_suffix72_dataset_seed540401_n64x2_holdout_v1.json
43069542967c06634b2ffc03da6bedb73017040912ccdf1cd5252f52f080deab	22493	workspace/experiments/fusion_champion_v1/receipts/fc1o_prt_suffix_selector_train541001_n256x2_v1.json
0cbdb0b90b498842668873b0386cc2ffd3252dd75bb20931127995b116f8d6ab	27706	workspace/experiments/fusion_champion_v1/receipts/fc1p_prt81_switch216_seed540301_n64x2_v1.json
2f47072a69dc1a005965fb923c48e3d45273abb1cfaa04d914df2e6c3a6ee793	27682	workspace/experiments/fusion_champion_v1/receipts/fc1p_prt81_switch288_seed540301_n64x2_v1.json
9cc8c17aea4019391bde70a918f5c841162debc3845f4b7d5a32193fdcd288d4	27657	workspace/experiments/fusion_champion_v1/receipts/fc1p_prt81_switch288_seed540401_n64x2_holdout_v1.json
09ff2265467d51c625b3d6d7f960275909e10fc0c4c0982b04d55b2e7abee3d2	1675406	workspace/experiments/fusion_champion_v1/receipts/fc1q_prt81_switch288_dataset_seed540301_n64x2_v1.json
39c42b5491d8a0504d9f0d1e9e31b2f7f9b748842a62e56c0f86c03f719d2c22	1675376	workspace/experiments/fusion_champion_v1/receipts/fc1q_prt81_switch288_dataset_seed540401_n64x2_holdout_v1.json
e0c0296a4e0f32c4087927b2289ac50b14ce431c039c947698cac836bd39153b	21434	workspace/experiments/fusion_champion_v1/receipts/fc1r_prt_suffix_selector_step288_train541001_n256x2_v1.json
8a8d59dcf782f6945ea5d790e2ffc49b7d5f9a3a74a97c9b7e1f9839c85cc7dd	27746	workspace/experiments/fusion_champion_v1/receipts/fc1s_prt_suffix_rule_endtoend_seed540301_n64x2_v1.json
f9e1ecd27efeff4d53daaa31ab81c6248c23bc41cdf659206f52bdcf81b1c59b	27707	workspace/experiments/fusion_champion_v1/receipts/fc1s_prt_suffix_rule_endtoend_seed540401_n64x2_holdout_v1.json
e286e6acb33a6a0a621082f0017a047ba95ac5efc6233f454b8385d18561191c	27189	workspace/experiments/fusion_champion_v1/receipts/fc1t_fusion_rank14_seed540301_n64x2_v1.json
9caa0635f0f62804760221776d0e6620600d2dff067c7e58d5dbb45b13410313	27119	workspace/experiments/fusion_champion_v1/receipts/fc1t_fusion_rank14_seed540401_n64x2_holdout_v1.json
b6a0816b262dd3d30706de11794b5263bf6c8d18ed794ac35bb8dcec91788181	368500	workspace/experiments/fusion_champion_v1/receipts/fc1u_fusion_critical14_seed540401_n64x2_v1.json
9e5456b06758e54ab5c4f48bbc3a8a0de4269e2e1c7e9f4539373082e0dd841a	47084	workspace/experiments/fusion_champion_v1/receipts/fc1v_k320_suffix00_21_step288_seed543001_n8x2_v1.json
9035231c15d8b5a9b06c1eb3a3717705a3514855c30eed1b05ef8bbbefbb5043	19001	workspace/experiments/fusion_champion_v1/receipts/fc1v_k320_suffix29_71_72_81_step288_seed543001_n16x2_v1.json
6f02480b3f8d26989b139749213777ff6bff5fb104ea6957c563c3bf3186ff5b	33998	workspace/experiments/fusion_champion_v1/receipts/fc1w_k320_route29_switch_steps_seed543101_n16x2_v1.json
d53c2ee21fc097014427cdd6d9dcc5d308569f045087ea4fc1333a7789ed62da	56445	workspace/experiments/fusion_champion_v1/receipts/fc1x_k320_rank14_routes63_64_switch_steps_seed543201_n8x2_v1.json
15ad18b49dff7bffd25e5cc2de513ca84501e0ef4020de8fc1f70a6aaa64ba36	1693779	workspace/experiments/fusion_champion_v1/receipts/fc1y_rank14_dual_dataset_seed543301_n64x2_v1.json
7a5a6ddb98458f97ae57f73fcf848a77b634abe7d6e003cbc5921a23b864507a	47675	workspace/experiments/fusion_champion_v1/receipts/fc1z_k320_full_routes00_21_seed543501_n8x2_v1.json
c62005f2825b78a61d2d8bce4651f439449d40d9a31d65abfafc96e7f494dcd8	47791	workspace/experiments/fusion_champion_v1/receipts/fc1z_k320_full_routes22_43_seed543501_n8x2_v1.json
58671044e3d79e806f3565038d797bbd41b0ea2373b7a0140906e9914ac68e4f	47872	workspace/experiments/fusion_champion_v1/receipts/fc1z_k320_full_routes44_65_seed543501_n8x2_v1.json
859596fe25294ebcbac75380ecc743556e1e6f5fe359a42c5e894d9de5b56227	47704	workspace/experiments/fusion_champion_v1/receipts/fc1z_k320_full_routes66_86_seed543501_n8x2_v1.json
daac16b4cc2639031d5a223b4e8d49b921638a7a83e7a3e12c5b71da3d5cd1d0	110633	workspace/experiments/fusion_champion_v1/receipts/fc2a_k320_preempt_screen_seed543701_n16x2_v1.json
77db7e16541db317e96c117be813faf39e90edb5804d9ed5dd762ad48399656a	9107	workspace/experiments/fusion_champion_v1/receipts/fc2a_public_replay_stall_audit_20260821_v1.json
bf84b9fd55e28913e4e752020b91c5aa724d1a35324076e88f83128265f714d3	2971	workspace/experiments/fusion_champion_v1/receipts/fc2a_shadow_prt_fix_seed545102_20260821_v1.json
b6b3258303215f50561bc17f22c0aa27ae235e82ada43c560c82ed396bc86e0e	41289	workspace/experiments/fusion_champion_v1/receipts/fc2b_k320_preempt_h3_h4_seed543801_n64x2_v1.json
6934f353d5c227b915c6e6c418ba95baec18402de92743f1ea4e4f5efd2cd0cf	119678	workspace/experiments/fusion_champion_v1/receipts/fc2c_k320_preempt_product_masks_seed543901_n16x2_v1.json
1191f721b3f1a3096484eef7f15f78b7d358934ff17f1e2904c2df22517d306e	134941	workspace/experiments/fusion_champion_v1/receipts/fc2d_k320_preempt_h4_skw_factors_seed544001_n16x2_v1.json
53e177a70ec45cfc6a55c457a5367c6acdd03af19efd540cb73aa50225bed1f0	55070	workspace/experiments/fusion_champion_v1/receipts/fc2e_k320_preempt_caps_seed544101_n64x2_v1.json
c5e61d4834fe9f413e1efc615a134cd1621af69fd483942bcc45d473ea73d1de	43101	workspace/experiments/fusion_champion_v1/receipts/fc2f_k320_preempt_high_caps_seed544301_n32x2_v1.json
98633b4e3dc526115c6273dd26ea5b8ea0f93b04b63d55cddabce4a8c16c4102	27693	workspace/experiments/fusion_champion_v1/receipts/fc2g_k320_preempt_cap32_seed544401_n64x2_holdout_v1.json
71e29234515002f0c5f60f071d930ee65c39794248fac7209cc762232a5b5fb4	395716	workspace/experiments/fusion_champion_v1/receipts/fc2h_k320_preempt_best_critical15_seed544501_n64x2_v1.json
e91287f034480c8aecabb7759535b66a82111ae77443d735f90d8643079aeedc	395461	workspace/experiments/fusion_champion_v1/receipts/fc2i_k320_control_critical15_seed544501_n64x2_v1.json
be07d2f19514a902d9020bc82f9158a10cf3f57f3fb45e51ed2c9aa4de20c651	395271	workspace/experiments/fusion_champion_v1/receipts/fc2j_rank14_plus_anti_mirror_critical15_seed544501_n64x2_v1.json
ea65b994188abf238f637f795e38b104186ef772aef6b184b05126bc6c696084	86491	workspace/experiments/fusion_champion_v1/receipts/fc2l_k320_prt_suffix0_21_step72_seed544501_n16x2_v1.json
5094513900d87384d09951654b4d63c2cddabeda8cc787d8eafe85a66f58d422	86230	workspace/experiments/fusion_champion_v1/receipts/fc2l_k320_prt_suffix22_43_step72_seed544501_n16x2_v1.json
e339b06ed06a2cb8629865005649cbcf28c05c6a330cb707f856b41ba60cb92c	86240	workspace/experiments/fusion_champion_v1/receipts/fc2l_k320_prt_suffix44_65_step72_seed544501_n16x2_v1.json
1eff006609328efbd795507536d844eb17661586c500d0da9f6024e331abd2b0	82333	workspace/experiments/fusion_champion_v1/receipts/fc2l_k320_prt_suffix66_86_step72_seed544501_n16x2_v1.json
034a4d49c29ccc9db3a1195a7fa46b89fb6568ea8c38c83a0a81a73eb08bdeb8	86616	workspace/experiments/fusion_champion_v1/receipts/fc2l_k320_rank12_suffix0_21_step72_seed544501_n16x2_v1.json
52db26160d5ba3bc9e65f00e1ec10cf542de8d987b5bffdcd40a858fa5b6fa85	86222	workspace/experiments/fusion_champion_v1/receipts/fc2l_k320_rank12_suffix22_43_step72_seed544501_n16x2_v1.json
9bd464722398201744d755a519e85cfe17f70b37021a5175972b81d72a3ae1b5	86238	workspace/experiments/fusion_champion_v1/receipts/fc2l_k320_rank12_suffix44_65_step72_seed544501_n16x2_v1.json
440d3c387b787a92c279b6b4f3be5fe5ad72a8b0134e6cfd1775ee9331c571f2	82286	workspace/experiments/fusion_champion_v1/receipts/fc2l_k320_rank12_suffix66_86_step72_seed544501_n16x2_v1.json
dfa550be6b8070102d97fcefbb56ad23a766ccfff6a9014c49b43beb8ad4f6ed	1793239	workspace/experiments/fusion_champion_v1/receipts/fc2m_k320_rank12_selected9_step168_seed544501_n64x2_v1.json
c6c1476f213598966e6c4609b61ec72c44401a83f4ed94b00c530709a0cd7fa3	1793318	workspace/experiments/fusion_champion_v1/receipts/fc2m_k320_rank12_selected9_step168_seed544601_n64x2_holdout_v1.json
ca0b44b8b43bf030fd8a2fdca9275170245aa84dc2f4bd1e9d7879d60c6e59c5	1792019	workspace/experiments/fusion_champion_v1/receipts/fc2m_k320_rank12_selected9_step72_seed544501_n64x2_v1.json
37206ad3fe2a6cadafb01a4cdf6d1dc4c6420ef5be78c03bf99242a882793866	1791983	workspace/experiments/fusion_champion_v1/receipts/fc2m_k320_rank12_selected9_step72_seed544601_n64x2_holdout_v1.json
60e3608da26721fbac8153a08eb2040fd478bf4007ef395b9e97f40ea55dd7e9	78500	workspace/experiments/fusion_champion_v1/receipts/fc2n_k320_rank12_route5_timing144_216_seed544501_n16x2_v1.json
48de3179f18b9672d0d1591818bc762a86ae05a795247472fa153e013b36dd75	60180	workspace/experiments/fusion_champion_v1/receipts/fc2n_k320_rank12_route5_timing240_288_seed544501_n16x2_v1.json
facd6437e1ede427444b28f0316ae9397b42aaddce3eaa1952a56e61993f33ca	78344	workspace/experiments/fusion_champion_v1/receipts/fc2n_k320_rank12_route5_timing48_120_seed544501_n16x2_v1.json
aacdf02f722c9d837e3b6b6a1261a9a59c794cb2ed5eb552acc16dea952785a7	122424	workspace/experiments/fusion_champion_v1/receipts/fc2o_k320_rank12_preempt_distance_seed544501_n32x2_v1.json
65ac960fce06f256fea5672353954cff5fe5e83b3b59134ea8ec369c396254ed	82176	workspace/experiments/fusion_champion_v1/receipts/fc2p_k320_rank12_forced_route_seed544501_n64x2_v1.json
7ee92a280243c0e844f5bfe8a6c7e88d44113cf0e90da59441d2324e67f3cdf3	77705	workspace/experiments/fusion_champion_v1/receipts/fc2q_k320_rank12_route_override_early_seed544501_n16x2_v1.json
7c06753a3267b0523eb5a4bc55572d80bd9272faf6515e9230937cf5cf320e2b	77861	workspace/experiments/fusion_champion_v1/receipts/fc2q_k320_rank12_route_override_late_seed544501_n16x2_v1.json
17dcd7ce7891f4aa3ab7f2fa8d1aef18ed820e8b2bbec93fe19924e2b60d7831	77814	workspace/experiments/fusion_champion_v1/receipts/fc2q_k320_rank12_route_override_mid_seed544501_n16x2_v1.json
4293675f65de7f39c290eeb0479c102e78936399afe45e84d6a2aa9c33812bc3	1738180	workspace/experiments/fusion_champion_v1/receipts/fc2q_k320_rank12_route_override_step120_seed544501_n64x2_train_v1.json
ebad798d0e1cdfdca4a82054ebced29360058b0e8ded36917d7155efc9985da5	1738158	workspace/experiments/fusion_champion_v1/receipts/fc2q_k320_rank12_route_override_step120_seed544601_n64x2_holdout_v1.json
db35b602c0729b7293a3cb6c7a080555f55623c790410dcd927318cae092aca3	1738172	workspace/experiments/fusion_champion_v1/receipts/fc2q_k320_rank12_route_override_step120_seed544701_n64x2_holdout_b_v1.json
ac7ee4571d024ea0f4fe4926c2deb8c22c5f345407643d80ebbe851b65493c04	61145	workspace/experiments/fusion_champion_v1/receipts/fc2r_k320_rank12_route_rescue_tree_step120_v1.json
bb5012432ee6534204aadef1ddd5f8caa0bf5276d76a00a4fa5083e46c86fe4c	95999	workspace/experiments/fusion_champion_v1/receipts/fc2s_k320_rank12_dynamic_route_seed544501_n64x2_train_v1.json
0148bdd884808152d6b409cd350fd876821021d2472902ebbe914c5bed4d8efd	53479	workspace/experiments/fusion_champion_v1/receipts/fc2t_fc2a_rank12_prt_seed544501_n64x2_v1.json
c07a3ebcf4608ec3ce6060d4151f28ddcba2292caa1af5dc07e7637384be4270	98557	workspace/experiments/fusion_champion_v1/receipts/fc2u_k320_rank12_animal_cap_seed544501_n32x2_v1.json
5ccf309ca3a6bbf5ba0dbe91a55e3b5d8a3a2ddede5cb881a8e093c3c96f1ade	46528	workspace/experiments/fusion_champion_v1/receipts/fc2v_k320_rank12_route_margin_lgbm_step120_v1.json
fb6bb57de5d1bc571f990347311817662983fff98ec5c85b6780a9d042f88222	55703	workspace/experiments/fusion_champion_v1/receipts/fc2w_k320_prt_preempt_shortlist_seed544501_n64x2_v1.json
8dee3cdb974c445df2828f2abdc53473a99eaeaa31c26ff773b58e21ed2d948e	55613	workspace/experiments/fusion_champion_v1/receipts/fc2w_k320_prt_preempt_shortlist_seed544601_n64x2_holdout_v1.json
72be743830b12c7357f1f37cfbeadcbd8bf696d526b8a649a364b5068f28ec39	55593	workspace/experiments/fusion_champion_v1/receipts/fc2w_k320_rank12_preempt_shortlist_seed544501_n64x2_v1.json
e2fe692e91ce08576759c2f717432f4c4cd7c40afb7db2903fcb73a93a371770	55561	workspace/experiments/fusion_champion_v1/receipts/fc2w_k320_rank12_preempt_shortlist_seed544601_n64x2_holdout_v1.json
afce84b5d9d7b901e1a73ce6bc252979ede5be83fd0a7bea663e07aa0a4a589e	203232	workspace/experiments/fusion_champion_v1/receipts/fc2x_k320_preempt_broad_critical15_seed544501_n32x2_v1.json
5800a7c45bd906c55574a0b9892d6d7a6dc5d7f2879775c2321fd4bdda2ab439	41164	workspace/experiments/fusion_champion_v1/receipts/fc2y_k320_exact_clone_aware_preempt_short3_seed544501_n32x2_v2.json
9ff327012fadb536c474904ed73962daddd4ccb0f4fb3b5e521fe71a84e518e2	158639	workspace/experiments/fusion_champion_v1/receipts/fc2z_rank14_plus_exact_clone_aware_key6_seed544501_n64x2_v1.json
4e033030b0b819a1316606670a0f9eda7057a5111d5b11b056dc0cd36c3742aa	68341	workspace/experiments/fusion_champion_v1/receipts/fc3a_k320_terminal_priority_rank12_seed544501_n64x2_v1.json
abc82f89b92f01df7724abcfa2d7d5890dc32a014ee7df8a5444ce4b8f7e571b	53597	workspace/experiments/fusion_champion_v1/receipts/fc3b_x562_rank12_prt_seed544501_n64x2_v1.json
27b446d027301fb1050fc2f8fdc5fed90045da1ac5f7c8529d58dcf6eed47208	53518	workspace/experiments/fusion_champion_v1/receipts/fc3c_tetsutani_premium_rank12_prt_seed544501_n64x2_v1.json
28cca598bf08d5a8db9251c7055ebf71874354f3bb0b183bff35079859534cd5	53700	workspace/experiments/fusion_champion_v1/receipts/fc3d_rank14_rank12_prt_seed544501_n64x2_v1.json
9ecaf6159735a303760bf497acf19dc6d60212d2701330d21fc508bf59d61b05	1751864	workspace/experiments/fusion_champion_v1/receipts/fc3e_k320_prt_route_override_step120_seed544501_n64x2_v1.json
0ac00ca143fd9b44f97912a8434f89fec19e179d75b5b46462725b13cb1af214	1751779	workspace/experiments/fusion_champion_v1/receipts/fc3e_k320_prt_route_override_step120_seed544601_n64x2_holdout_v1.json
2455bca82889a55e5dd61f29ac0327985a6378a2ea09fc64c1da89fede7b09a9	1751748	workspace/experiments/fusion_champion_v1/receipts/fc3e_k320_prt_route_override_step120_seed544701_n64x2_holdout_b_v1.json
e36351328cf5559f15055f3f5e5f6ef96d7e111dcf18709372797429835bf439	60905	workspace/experiments/fusion_champion_v1/receipts/fc3f_k320_prt_route_rescue_tree_step120_v1.json
a0122e5d6d877cdc5e28bc2c5d997a44a19747f9d77c0782c76289a1a804064f	46601	workspace/experiments/fusion_champion_v1/receipts/fc3g_k320_prt_route_margin_lgbm_step120_v1.json
60fd015a91cd8deaa5c07c63c7e86494f1ed694cf6b1330cfe2266858d1b4d92	64915	workspace/experiments/fusion_champion_v1/receipts/fc3h_k320_prt_route_override_late_a_seed544501_n24x2_v1.json
a116b529048aea5b585ee6b761af09b033d85089adf209840949fddce4cd8573	1748697	workspace/experiments/fusion_champion_v1/receipts/fc3i_k320_prt_route_override_step216_seed544501_n64x2_v1.json
ddab199d7c9cee4728664377162421f389e36e7170e11a06c23d644171669470	110712	workspace/experiments/fusion_champion_v1/receipts/fc3j_k320_heavy_sheep_counter_prt_seed544501_n64x2_v1.json
ebdf2f6bd6bdd6cb64853d001b5777ec53d21158bb50d2f98d7b7f059e475d9c	63342	workspace/experiments/fusion_champion_v1/receipts/fc3k_k320_animal_substitution_prt_seed544501_n32x2_v1.json
40398aac2faccc335402b2a27c53c6af8e88c1d10e3e393af51ddfe0cab18ebc	64332	workspace/experiments/fusion_champion_v1/receipts/fc3l_k320_weed_diagnostic_rank12_prt_seed544501_n64x2_v1.json
35e81cc620228af8cab90b77c4847ae26fcd1b981a8a9f7a9e8412812516492b	51798	workspace/experiments/fusion_champion_v1/receipts/fc3m_k320_weed_idle_repay_rank12_seed544501_n64x2_v1.json
f3a87c3b7b6d28449f8c8a1d22121b2f3725867bb4dcd6de54ceee5bee20038c	51830	workspace/experiments/fusion_champion_v1/receipts/fc3n_k320_weed_idle_repay_prt_seed544501_n64x2_v1.json
6e42540b8d143a40f0ace218c5ac515c4b745abf3cf3bf1343e90eab5e5306bd	111204	workspace/experiments/fusion_champion_v1/receipts/fc4a_compiled_loop_smoke_seed544501_n4x2_v1.json
1740be8eef08dc39c6a8eee9b82e81ed68c517896946f19f312860befcb1fd9e	111245	workspace/experiments/fusion_champion_v1/receipts/fc4a_multibank_compiled_smoke_seed544501_n2x2banksx2_v1.json
1bcb2e49d63b1e320274c31d58f758ff31783dace6d2ad913e96a69efdcca6c5	47950	workspace/experiments/fusion_champion_v1/receipts/fc4c_k320_rank12_route_margin_lgbm_step120_n1024_v1.json
616f6e6dcbdf428fd7d5652829dd1e5be55ddcda590006f9cce4b51bf4603453	49172	workspace/experiments/fusion_champion_v1/receipts/fc4d_k320_rank12_route_score_delta_lgbm_step120_n1024_v1.json
ff00421007e52f242a41f9415eb8de0751ae3614d802730d5a259d781e439762	6341	workspace/experiments/fusion_champion_v1/receipts/k320_control_critical15_seed540201_n16x2_v1.json
49dbefc668997712ab16a6b2df563853ebc59827308fa863e614747efa340d9b	1182	workspace/experiments/fusion_champion_v1/receipts/k320_control_rank14_seed540101_n64x2_v1.json
d743fb8951ef03161b4792d2a393113ec0b17a7bf067e3c16b9e8f8055258942	3101	workspace/experiments/fusion_champion_v1/receipts/k320_control_trigger6_seed540301_n64x2_v1.json
294282988bfe3d08bd745a47655390ea2756ba5975e429c7bbea2a070cb9f3e2	452585	workspace/experiments/fusion_champion_v1/receipts/x562_rank14_trajectory_seed540301_n64x2_v1.json
90edcbe717eb6e408a4e8cf93d2fb720dec1eabcbe211b95086cbe78365079ba	3185	workspace/experiments/fusion_champion_v1/reports/FC0_BASELINE_AND_ACCEPTANCE_20260821_ZH.md
56ce8bcb7cf3aa5c77f4862f6dbdbaf019aac1315a3ff55e2ee7b0df31930fe0	7508	workspace/experiments/fusion_champion_v1/reports/FC1_K320_RANK14_DIAGNOSIS_AND_FC1B_SCREEN_20260821_ZH.md
70c48dbdbd33d7d1b6cee91827b959dcd1be4f7e05995cab71014cf978aaf24c	2662	workspace/experiments/fusion_champion_v1/reports/FC2_K320_ANTI_MIRROR_HETEROGENEOUS_REGRESSION_20260821_ZH.md
684c65e03d221c5ec4f2d101a135c861a8c936443c2146f43b6ce44d98e558d8	3317	workspace/experiments/fusion_champion_v1/reports/FC2A_PUBLIC_STALL_ROOT_CAUSE_20260821_ZH.md
f3864dc3e3adcad84cc3f1a3e63c7abf696fd094678d0fa21a91affa86a69f97	53	workspace/experiments/fusion_champion_v1/src/fusion_champion_v1/__init__.py
228ed81234193a5b1df1934162b4e8d71fb7074c67d26195ef3ead8d1b1afa4a	68495	workspace/experiments/fusion_champion_v1/src/fusion_champion_v1/policy_gpu.py
21c8b9b2e9b6b4f17149328662a7f84181b4d2ebc11b7f1868049aa34ffa1a4a	6477	workspace/experiments/fusion_champion_v1/tools/analyze_fc2a_public_stall.py
afd0bff2fb28b8a76a45428240ea4b61e38f1ca12cfe62f7ee16be972863577e	5051	workspace/experiments/fusion_champion_v1/tools/analyze_rank14_residuals.py
ec1a1f839620d840f4ee0fe9f1ac105dc17d95a2531f37e448c8380a8af72a49	3674	workspace/experiments/fusion_champion_v1/tools/analyze_shop_route_choice.py
74552da6e852a8554cd7462101ed25ddb78876821feb904d853aab9eaae115a8	7541	workspace/experiments/fusion_champion_v1/tools/build_fc2a_cpu_submission.py
11833097197606af808b16a9ee12f9818a3e19adedc43607c0e2fcd871464e78	19235	workspace/experiments/fusion_champion_v1/tools/diagnose_pair_trajectories.py
f8da0c357bcf36b604e81a6c636bf9637c4dd47a017924c6f0a4c241778d6e85	24098	workspace/experiments/fusion_champion_v1/tools/run_fc1a_panel.py
e790e0db11c00d87bc123f830d03a953221419139f43c78be8974b23b38c5cc6	10653	workspace/experiments/fusion_champion_v1/tools/run_k320_animal_cap_screen.py
fa329d5517d61cb532fb8202fc5ca8ba166eeeb37e1de0e3204a247f9e464aa8	8060	workspace/experiments/fusion_champion_v1/tools/run_k320_forced_route_screen.py
fba6bb7656567c7be5bfbcb353b64e9250bbc4f5c05acad464e8d5e7aee1b527	10709	workspace/experiments/fusion_champion_v1/tools/run_k320_preempt_parameter_screen.py
249a1fbc4b36ee06d223dc5e0bb7db667302f07cb4909eb8b44bcc597234718e	16637	workspace/experiments/fusion_champion_v1/tools/run_k320_route_override_screen.py
6e2f125339713f35d66b69f033fb40afb411387f66bc5ee140fff40454bd1e63	8619	workspace/experiments/fusion_champion_v1/tools/run_k320_terminal_priority_screen.py
45a58e48e13b2fcf0f7c60f50e41f1e3c75840ae40fe418c130a8602f6752228	9540	workspace/experiments/fusion_champion_v1/tools/run_k320_weed_recovery_screen.py
affd894c0137e69639149b8073718d0f2857cf5c2dfa1f14144141dd5d7d09b4	15975	workspace/experiments/fusion_champion_v1/tools/run_old_suffix_discovery.py
ae0778da0ea6170fb3abf1fee18734e486551eafb191e50e502d76b36ab6f11d	12717	workspace/experiments/fusion_champion_v1/tools/run_rank14_family_counter_screen.py
b8b78acb6bdc63243b4cf849239013364cc1835d0c1e0bad63f7e0066c9e689d	7777	workspace/experiments/fusion_champion_v1/tools/run_x562_animal_cap_screen.py
bee5b74cf4f772e1f10f8cbf45803ee4e87ba05843f3e5a3955eb09662062c4a	9604	workspace/experiments/fusion_champion_v1/tools/run_x562_excess_sale_screen.py
ba78f719ace8a11aa4554c7eb80795bf7106ca249ca483c323c294fc73a32261	7960	workspace/experiments/fusion_champion_v1/tools/run_x562_kaito_market_ablation.py
33cbc6fdd6f7db43fafc4daf7fb68e31b6f0febcdf38555351f5475345d22267	8563	workspace/experiments/fusion_champion_v1/tools/run_x562_kaito_switch_screen.py
5d2428ce816dbc0a6b88db294dc93ea41ad959b02e6453a8b23fa9e9fe739d13	8943	workspace/experiments/fusion_champion_v1/tools/run_x562_layer_ablation.py
6919af49ee54778a60bfdd4be4056a0f8326f238071e1691dc98097a5c3eee8e	9071	workspace/experiments/fusion_champion_v1/tools/run_x562_preempt_parameter_screen.py
4563800dcec11566042cfdcfa10c26db3d695d274f9f76396dbab3c598ea95c8	9237	workspace/experiments/fusion_champion_v1/tools/run_x562_route_family_screen.py
08224d0de4c7d71fabbe1476b6091911e0425039aa8193113ffea812314f8424	8290	workspace/experiments/fusion_champion_v1/tools/run_x562_route_rule_screen.py
e44b9b58d28d910ac56f7a2e368bfb240db5f6ded47fed4ae0694a3f2966b44d	3840	workspace/experiments/fusion_champion_v1/tools/split_route_cf_receipt.py
0ffa5b5cdbb6553672d941a79dc40a54482445e1e5e18d7c8c46368c547e46b9	8806	workspace/experiments/fusion_champion_v1/tools/train_k320_route_margin_lgbm.py
6bfada0215ec8d91a5b295b1ab8831989005f1ae7c50ab0c9ffb618fe7e0af9c	8747	workspace/experiments/fusion_champion_v1/tools/train_k320_route_rescue_tree.py
cacc993339421e4fcdf31e2c44b07ca93cafdffb4d6cf92e1e14134d9b5bdc05	9135	workspace/experiments/fusion_champion_v1/tools/train_k320_route_score_delta_lgbm.py
7edf971af12f383313c76f0184dc0d3c285da47a2e66d06e1c4b25543652b924	16666	workspace/experiments/fusion_champion_v1/tools/train_prt_suffix_selector.py
32df37b96bb853ec0f7e28a42324da8e7d0abf7c7f30f0974e7f6b0d705e5918	4709	workspace/experiments/fusion_champion_v1/tools/verify_fc2a_shadow_prt_fix.py
cf3dc347494cb30511a4e2dcd588c336d97c4ac75d8d1c03c0ae64075408a6a6	98058	workspace/experiments/kawashigi_counterfactual_ranker_v2/tools/run_jax_dynamic_counterfactual_panel.py
b514e3ebd94915cc12d5b8df5bad2e955d7a4cdccfe0eb16011c2b5419e4b501	2604	workspace/experiments/route_playbook_v1/src/route_playbook_v1/__init__.py
0800e1ccd1c7fe501af0ea56d83f92f7461bf73951bcb1b7a4c97c9e1d954ff8	2264	workspace/experiments/route_playbook_v1/src/route_playbook_v1/event_bank.py
992468166253f710524d7db0d66148a691219d8749cfd016259a4684921dd6ba	8220	workspace/experiments/route_playbook_v1/src/route_playbook_v1/market_ledger.py
00b8b38fff02136c6aa237f4d5dae46d245e6d84406d5e8a31589b749b0558c4	7485	workspace/experiments/route_playbook_v1/src/route_playbook_v1/presets.py
5cb3e76ce4b407e987a02607a9f18d1f2d25b28185e23dcc4643d805a78967ea	17902	workspace/experiments/route_playbook_v1/src/route_playbook_v1/profit_model.py
4570f0a5eb0e7763080f163ae7db3d1c7225a36a06f17a24a22165d857fe01c8	61766	workspace/experiments/route_playbook_v1/src/route_playbook_v1/route_core.py
b9fa19019d39e06c9076b0bb4a76e2d385bd130a77133426a9ee55e450e94bcd	16418	workspace/experiments/route_playbook_v1/src/route_playbook_v1/route_genome_full_core_rollout_v1.py
fdabab314d9ff11b22d20330f793e738382de6f327e627c210be0f5ef040e56c	4545	workspace/experiments/route_playbook_v1/src/route_playbook_v1/route_genome_holdout_trace_v1.py
2d146daa5f51bab7d4e61340e5f4caef826c3dcf2e20e39a71782d5a1af802f1	13040	workspace/experiments/route_playbook_v1/src/route_playbook_v1/route_genome_rollout_v1.py
2ad2f9dfcd76ee13de3a0648cd423c93ecfcfc997171f5940d1b018d58f9e8a8	15130	workspace/experiments/route_playbook_v1/src/route_playbook_v1/route_genome_search_v1.py
78e2fdaf37587b82acf640cc8cfeb736c30586c661e80d0edbb0cd15a5445244	38304	workspace/experiments/route_playbook_v1/src/route_playbook_v1/route_genome_v1.py
1396b13b30a38d5ef5f93406ef290f623c732f248343db9033408113feb8d868	19239	workspace/experiments/route_playbook_v1/src/route_playbook_v1/route_rollout.py
be5d7ec4c70b180d0b42768222a7bde3aab2271a91417d824b73a8b2ea695987	7279	workspace/experiments/route_playbook_v1/src/route_playbook_v1/schema.py
7ced0a54b41c5f8a6b062832e55d5df2aa3912b5f9dee0e6067cf9f47e37914e	16092	workspace/experiments/route_playbook_v1/src/route_playbook_v1/semantic_factory_v1.py
83afa4736b6269d71b7104ef991827b3e847bd0363e1d1a2127b8a087222f6c9	3086	workspace/experiments/route_playbook_v1/src/route_playbook_v1/trace_ablation_v1.py
80d5a55c1388fb4fa25711e6d88663345c63272bbf41c76c3e9ce33a79aec068	21825	workspace/experiments/route_playbook_v1/src/route_playbook_v1/trace_core.py
58018e0b2cee70c014b7cbf494e7a031176399f79ae9e7f4b87671d5cce7fece	10330	workspace/experiments/route_playbook_v1/src/route_playbook_v1/variant_factory.py
f02b7f50c6800c085fa24708e089eb7fb4cd097cf48569406bc7f85f70e99f02	9249	workspace/experiments/strategic_v5/artifacts/boatlee_v16/boatlee_v16_rc2_trace_v1.npz
1b4ee18ceeee0b5a432393c5a4d19c4103ab8e2bd1f4bb3ceca8b8cedfdda0bb	368	workspace/experiments/strategic_v5/src/replay_task_cards_compiler/__init__.py
639a539d6197897af36d0a1ef1fe681a37ad5eb4969b7ea22ddc1b6f62bc75b7	53	workspace/experiments/strategic_v5/src/replay_task_cards_compiler/__main__.py
95dcaa2398c764485e1160e7555bade22da03364c68c208fed2953b780484346	20405	workspace/experiments/strategic_v5/src/replay_task_cards_compiler/compiler.py
a24e92ed1eb0810a4244688e47a9aa5c85035943eadd03241cc67581ee58d305	8676	workspace/experiments/strategic_v5/src/strategic_v5/__init__.py
836bde5c233e93b610b0fdf0019258c59e6ea61f924ccc7a70bab6d45ac3da5c	17183	workspace/experiments/strategic_v5/src/strategic_v5/bc_v2.py
82ad3596d8faff1afb82aff72a9ea3d0b61af055f974aeb80d2c17b2720bc677	13303	workspace/experiments/strategic_v5/src/strategic_v5/boatlee_arena.py
b6352fc025db77f18c849ceb2287276ec3f3bbd4efed2e689483ce676423f260	22468	workspace/experiments/strategic_v5/src/strategic_v5/boatlee_v16_gpu.py
f90ea9a4b9b281456526abec0ddbfa3d9d1c03e021d4b831e4f69a361db390a0	34205	workspace/experiments/strategic_v5/src/strategic_v5/c95_gpu.py
731d9c4a0195439f8a95dcf86bb636297b2bc28804b529ee00af8e3d1f49d6a9	10404	workspace/experiments/strategic_v5/src/strategic_v5/candidateformer_bc_v3.py
643b2f818e2e325971aa6da1b487490399fbd21ab283de03f205977f8fb746c3	21523	workspace/experiments/strategic_v5/src/strategic_v5/candidateformer_v3.py
139a93c8c2f1bc70faa74efdfc60e8e0a994a85900dc2f88287b6ef0da9ab500	1512	workspace/experiments/strategic_v5/src/strategic_v5/constants.py
1717c2a22bcd7810f230275fc194f84496f3b0d1dcae8c8c2b8ebd70cded6b5c	9457	workspace/experiments/strategic_v5/src/strategic_v5/dynamic_arena_v2.py
b619cab974c48418ac661a32badf24a5c4b8232d5f190a73d020f6353db45942	13327	workspace/experiments/strategic_v5/src/strategic_v5/dynamic_bc_v2.py
d53d6d81201fbb985ab1a636074d2fa3cb9c0268de01d663243489d4c93c6647	10325	workspace/experiments/strategic_v5/src/strategic_v5/dynamic_boatlee_arena_v2.py
9c33ad30746f56b2a393aab3e464578591de66466d5ac30a9a3036e4db91afad	13853	workspace/experiments/strategic_v5/src/strategic_v5/dynamic_frozen_ppo_v2.py
f631ab4f8642a751abd8d3010f2e9ea05496a35c2ce45bc45e985b9d5343fbb5	27591	workspace/experiments/strategic_v5/src/strategic_v5/dynamic_policy_v2.py
7d9c62d9792c79fb15f6170e0de0f936fa9b3ce6069fca1c47e1d9d3db35d336	20778	workspace/experiments/strategic_v5/src/strategic_v5/dynamic_ppo_v2.py
ce29b5f5fe57619f42446405d6690dceb72ef10c5683a564e98022ae3254f99f	16574	workspace/experiments/strategic_v5/src/strategic_v5/dynamic_replay_audit_v2.py
4a38fea519674d5241ecb07520a191e8fc3162fd2da072fd0b903a553a2f63cc	10949	workspace/experiments/strategic_v5/src/strategic_v5/dynamic_rollout_v2.py
830153eb9105397595d3d9eab2e8be2262cd50d605b55be56c91806b4c2d60d5	34181	workspace/experiments/strategic_v5/src/strategic_v5/e2_core.py
494916aab3457e2a676827834ea090f7c2b5c0ac3855230fc9e62f4ba7d8a3e6	13212	workspace/experiments/strategic_v5/src/strategic_v5/e2_executor.py
8c62e136e034816f920fbd031bb40590d18b99242b7a6e0185318d01b592246f	21827	workspace/experiments/strategic_v5/src/strategic_v5/e3_core.py
24eae1453c49506cb2a08a2428cea6b748ececc09b4800cf7b9f972c8b57b246	23732	workspace/experiments/strategic_v5/src/strategic_v5/e3_executor.py
b483abe91b352adb271fa387497feec5e864dd279c8d784c98e4727d97455497	49012	workspace/experiments/strategic_v5/src/strategic_v5/e4_core.py
27021b2622e1f3033791ce59f744cb3fbeb06c5ef90bac089a28acede86e8a3b	33451	workspace/experiments/strategic_v5/src/strategic_v5/e4_executor.py
b1f4a14c1c1eec84fea4d589a273aae4ec1f04297f1b42db979061d52d2503c1	36877	workspace/experiments/strategic_v5/src/strategic_v5/e5_econ.py
43451f550cf97b622ead775af2a3bd8d8c3a2b12914c2ae1bfbe9ba8c5476d4a	16535	workspace/experiments/strategic_v5/src/strategic_v5/e5_rollout.py
6f6a42033e15cd1578b47940bf79ed3efc55bb18a3642ea396489f48aa173085	5351	workspace/experiments/strategic_v5/src/strategic_v5/g_arena_v2.py
948067bd81d41395fada7bcccf3ad04f25ecf4ca2b1300a823e18cce25ac9bde	4564	workspace/experiments/strategic_v5/src/strategic_v5/g_arena.py
f580bd2bc03f0b7c4de79788d0781830192f8f66260d357bc340c4aa45b12ce7	7859	workspace/experiments/strategic_v5/src/strategic_v5/g_audit.py
535c707c5abcc22f2e6b9b3799ce49e5940bef768ce9cfa3d1dd49a81efd8429	1121	workspace/experiments/strategic_v5/src/strategic_v5/geometry.py
6ab8ccf081d60ae8d014ca257090abef62ce841e075cad876928c2b1b063ed6e	9627	workspace/experiments/strategic_v5/src/strategic_v5/h_arena.py
9a29a25a16623972083ae8310b7b029d9a94a0864ef2319544668d868646c112	8112	workspace/experiments/strategic_v5/src/strategic_v5/h_eval_v2.py
30dfe7b86afa5b772dd78b8621bb3afbf761c2e6fc1358182544e89c73675364	15087	workspace/experiments/strategic_v5/src/strategic_v5/h_rule_diagnostic.py
cbf290b91af81a3a38ddcf1d59c63a2727f6300123c7d3b5fc4350e49fba56f6	42693	workspace/experiments/strategic_v5/src/strategic_v5/high_potential_v20_gpu.py
c9017620f68ae8847fe7fca3dbf9fce99d389d044db2c1804c6cba00910c9244	33918	workspace/experiments/strategic_v5/src/strategic_v5/latest_public8_gpu.py
5b8742753497e6bb62dfb93b8e137d84673b39c9fa43d078b6a539340ed21d3e	30492	workspace/experiments/strategic_v5/src/strategic_v5/learned_v1.py
0629b6baf83de8adfc40a4f555e4b17e6256829afba33460e4d379d11d3e41ae	12463	workspace/experiments/strategic_v5/src/strategic_v5/learned_v2.py
4bbe6046ba2e2a4bdc9dea2f425894c0c9d67c040b3fc83553d33f1120da43ed	4188	workspace/experiments/strategic_v5/src/strategic_v5/lifecycle.py
4c28376397a703f3168abfc244d532c5e8d0635d8af1f9c451b43f9d13fc2eab	28559	workspace/experiments/strategic_v5/src/strategic_v5/opponent_v2.py
9a9089c4c2c27d1a3a69d7fcfc126b584dae02db15a735dca5cb43b5ad9662ae	10710	workspace/experiments/strategic_v5/src/strategic_v5/ppo_v1.py
7877dbde9c20f3f6294449c7b63c1d20a164577acef98c4d302cda1baa30f46f	6955	workspace/experiments/strategic_v5/src/strategic_v5/ppo_v2.py
ce6e8fc07c68fde1469942a6ab5a13d9526e7059cd83024ba53105001d54fec4	4490	workspace/experiments/strategic_v5/src/strategic_v5/public_bruce_route1_gpu.py
ee0d1db043fb0983b476b7ad84079eacfe4da2c17174a1d4a97a48ed5d54afb2	9445	workspace/experiments/strategic_v5/src/strategic_v5/public_c68_gpu.py
00c3a76711969191691f78464421bf6b97371636af0520ea8f37d90294e502a2	11848	workspace/experiments/strategic_v5/src/strategic_v5/public_four_hire_gpu.py
4de6f04eb7122de53f57fefd315f448056b498af21011313e2b61e430aeb4894	24526	workspace/experiments/strategic_v5/src/strategic_v5/public_g02_gpu.py
a70fafacbe946742f935adb03507f773de03334d86aaa153a91cabc76007ff56	24712	workspace/experiments/strategic_v5/src/strategic_v5/public_tran_cashflow_gpu.py
2581b125be12968482673ee0d643882c4e24afe14d2d37974922b7d8e5e67723	7027	workspace/experiments/strategic_v5/src/strategic_v5/public_v13_r3_gpu.py
adc4de8f7427c5d688ea76b7f35cdf9b20e8b43bb42d9c181bfb98ab35ea91ad	7111	workspace/experiments/strategic_v5/src/strategic_v5/public_v14_gpu.py
434f376150ac22ac21a865e4bfcd830f75f7246a9d47e9689681524558dba3c1	5017	workspace/experiments/strategic_v5/src/strategic_v5/public_v18_closed_loop_gpu.py
708d1dae7abe2fd977f5988802ce0361344181be48e7c20b5b76862c9ee7628c	3265	workspace/experiments/strategic_v5/src/strategic_v5/public_v19_control_gpu.py
56e14f59fd847a93aefc6d7de7e48f83c03d946f926b677ec295c792ce5369d4	9928	workspace/experiments/strategic_v5/src/strategic_v5/public_v21_gpu.py
f1fba24736d6476fe7b72f6a364dd387af17c4a321d2041e98057f49bc7d011d	2195	workspace/experiments/strategic_v5/src/strategic_v5/public_v25_gpu.py
5c0ab945cba6f4848874afe2769afa67c9cdcc100b2a02ffc25e32d89e0661e8	39155	workspace/experiments/strategic_v5/src/strategic_v5/replay_bc_v2.py
8e48f6f13a1b67d326cd0c99cacfa4940b4643bb8e6c51dc516501b303cd95ae	16769	workspace/experiments/strategic_v5/src/strategic_v5/rollout_v2.py
afebeef3da8c9ca9e2eac211d76c44893801592d36a658c74f0bdf5cd1eb4c38	3672	workspace/experiments/strategic_v5/src/strategic_v5/schema.py
445c5bbb1f9e70cf540ea8e132e081cbe9c8c0511f1f1c1e928d0a3dd912c981	3558	workspace/experiments/strategic_v5/src/strategic_v5/task_cards.py
ef1d27283817e78b91ff19625878b20308385ca6056f1b2c1aa39d04249d8109	39610	workspace/experiments/strategic_v5/src/strategic_v5/turn_ledger_v2.py
f730aaf705e78453f5f7eadb886fc5542d5fc34707039b81fc2f9fd46b0dab4d	520	workspace/gpu_sim/pyproject.toml
b8e01b78608a31f18db81df9abc97389d32e725f8e5dc21d9275a96402c72863	2042	workspace/gpu_sim/reference/manifest.json
880fac8fcdc9fe9028ef2772dc8303f95e427397a077e7fef58f672c4821d825	944876	workspace/gpu_sim/reference/static_tables_v2.npz
01ba4719c80b6fe911b091a7c05124b64eeece964e09c058ef8f9805daca546b	1	workspace/gpu_sim/src/kaggriculture_jax.egg-info/dependency_links.txt
e5d7f7fc02bd9dc5dbbd41a9f5d6d2d1ef21a9dd529633a7e758ccb7c3144555	394	workspace/gpu_sim/src/kaggriculture_jax.egg-info/PKG-INFO
a6282da1d1c9f66aed31f47420329f59287699c8b8e63aea61865de8cc3d639e	60	workspace/gpu_sim/src/kaggriculture_jax.egg-info/requires.txt
93326e96696f7ea3f1db576ef87bab6de3d39d3962cabbfec675ec06aa9cacb2	689	workspace/gpu_sim/src/kaggriculture_jax.egg-info/SOURCES.txt
b77d5209ab5569f9b6689c425cb4b554a0e4e366a7309c72d735adba25e471c5	18	workspace/gpu_sim/src/kaggriculture_jax.egg-info/top_level.txt
b56da84a215fb52566f95bd3002f4e5ddbaaf39898ebe492a07263a5efd54153	1662	workspace/gpu_sim/src/kaggriculture_jax/__init__.py
497332b137ecf18f3cfd529ac4e9f237c1c1026437f6863c3b5efa8c7cb0b188	3327	workspace/gpu_sim/src/kaggriculture_jax/arena.py
bb2745c0065f51fa1cb931002ee4a6f0a307b6376f77528cc8d8872ba97bd373	4717	workspace/gpu_sim/src/kaggriculture_jax/codec.py
518ea968ff15480bee24172bca68662dbf27b1cd9bd5c33d16622ecef47f2bc0	2760	workspace/gpu_sim/src/kaggriculture_jax/constants.py
2771a13e58ad14f4d3522d40afa0bb3131e4e969aa6a320330fe427bec3b6a41	8719	workspace/gpu_sim/src/kaggriculture_jax/policy.py
df875e823e6ede85a917e53baf00c2c13b96635e534d4dfcfbc90fd844a9e8f0	61405	workspace/gpu_sim/src/kaggriculture_jax/simulator.py
a36abd7b9312e217b53a7b34bf2acab8ff7ee7dcce77f2468f0cff3030a0858f	5622	workspace/gpu_sim/src/kaggriculture_jax/state.py
d827f4de429fa3b08dd8fdc432fd74b173228c809f79cafdc6b6651691f432b7	12341	workspace/gpu_sim/src/kaggriculture_jax/training.py
caacd21e3f671a447bfafd666d4dca36b0c94fa73543c72cc427662879ade068	1330	workspace/gpu_sim/src/kaggriculture_jax/types.py
256aeec22191cab5e5f65d45230826cdad57961c7d4533e8a3b876fb62807a96	1151	workspace/submission/55662157_fc2a_public_state_fusion_BROKEN/KNOWN_ISSUE.md
8a3531915fa248a42691b4883a42580d4cee88bb5f893bdbc14ce0e5af696132	2011	workspace/submission/55662157_fc2a_public_state_fusion_BROKEN/local_acceptance_k320.json
e3e174036bc6d3d3a5d9158a3a1c0b0861f886bd0503b2c5eaee56b52f7e04da	1999	workspace/submission/55662157_fc2a_public_state_fusion_BROKEN/local_acceptance_prt.json
8122bd3850898c49255f1a87dbc427ec3812219d707e1d3f938587b1925da1ad	2072	workspace/submission/55662157_fc2a_public_state_fusion_BROKEN/local_acceptance_rank14.json
5ac57dddcc00a975c7dea2afa8c2a5b8def0011346b27326c16cf842edc363ff	387220	workspace/submission/55662157_fc2a_public_state_fusion_BROKEN/main.py
e7421d6f9c7eeef7847edc1e9174fb906630318ae9b9293f58da326362c6e0c5	801	workspace/submission/55662157_fc2a_public_state_fusion_BROKEN/submission_record.json
6da3cb49fd03cbf050cd480ce909d01cd99a7ca7c1d7f36f18aef4e181309578	312940	workspace/submission/55662157_fc2a_public_state_fusion_BROKEN/submission.tar.gz
bf84b9fd55e28913e4e752020b91c5aa724d1a35324076e88f83128265f714d3	2971	workspace/submission/55663355_fc2a_shadow_prt_fix/known_failure_fix_receipt.json
2c57b56dfdee3eef580f5df3411e5296897b2bb0b3811181ef0ce1abc72dbec6	2083	workspace/submission/55663355_fc2a_shadow_prt_fix/local_acceptance_rank14.json
6b1b81924875f6c9207e58fe15ec72384dd46c39bc2480efabaa148d3bc76f8c	387484	workspace/submission/55663355_fc2a_shadow_prt_fix/main.py
ff7626bc616aede72d72bb6457f4f46f6b742666b99b3c314b3482ec4f570a74	742	workspace/submission/55663355_fc2a_shadow_prt_fix/submission_record.json
e6efcc12701b62cc88a9f32c79d331e9d8a5f7f39e3cecc2480a032fbee5a864	313071	workspace/submission/55663355_fc2a_shadow_prt_fix/submission.tar.gz
