path	size_bytes	sha256
.gitattributes	81	52825dbb39af20b7af4b46694fd8e695a5dddf9a61e70a9e9551b310ceef5f58
.gitignore	470	22fab8dac680bfe2c627f6ec5f12d3672bd59de5ccc52e14d255516d808570fb
docs/ALL_EXACT_JAX_ROUND_ROBIN_100_GAMES_20260820_ZH.md	5284	e831d209d7fdd7397eae90fdd74020bb8abf22b67bbb775e70ba099fd49eead6
docs/development_chain/FC0_BASELINE_AND_ACCEPTANCE_20260821_ZH.md	3188	5c5aff2f6a2eb1437759cf01a453942a470da9e13f5ffa1874776f929502dd95
docs/development_chain/FC1_K320_RANK14_DIAGNOSIS_AND_FC1B_SCREEN_20260821_ZH.md	7510	f03560f42ab0a8f5649b8c0885d0d9557c250cbac9de2c12482021bddc8e7441
docs/development_chain/FC10_KOBE_77_PUBLIC_SHOP_ROUTER_AUDIT_20260822_ZH.md	2455	cef47a07465e1c0881b2a0237b2ff3f3e2f400a51f94f98b0a8f935f0144a52a
docs/development_chain/FC10_KOBE_PUBLIC_SHOP_ROUTER_AND_HOLDOUT_20260822_ZH.md	970	1cb72b47f9590f33041f1fcbcc0bb933e1ea7ff1074a74ea3da0ce93421cc8c4
docs/development_chain/FC10_KOBE_RANK14_CAPABILITY_AUDIT_20260822_ZH.md	5507	01e986beef8335bdae1a8ebf0ec8e1d7dbfe9032285fc317b626d005268dd9a2
docs/development_chain/FC11_KOBE_83_PUBLIC_SHOP_ROUTER_AUDIT_20260822_ZH.md	2448	debbd3e6b88c698141d1df0a0d4d99ff97459b649b0c09fabbdbe93d5f65be4b
docs/development_chain/FC11_PRT_ROUTE_WINDOW_AND_KOBE_REFRESH_AUDIT_20260822_ZH.md	6198	1f3dd3286b38c1c058f7ee105cefea52d72ea49f8458d6986a9bfc09b95c425a
docs/development_chain/FC12_DEPLOY_PARITY_CORRECTION_AUDIT_20260822_ZH.md	3867	2c2dedd7116b40d87fffceaf0ac8ed44218b7714e598f0888a847178671d1c0f
docs/development_chain/FC12_FULL_ROSTER_PAIRED_AUDIT_20260822_ZH.md	3357	e93b289c34e1205b1c51eda75b18fe70077d51da8afa95b3dbe859ebfb24d145
docs/development_chain/FC12_MASS_HIRE_WEED_GUARD_AUDIT_20260822_ZH.md	2430	31370a8d6e47fae6abfd46208002280d6c4085d283a8601e44bfad8219e7105a
docs/development_chain/FC14_P100_VS_FC12G_PAIRED_CRITICAL12_20260822_ZH.md	1703	b4cca18495514ebbddeacd182facb53bbeb36e451dd69e5fbb1b32d68f76bffb
docs/development_chain/FC14_P100_VS_FC12G_PAIRED_FULL_ROSTER_20260822_ZH.md	2589	b826794671950aa9d6780d17ac52ccf795b95604c23a044c83e4fdfb0b0ef6cb
docs/development_chain/FC15_CPU_JAX_PARITY_AND_PUBLIC_SUBMISSION_20260822_ZH.md	1677	3c955e1ef7140fd35c56e1ed4821e5240a90a71548e65e6f6e52eca986b4e571
docs/development_chain/FC15_EARLY3_EXACT_COUNTERFACTUAL_FIX_REVIEW_20260823_ZH.md	6646	bac9f995f0fc0df99f1410b1c9dd127aca1e901b26f3131dfe571f8a300e2656
docs/development_chain/FC15_MOON_MARKET_PAIRED_AUDIT_20260822_ZH.md	1026	4201255213738e404cb45c71f68f20c873584e04ec952f2b95cda734a7b421c3
docs/development_chain/FC15_VS_FC14_PAIRED_CRITICAL15_20260822_ZH.md	1707	a258afaf71152de2f8cf00529427abc8d78beec4d21c5316556f43c19e201bca
docs/development_chain/FC15R_EARLY_OPENING_LOSS_FIX_20260823_ZH.md	3360	fc8f6283a2a6f9bad0eaf388a813242f7ead4fc175872ede54c8d6987f2b3ffd
docs/development_chain/FC2_K320_ANTI_MIRROR_HETEROGENEOUS_REGRESSION_20260821_ZH.md	2662	70c48dbdbd33d7d1b6cee91827b959dcd1be4f7e05995cab71014cf978aaf24c
docs/development_chain/FC22_FULL_LOCAL_REGRESSION_GATE_20260823_ZH.md	2653	06c7ca233cf6b2eb6b39482681b78d43e8c63267042e46cb73cd5f7d3e9f6c17
docs/development_chain/FC24B_FINAL_OFFICIAL_JAX_ACCEPTANCE_20260823_ZH.md	10633	4290107399bb42a0c666b23c735311fec8ff940d0003fa047c3c367b6a5c7e76
docs/development_chain/FC24B_FULL_LOCAL_NON_REGRESSION_GATE_20260823_ZH.md	4740	8cbcf0bd1d1ba5ceed1501a7cc377f25b8f59803df5320db92c320aebce2f5f6
docs/development_chain/FC24B_PUBLIC_SUBMISSION_55708153_20260823_ZH.md	827	61f8c48146b6e86f715e14245fd8f28a9dc693e1bdb1c092468ff7416eb47890
docs/development_chain/FC2A_PUBLIC_STALL_ROOT_CAUSE_20260821_ZH.md	3318	5cc0dfb0ff37a108124d7cb34eaac89a1122255783302e3df0e9653cbc251201
docs/development_chain/FC4_CURRENT_STACK_ROUTE_RESCUE_AUDIT_20260821_ZH.md	4085	658030d6abffcc21ae48c757edffbf9b8cea4f804481c71bbbc31bebf1810f58
docs/development_chain/FC5_PRT_PUBLIC_BOARD_AND_ROUTE_SELECTOR_AUDIT_20260821_ZH.md	3880	04f34b8cec58cea4a8f8a0894d481cd32211c11d7bb5bc0f504b62988fe587bd
docs/development_chain/FC6_EARLY_CASH_REPLAY_ROUTE_COMPLEMENT_AUDIT_20260821_ZH.md	2875	ad8c88d560d88a837a434cd460ee61d590885c0a9f07f6e254fc3f473f06d2c6
docs/development_chain/FC7_KOBE_CONDITIONAL_PROJECT_EXIT_AUDIT_20260821_ZH.md	9039	c0c81775d150aecff8defb6fd0419e759b6a298ca55549466e4041d97cb44215
docs/development_chain/FC8_HIGH_RANK_PROJECT_LIFECYCLE_AND_SCALE_AUDIT_20260822_ZH.md	7300	6e2f75099645a9715949b25c41e0c913d6132d403e4a3e4de9f2d24bee124c7c
docs/development_chain/FC8_KOBE_20_REPLAY_CROP_SHIFT_AUDIT_20260822_ZH.md	9489	baf0d84f5c651ff2acffa398bf928082d42f255bff6f1ca6b2e787a47e6667c2
docs/development_chain/FC9_FC2B_ANIMAL_SERVICE_EFFECT_AUDIT_20260822_ZH.md	3795	15c10fae2ac7b8018d63807000cd0f24d00cbddea84248a0fe017de0c6e6cc50
docs/DEVELOPMENT_TIMELINE_FC0_TO_FC24B_ZH.md	7180	57081bd57cf8ea3595bc62d2b371c96b321b2c678457a60810542e2d7ffa9bb4
docs/LATEST_PUBLIC6_SCAN_20260822_ZH.md	7596	6cd483ad53df3fc5107056a1f512df33dc482241fc76528ea7999799ce32a2a8
README_ZH.md	6728	a60be662a1d3075284a2bd12417d2c6bf272e68393bd550a8365558ec7de0585
workspace/experiments/expert_business_agent_v2/artifacts/jax_full37_mixed_exact_proxy_bank_v1.npz	460231	e02a56819d37c0a314b0fa77f9ebe558f1f8a416f283d496e6b87c0165b85af2
workspace/experiments/expert_business_agent_v2/artifacts/latest_public6_20260822_route_bank_v1.npz	110288	f1fa53d5f40a224e030cc9d89ae243622551ae6765ac71767c5c794a5712c324
workspace/experiments/expert_business_agent_v2/artifacts/latest_public8_route_bank_v1.npz	82984	f0515ca9e59b3d899b89aa12ad9aacc6acdd2d7b9be85ef58eb4d48f7b9b4c20
workspace/experiments/expert_business_agent_v2/artifacts/latest_public8_runtime_tables_v1.npz	54326	4e2264239ed79f7fb7bc338b828e8ed0cad6c8445b1742186f98fc91b1429e4b
workspace/experiments/expert_business_agent_v2/receipts/boatlee_v21_latest_jax_parity_seed822001_n2x2_v3.json	2068	79848f348bde66925a73d8d90dc3116eca089c994546a63af4a1795e70f9b099
workspace/experiments/expert_business_agent_v2/receipts/kaito_v39_history_gate_latest_jax_parity_seed822001_n2x2_v1.json	2085	4a901d3160bf6393c088811ab894b2b1c427b65d63f03193a78c10d3bae8df93
workspace/experiments/expert_business_agent_v2/receipts/latest_public6_20260822_route_bank_v1.json	23935	2963a715ef4bbc2c7be30b26d7505ebd855f49da69c21b8f676b6517303b9e62
workspace/experiments/expert_business_agent_v2/receipts/latest_public6_fc15_official_traces_v1.json	13315	da7e99f91aa79b62efb9f2604c58633da3b70d871964e4a36b4fabc1286a6a66
workspace/experiments/expert_business_agent_v2/receipts/prvsiyan_moon_v92_latest_jax_parity_seed822001_n2x2_v8.json	2089	b7af6d3a806bf956677e4f7976dd7b5be70427cb9db2695b6d8490be331071ef
workspace/experiments/expert_business_agent_v2/receipts/prvsiyan_soil_v26h_latest_jax_parity_seed822001_n2x2_v8.json	2090	c329142079ab7e83fdd344ddcaca2704f7667a2b55f7372569ddc1590920e936
workspace/experiments/expert_business_agent_v2/receipts/salem_harvestforge_x_latest_jax_parity_seed822001_n2x2_v1.json	1826	86fb102a4befa4f731d71c3b185495c31020cbb5441b1b6f5682b02360ec2c49
workspace/experiments/expert_business_agent_v2/receipts/steven_e284_hadouken_latest_jax_parity_seed822001_n2x2_v3.json	1830	e290762062cd2f3e5c2cab8ac32ca61f92039124b386be4c64de6b9115422393
workspace/experiments/expert_business_agent_v2/tools/accept_c95_jax_stepwise_parity.py	9775	56d44a28e277dcb2aa330d174521331d7299196c09a9407093a8b862abfca2dc
workspace/experiments/expert_business_agent_v2/tools/accept_high_potential_exact_reuse_jax_parity.py	10280	05d300f8c7550b4740b5812b2fb1e7a6d4690559b0f15eaca8e56860f833fab9
workspace/experiments/expert_business_agent_v2/tools/accept_high_potential_v20_jax_parity.py	12552	c71c3ad4ef7bf3c2f0ea490146451862e08e725cd6fd7359e1e7c8873b448881
workspace/experiments/expert_business_agent_v2/tools/accept_latest_public6_20260822_jax_parity.py	14459	93a22e4a85b5c0ed21f3210e3ea2baf8398b1fe971d083db7c1675b50440528d
workspace/experiments/expert_business_agent_v2/tools/accept_latest_public8_easy6_jax_parity.py	12578	8d7c7555de2d6d21c1ed7a48447bd2680d7ab6baf9e83e9819e033713d80df3e
workspace/experiments/expert_business_agent_v2/tools/accept_prt6_jax_stepwise_parity.py	10153	6a96b1caca861923e516d3dc9185eb1859fa92f7262697c225fd314b1031576c
workspace/experiments/expert_business_agent_v2/tools/accept_public_g02_jax_stepwise_parity.py	22230	b246602e8e6e07fde1d2a83b169de3798ddd522f4da10defb31d810aae06b22d
workspace/experiments/expert_business_agent_v2/tools/accept_weak6_jax_stepwise_parity.py	10631	6234f5b80e3ef9a3288cd8621b7ec6af075aa5259967d69f94fb81fb954db256
workspace/experiments/expert_business_agent_v2/tools/analyze_official_loss_trace.py	6094	23e46e391d0a11298227bbd6e6a306cb70a8e1721151a06a9f17bf9277cfa5e8
workspace/experiments/expert_business_agent_v2/tools/analyze_public_route_collision_feasibility.py	5063	338e8e1ca512a67e79943355fbd4567dc9dcc7d15b2487f4f3e044597a399d03
workspace/experiments/expert_business_agent_v2/tools/analyze_public_signature_collisions.py	4320	887d0c6fc9a23126c919ffad163cdab7ff5d4ec8e8bbd453c4fa6b8daa2d134a
workspace/experiments/expert_business_agent_v2/tools/audit_agent_action_prefix.py	4841	2b8862540003da0364756c9ff7eca582d1d10b36ee6c43e724b11513234e67f4
workspace/experiments/expert_business_agent_v2/tools/audit_full37_jax_portability.py	9981	b53aa9ea2222be3b14b1ab5581c2e921c4a308b802cff14b3be20d37d927833b
workspace/experiments/expert_business_agent_v2/tools/audit_latest_public8_dynamic_branch_coverage.py	6309	cbc37ff908859b16c46b80e1424d1e0d1b7afaa5733c43aea9a753fb159f57fc
workspace/experiments/expert_business_agent_v2/tools/audit_latest_public8_sources.py	5236	9b9dc56bb56e1c4eed825099837e12d59ac07f832177ccdd6946f581f4de0416
workspace/experiments/expert_business_agent_v2/tools/audit_moon_pipeline_frame.py	3571	ba18a37f6a0e3543592deb9c0d74176f6e9df45b37fbf34c570f1ccb5a05eb3d
workspace/experiments/expert_business_agent_v2/tools/audit_official_trace_sim_parity.py	3154	43a84c67f084842d7feda232bb31700771c6991a029b9bfc97ec3723fb11c04d
workspace/experiments/expert_business_agent_v2/tools/audit_route_manifest_prefix_groups.py	3750	f64f902c74757721bac45bde3a7b06e0d346ce699fc27e84422ef7aabfcdf42b
workspace/experiments/expert_business_agent_v2/tools/benchmark_high_potential_exact5_gpu.py	6985	ebb9f9c3cb6a6b25c49d069e4568876c27ae60ea46ea1e6aea508f99cdcb1969
workspace/experiments/expert_business_agent_v2/tools/benchmark_latest_public8_gpu.py	11311	5383bd066257291a9e05daed33574408ca579f2fa9678ae5b25300a0a0af9766
workspace/experiments/expert_business_agent_v2/tools/build_full37_jax_opponent_config.py	1772	2f6d730957a8a229088b60570adb9dfb26ea6db274faf67738cf4372df5729b4
workspace/experiments/expert_business_agent_v2/tools/build_high_potential_route_bank.py	7889	b35de92b2bb43659602b18dafb00dbfef945c7144c3e85833e4842425dd76796
workspace/experiments/expert_business_agent_v2/tools/build_high_potential_runtime_tables.py	4589	0a79368900b4c912dd66b882f587f1bfbab3bc82a0284f540fbe7dedf265aec1
workspace/experiments/expert_business_agent_v2/tools/build_latest_public6_20260822_route_bank.py	7955	ade5eaa0af985e4d8abb973c30b642fb208bf698a520b09840bfd7172d7a834c
workspace/experiments/expert_business_agent_v2/tools/build_latest_public8_route_bank.py	7143	6a47a72ec76c55802ee94a4f8b71e99a4e8ec4266bc7ae74ec7879465f1d2cc8
workspace/experiments/expert_business_agent_v2/tools/build_public_g05_trace_proxy.py	4373	c66fae0a319c19417e6f1723923fbf41b6644e3299fa5242459c35b76f13c070
workspace/experiments/expert_business_agent_v2/tools/build_route37_route38_margin_router_agent.py	8356	3d19076cef85fd68fb17881e6a7770226fdefb2c05cb991b29eee9060ef41ac5
workspace/experiments/expert_business_agent_v2/tools/build_step1_public_opening_gate_agent.py	8390	ae3fdca85b45088afb4187bbd519bc6e587f85670c0599fcb6a2aab2f3a5f077
workspace/experiments/expert_business_agent_v2/tools/build_step120_public_margin_router_agent.py	13673	c50345cff2bcc5f2c99efc2fe9a622bbcc016719a0567aa06ee2145f106286f3
workspace/experiments/expert_business_agent_v2/tools/build_step168_yarn_route18_override_agent.py	4055	8f5050d047814ed575f1978618f64a45dc2b71ae32bf838fec24e061803bb27a
workspace/experiments/expert_business_agent_v2/tools/evaluate_step120_public_margin_router_panel.py	6020	00520d7e865ab25c19679b8f450ef5bd14769507b29cb0aee99b5b0057444566
workspace/experiments/expert_business_agent_v2/tools/fit_hierarchical_public_route_tree.py	9418	dac86214cc44955c2642cc028c85af8e4e3fd33e2f7177e48d213b488e545a1c
workspace/experiments/expert_business_agent_v2/tools/fit_jax_route37_route38_margin_router.py	14475	ff8ffe481ee449e87783b9cf3ea99e919aa6b2c04b9eced3bc59d4f10c422786
workspace/experiments/expert_business_agent_v2/tools/fit_route37_route38_margin_router.py	11924	b16177fc058e16e39138b1bbdb93765275cc88a2d6b1180e702a5702067abd78
workspace/experiments/expert_business_agent_v2/tools/fit_step1_route17_vs_hierarchy_gate.py	14622	72b1a4bbde6335afbadf41a4e8c9154f7b63bc55943262eb648966446bd890ad
workspace/experiments/expert_business_agent_v2/tools/fit_step120_public_margin_router_multibank.py	18805	462ac80cb0067ec686c17e1e53094077129f07a59c9bf035c8ef1f78a9a2492c
workspace/experiments/expert_business_agent_v2/tools/fit_step120_public_margin_router.py	17922	4e0af18173f44da8f1943b6c5070befa2667f81cb45ae57671dcceab260917c2
workspace/experiments/expert_business_agent_v2/tools/fit_step120_step168_hierarchical_router.py	17536	60c83c6fc4c2b8cd1717d841f9d24bc98a5139ba0cf51df4b6a293ad003b5561
workspace/experiments/expert_business_agent_v2/tools/fit_step120_step168_step216_hierarchical_router.py	29742	9d416cec24c6d005a7cbbae58420b8a31ada6922710014a694b0aef98646e22b
workspace/experiments/expert_business_agent_v2/tools/freeze_high_potential_public_agents.py	8622	78caaccfc75ccdd5103bf0fddc538ca19289cef411583096f63f41d0a0d50984
workspace/experiments/expert_business_agent_v2/tools/freeze_latest_public6_20260822.py	4260	c691681dae0868ced64a155113a2f785682bb63a22fca2f4fb25509dfe1d98fd
workspace/experiments/expert_business_agent_v2/tools/freeze_latest_public8.py	9813	991215543c72e1a1c124eb0f3790f40748cc3e84148722a0191d44e29f0995c9
workspace/experiments/expert_business_agent_v2/tools/freeze_local_representative_pool.py	5357	41565d7919f230bb8fb979ef0b9324805c43dd5c3a808d8a1288a1aea7e1cf63
workspace/experiments/expert_business_agent_v2/tools/generate_c95_official_parity_traces.py	5200	5a542ef7a312ee73e302fec42a71556a56d119ef584fc2f5d4e6de9cb154cd54
workspace/experiments/expert_business_agent_v2/tools/generate_high_potential_v20_mirror_traces.py	3197	449edb7beba71cda4c59089c820f358c5700d8ed71aa443979872207b39e2251
workspace/experiments/expert_business_agent_v2/tools/generate_latest_public6_fc15_traces.py	3101	bc91df1fc1aa96a2b69b8bb1731ed17aacbacb5ae521141c198a98ebd922afd4
workspace/experiments/expert_business_agent_v2/tools/generate_latest_public8_mirror_traces.py	3554	584866c0160bd01dff1a4297b165148639220b5d919a42f603d0e5630b56e22c
workspace/experiments/expert_business_agent_v2/tools/generate_official_single_trace.py	3692	292e7ab4c96ae1a2aac0b735d14d9c6ed4152a8149199837254d1d5794855ca4
workspace/experiments/expert_business_agent_v2/tools/generate_official_stepwise_parity_traces.py	6253	679dc8333852f420cefe2ab233610092b10f5b2a5a965bd2ea61c4e788810d21
workspace/experiments/expert_business_agent_v2/tools/generate_prt6_official_parity_traces.py	5219	bfe94db328f5a901c1af0888e7ff978b5b3762f98b1c5868c1bbe07644a4fcad
workspace/experiments/expert_business_agent_v2/tools/generate_weak6_official_parity_traces.py	5888	9e7e7618ebbbf8ff230fe4a6969002090604ef3836079114867e106297b73833
workspace/experiments/expert_business_agent_v2/tools/inspect_eba_internal_route.py	2461	d509c2e2a1cca2e714d3ba9dcde5c247bfd54a2bfe3252a8774a53b6de95dc7b
workspace/experiments/expert_business_agent_v2/tools/inspect_official_action_trace.py	4517	f071f5e58fd9b01838c7d28728b8a716d6947a4bcf4c1b6a9799d4693e213cb3
workspace/experiments/expert_business_agent_v2/tools/inspect_official_board_step.py	3328	5910964e8efd0a519fb8234c805f4b2c88c6d1d44d3f69c489f0e71b44c8d98b
workspace/experiments/expert_business_agent_v2/tools/inspect_route_cases.py	2846	10553aaf0ef6e5bb34a1ffa805150b41da1436704fd838c7572025bad1ae4efb
workspace/experiments/expert_business_agent_v2/tools/merge_all_exact_jax_round_robin_shards.py	16834	79d94f41461bbea284e4641dfc93643e83e406da4459aeca2f633fd0abf7b142
workspace/experiments/expert_business_agent_v2/tools/run_all_exact_jax_round_robin_batched.py	23761	5d4678f99ae4ea139366c3b15191bb24631842aaee351de39507dd2e3504ddb1
workspace/experiments/expert_business_agent_v2/tools/run_all_exact_jax_round_robin.py	51732	b231f1fdfb49da0dbdcb62b943a0473cc72a63e919600be4bb5fd3fd63cca0e9
workspace/experiments/expert_business_agent_v2/tools/run_high_potential_route_screen.py	10699	a88717fea5bd548f590355a3dd5320b3b87e07b27aabf81844828efe19cd0f43
workspace/experiments/expert_business_agent_v2/tools/run_jax_dynamic_route_panel_batched.py	16353	6cb19c9bf25b26917c635f4cc8bdb1a95defe6a5c6b3066cf3265be6368d1745
workspace/experiments/expert_business_agent_v2/tools/run_jax_route37_route38_prefix_panel.py	11535	9978a7c3437c8f11cf34850bb1874c796d4735cb7af5b94ca9d5ca5a34fd78f8
workspace/experiments/expert_business_agent_v2/tools/summarize_candidate_matrix.py	6244	ca8ed5f61fec307e45d71339d6c769c3ab13f3aadc7cac67212091da8e1a7b56
workspace/experiments/expert_business_agent_v2/tools/summarize_jax_route_screen.py	7946	8764767e5d53e5e2e7e4ac191e5443b69b525afd8311f089f2289a8b514b932a
workspace/experiments/expert_business_agent_v2/tools/summarize_latest_public8_jax_acceptance.py	17074	20c723a2e4727428cdd2c9e3d128cedba15e4f79f1201abc5a82552409033fd8
workspace/experiments/expert_business_agent_v2/tools/summarize_route_stream.py	3496	01bb8446c46edcd0c4b59cca80bbb104d2c0fa2df8b7f7ad0a341fbd7e5368e2
workspace/experiments/expert_business_agent_v2/tools/summarize_snapshot_trajectories.py	3568	8e25afc9b118e17aecd5f937ef40b08fbc263c496d31a52a7f92350b45ace350
workspace/experiments/expert_business_agent_v2/tools/validate_high_potential_official_1327.py	6317	eade39ecba35c290b47c5b5f3987f133679f943bf9d6220d9a939fed86610c57
workspace/experiments/expert_business_agent_v2/tools/verify_extended_feature_probe.py	4472	533ff30d2cc348334ce67749e4e202375512db8809a5024700e2af53563f307d
workspace/experiments/expert_business_agent_v2/tools/verify_grouped_route_panel.py	3899	ee3c29c79ddd12625212ae1ac275a329c03f5491e3de6fbf9a8ee2d883f92774
workspace/experiments/fusion_champion_v1/artifacts/fc24b_cpu_v1/main.py	542721	e7abc6c215cf5a2fb2cf8fede83157568123ddba0e086571ecd82a24751d9e6b
workspace/experiments/fusion_champion_v1/artifacts/fc24b_official_parity_seed594001_n8x2_v1/candidate_public_g04_soil_rain_seat0_seed594001.jsonl.gz	215340	49424a3dc0fa89dd776b6e89520b7ffb902085f56d5aa3ec62d94991b907dcfa
workspace/experiments/fusion_champion_v1/artifacts/fc24b_official_parity_seed594001_n8x2_v1/candidate_public_g04_soil_rain_seat0_seed594002.jsonl.gz	215212	d900365d599a104e6f1ec43164e25f82020f34d5f1a204814c1c9b8b38fc06a2
workspace/experiments/fusion_champion_v1/artifacts/fc24b_official_parity_seed594001_n8x2_v1/candidate_public_g04_soil_rain_seat0_seed594003.jsonl.gz	215621	ccac8e2a077902bbd3f691645ee3facf5f0d1adcf2604752b4d57ca6bd2e21d9
workspace/experiments/fusion_champion_v1/artifacts/fc24b_official_parity_seed594001_n8x2_v1/candidate_public_g04_soil_rain_seat0_seed594004.jsonl.gz	214947	ff2edce722f3aae59388cad99bd9cc5a2365a32a32a0412ae35687a0ed9e979b
workspace/experiments/fusion_champion_v1/artifacts/fc24b_official_parity_seed594001_n8x2_v1/candidate_public_g04_soil_rain_seat0_seed594005.jsonl.gz	215710	a978b72b734d80c26b28bc2801a08dd92c3e7a0b4ebb1ca4d4b7a750f25238a8
workspace/experiments/fusion_champion_v1/artifacts/fc24b_official_parity_seed594001_n8x2_v1/candidate_public_g04_soil_rain_seat0_seed594006.jsonl.gz	215673	4e70b5f48952f1785491bc69192398d7396da1f2b53a2b556871272b4cec07f7
workspace/experiments/fusion_champion_v1/artifacts/fc24b_official_parity_seed594001_n8x2_v1/candidate_public_g04_soil_rain_seat0_seed594007.jsonl.gz	214421	d7e577b1c1b107a28d54db98ed35023a745cc399a1275e2d323df36874221b22
workspace/experiments/fusion_champion_v1/artifacts/fc24b_official_parity_seed594001_n8x2_v1/candidate_public_g04_soil_rain_seat0_seed594008.jsonl.gz	215940	d650ad19d0040085d2c0b3814cf61bf6acc2af15b1c66e3251698e5b6b65c557
workspace/experiments/fusion_champion_v1/artifacts/fc24b_official_parity_seed594001_n8x2_v1/candidate_public_g04_soil_rain_seat1_seed594001.jsonl.gz	215094	358e8f8177519cc94334c89df38318d3d0e1e42850873e85c676115406dd1722
workspace/experiments/fusion_champion_v1/artifacts/fc24b_official_parity_seed594001_n8x2_v1/candidate_public_g04_soil_rain_seat1_seed594002.jsonl.gz	214909	3a4c2f8316bceb653f09ff1daec9127fdac9f6b50a0a6483d94594f5d6f1a210
workspace/experiments/fusion_champion_v1/artifacts/fc24b_official_parity_seed594001_n8x2_v1/candidate_public_g04_soil_rain_seat1_seed594003.jsonl.gz	215405	69d0b585084e992e0c5c03eba00e1bd9af8d8bedfb0e152d1e7a35a8a20cc7c2
workspace/experiments/fusion_champion_v1/artifacts/fc24b_official_parity_seed594001_n8x2_v1/candidate_public_g04_soil_rain_seat1_seed594004.jsonl.gz	214782	817630e1e75dbc066457cfd915f760512ba1c115a84f8017919965697fc39283
workspace/experiments/fusion_champion_v1/artifacts/fc24b_official_parity_seed594001_n8x2_v1/candidate_public_g04_soil_rain_seat1_seed594005.jsonl.gz	215416	84008b38e1671943fa4d99b861bf58007e84385bd60ad3178a0f6c33ef3700fe
workspace/experiments/fusion_champion_v1/artifacts/fc24b_official_parity_seed594001_n8x2_v1/candidate_public_g04_soil_rain_seat1_seed594006.jsonl.gz	215803	3e1b6f52831088855c43333001ca62a3ad94aa87b41901299798c2c77a49ebd6
workspace/experiments/fusion_champion_v1/artifacts/fc24b_official_parity_seed594001_n8x2_v1/candidate_public_g04_soil_rain_seat1_seed594007.jsonl.gz	215372	15e90b306ed81bd9d5b7da038e375955fdf81362b01d690155448bf2e9cd396d
workspace/experiments/fusion_champion_v1/artifacts/fc24b_official_parity_seed594001_n8x2_v1/candidate_public_g04_soil_rain_seat1_seed594008.jsonl.gz	215711	89339b6ac474c52e659efc95e622269a6ceadaf18301bb9b20edc272326bc502
workspace/experiments/fusion_champion_v1/artifacts/fc24b_official_parity_seed594001_n8x2_v1/candidate_rayk_k320_adaptive_rank1_seat0_seed594001.jsonl.gz	189326	c50a8efd6e1abf2c8835718ffe6657dff1720c4e9450a40d1a5d5e9f950477e1
workspace/experiments/fusion_champion_v1/artifacts/fc24b_official_parity_seed594001_n8x2_v1/candidate_rayk_k320_adaptive_rank1_seat0_seed594002.jsonl.gz	196072	d24b9a19e51a15a00d9dfad3e4d828db5bfef53fdf8181b6fe4e4017c4e17134
workspace/experiments/fusion_champion_v1/artifacts/fc24b_official_parity_seed594001_n8x2_v1/candidate_rayk_k320_adaptive_rank1_seat0_seed594003.jsonl.gz	185233	9cddd8550b0fe4421358e1c8cd6b74e54abc6236183ad1633135b9cafc6b462d
workspace/experiments/fusion_champion_v1/artifacts/fc24b_official_parity_seed594001_n8x2_v1/candidate_rayk_k320_adaptive_rank1_seat0_seed594004.jsonl.gz	185935	36b9b13b47d8d284c61b1d3ffcc37d1b8d67fea7e7b96af57005b181cd770f1f
workspace/experiments/fusion_champion_v1/artifacts/fc24b_official_parity_seed594001_n8x2_v1/candidate_rayk_k320_adaptive_rank1_seat0_seed594005.jsonl.gz	186976	b792ad5be58177fcd8735de1acf5e9c99196f4bfd5799a4417c512e8aa6edae6
workspace/experiments/fusion_champion_v1/artifacts/fc24b_official_parity_seed594001_n8x2_v1/candidate_rayk_k320_adaptive_rank1_seat0_seed594006.jsonl.gz	186447	87a29a0c537761b9b7fd1f18099a25f4ed9023ddf7792381917ed30c66e676f6
workspace/experiments/fusion_champion_v1/artifacts/fc24b_official_parity_seed594001_n8x2_v1/candidate_rayk_k320_adaptive_rank1_seat0_seed594007.jsonl.gz	190735	ff777eb98d985cc7ebe4a63759011303222f4a8d15b4d8581e377a775f1bd453
workspace/experiments/fusion_champion_v1/artifacts/fc24b_official_parity_seed594001_n8x2_v1/candidate_rayk_k320_adaptive_rank1_seat0_seed594008.jsonl.gz	185738	7d4ab5d193f18b5341c1d170ec359eeaf25c2b958dc34181d4d336c03af00b02
workspace/experiments/fusion_champion_v1/artifacts/fc24b_official_parity_seed594001_n8x2_v1/candidate_rayk_k320_adaptive_rank1_seat1_seed594001.jsonl.gz	189397	42bf60e507f3d93940fbc234e90e4ad773df18cbeebcc2c19b4d64fc555ef1aa
workspace/experiments/fusion_champion_v1/artifacts/fc24b_official_parity_seed594001_n8x2_v1/candidate_rayk_k320_adaptive_rank1_seat1_seed594002.jsonl.gz	195959	c9fed35db4f33bcdecdefe9b6bdd82bd7b16a5d6fe8d4e43bac4bb4d648dfea5
workspace/experiments/fusion_champion_v1/artifacts/fc24b_official_parity_seed594001_n8x2_v1/candidate_rayk_k320_adaptive_rank1_seat1_seed594003.jsonl.gz	184880	58bdb362e2f7895c9182e8b4b19655e24a7f0aa29638e2ab0318138acf6abd2f
workspace/experiments/fusion_champion_v1/artifacts/fc24b_official_parity_seed594001_n8x2_v1/candidate_rayk_k320_adaptive_rank1_seat1_seed594004.jsonl.gz	186036	cecb1a78766950081ee8c56e97c1942d5342588ef54c1fd877b4e9c59f4e68b4
workspace/experiments/fusion_champion_v1/artifacts/fc24b_official_parity_seed594001_n8x2_v1/candidate_rayk_k320_adaptive_rank1_seat1_seed594005.jsonl.gz	187046	624761c9eae753c8eb7a2c8cecf735831673f65c2268419b749551608040acde
workspace/experiments/fusion_champion_v1/artifacts/fc24b_official_parity_seed594001_n8x2_v1/candidate_rayk_k320_adaptive_rank1_seat1_seed594006.jsonl.gz	186630	d946e1a544b37d1498910f05c81e8d1f68d0a9e1acd92283d15ac9b9d3a4dba8
workspace/experiments/fusion_champion_v1/artifacts/fc24b_official_parity_seed594001_n8x2_v1/candidate_rayk_k320_adaptive_rank1_seat1_seed594007.jsonl.gz	190752	298743b19621baf5340724a90283a1a791f3a1beaa876a6ffbc78bf35eb1de09
workspace/experiments/fusion_champion_v1/artifacts/fc24b_official_parity_seed594001_n8x2_v1/candidate_rayk_k320_adaptive_rank1_seat1_seed594008.jsonl.gz	186855	25a11f41153e68c915cb4161e31846b0e5d03fc015244fc114da5521ab579f75
workspace/experiments/fusion_champion_v1/artifacts/fc24b_official_parity_seed594122_targeted_v1/candidate_local_prt_v6_seat0_seed594122.jsonl.gz	209490	f812250bf09075744b1fb120a532106729dbebb809cdd57a04c7102022393aa3
workspace/experiments/fusion_champion_v1/artifacts/fc24b_official_parity_seed594122_targeted_v1/candidate_local_prt_v6_seat1_seed594122.jsonl.gz	207588	767e91bfb8ccc7989a4b1e1fafcbbb6ddcba938352a0118f50910426cd77972e
workspace/experiments/fusion_champion_v1/artifacts/fc24b_official_parity_seed594122_targeted_v1/candidate_rayk_k320_adaptive_rank1_seat0_seed594122.jsonl.gz	185426	966c893949c39778ab2def4d3de69afaf260d7699fb4b4b9f4050d58571355fc
workspace/experiments/fusion_champion_v1/artifacts/fc24b_official_parity_seed594122_targeted_v1/candidate_rayk_k320_adaptive_rank1_seat1_seed594122.jsonl.gz	185634	873c5a441b64e2b57dcf16dd6c768a214c3999dd8325806a43cab44ed14ba4df
workspace/experiments/fusion_champion_v1/configs/CURRENT_BEST_RULE_CONFIG.json	684	8e66515c0911804d1e0650d2ce21c3e09236d9cd7d93f4bb0bf73a901c9d0de5
workspace/experiments/fusion_champion_v1/configs/fc12g_k320_official_parity_pool_v1.json	201	759e7486cf9fecec498e9a9af431c7890a7b7f8b9880aa18c94e0132124df13b
workspace/experiments/fusion_champion_v1/configs/fc15_official_parity_pool_v1.json	479	f6e79757ec521c2ea213752ebaef2c541261bf5dd1b618e4f3ec2fec23ef351e
workspace/experiments/fusion_champion_v1/configs/fc15r_nontrigger_parity_pool_v1.json	209	1e163f58d588a6cbb65657ca06de9fd983661e2463b8d031a009567ca9cb61d8
workspace/experiments/fusion_champion_v1/configs/fc15r_target_opening_parity_pool_v1.json	225	b97915fb3ca523c98f8fde5b56459561cc8029c34c828b0b2860ea08acd566fb
workspace/experiments/fusion_champion_v1/configs/fc2_k320_anti_mirror_best_so_far_v1.json	1983	6b8ba3b6ab8639ed39a91830707eff949c4d20497cecdffb8733d5e1a8b923db
workspace/experiments/fusion_champion_v1/configs/fc2_k320_anti_mirror_best_so_far_v2.json	3251	4e422cabcc60a9f376a7b991bb3b8d2443d3b43c46fb5a246576c7cf3e21e49e
workspace/experiments/fusion_champion_v1/configs/fc24b_frozen_best_v1.json	4063	de81a9f34de7b9f64486f50a24b44aa9e314c95f84fda7065708ad4b5e4c0acf
workspace/experiments/fusion_champion_v1/configs/fc24b_targeted_official_parity_pool_v1.json	326	a5ef1dcb012b382d63f8235546eb51a23a17fcfe24ea0655501eccece227132e
workspace/experiments/fusion_champion_v1/README.md	1903	9dd8cd90b2f6c02bd5e39c7195c87e558cf08a4bc99f181bda54ed362a100190
workspace/experiments/fusion_champion_v1/receipts/crop_opening_routes_vs_fc16_seed835001_n16x2_v1.json	18176	74a2717f1c0eefa2aee5b34130064a4c2a0a365ff5fae2240343b82e08bafaaf
workspace/experiments/fusion_champion_v1/receipts/fc1_pair_trajectory_seed540001_n64x2_v1.json	948059	66a6295ee20c03a2d28221201826fccdf96254433d9242cbe8309619d2932c17
workspace/experiments/fusion_champion_v1/receipts/fc11g_kobe_83_shop_router_audit_v1.json	51004	cd8093328fa1c8257257bfc648db946c936df998e34ccfab4a6225b196847e31
workspace/experiments/fusion_champion_v1/receipts/fc15_public_episode96596865_counterfactual_public6_v1.json	2299	ad15043d3ce88581aa01efe4eec894f832f7b2d5c2b71367a7c3459098881165
workspace/experiments/fusion_champion_v1/receipts/fc15_public_episode96596865_counterfactual_route0_v2.json	1487	d858158fdaa5b94aa1455efb9bfa7bd8d55818761bf59e74faaa1f496c6bb952
workspace/experiments/fusion_champion_v1/receipts/fc15_public_episode96621908_counterfactual_public6_v1.json	2301	3f4eb30eed81c84358d9958a3fce82d99b5b3568a654451fa47cf70e35319d96
workspace/experiments/fusion_champion_v1/receipts/fc15_public_episode96640212_counterfactual_public6_v1.json	2286	a1a0e1140fd9e3953a8c6e3c91b235338ecbafa2c09f36bc0922a8a45001d36e
workspace/experiments/fusion_champion_v1/receipts/fc1a_rank14_seed540101_n64x2_v2.json	1239	52e3a9df71e0f48eb09a0c7d3eff59e84a6b2417238471eaadfd5202bb22f520
workspace/experiments/fusion_champion_v1/receipts/fc1b_critical15_seed540201_n16x2_v1.json	6421	edd92585437e0a22c4b3037fa205bb5fa750b1c6013a3f8029cbd31d19556a5e
workspace/experiments/fusion_champion_v1/receipts/fc1b_rank14_seed540101_n64x2_v1.json	1244	3daf4349ac1de408ef9987abb6318880666968958ff14524230439087facb873
workspace/experiments/fusion_champion_v1/receipts/fc1b_trigger6_seed540301_n64x2_v1.json	3157	88d92fbee39c900b3e11d205cf473b2625ef4128729a1ca710d97b8fa030737d
workspace/experiments/fusion_champion_v1/receipts/fc22_feed_value_vs_latest6_seed839001_n128x2_v1.json	1712476	bca45417a537a87d5de5a8bbc1787412121b71a81fb31164de6b736e7a78aa2f
workspace/experiments/fusion_champion_v1/receipts/fc22_prt_seed594122_seat0_step_trace_v1.json	15074406	ae4dfea1afd03c27c2fb8b3cb3d6e7abc18a45004adb58b42962a7b82bd4a18a
workspace/experiments/fusion_champion_v1/receipts/fc22_vs_old_low4_seed594001_n128x2_v1.json	963497	0b69b330f7b42167d86dcfc72159759c91caf676903a5b00dff214f6098f23a6
workspace/experiments/fusion_champion_v1/receipts/fc22_vs_old_other24_seed594001_n128x2_v1.json	5767848	a56d599e1a351f18203f10c7a3c3e4d2738848b49b7b2c5a5799df63b9f8459b
workspace/experiments/fusion_champion_v1/receipts/fc24b_cpu_v1_cpu_latency_and_action_acceptance_v1.json	10952	3721c87fdad70470cdc683e7b30b6c0b0beba9fd17124f46345109cee594db56
workspace/experiments/fusion_champion_v1/receipts/fc24b_cpu_v1_jax_stepwise_parity_seed594001_n8x2_v1.json	2050	a0c5a9f96477c3880100e5e95b0d2de6122c8a1d9dc5b2f88fb90fe1ae40e617
workspace/experiments/fusion_champion_v1/receipts/fc24b_cpu_v1_jax_stepwise_parity_seed594122_targeted_v1.json	2048	260b02a870c17fbb9817e240e1bd24d4cd37555b0cf4c17e7c9703160fd54f4e
workspace/experiments/fusion_champion_v1/receipts/fc24b_cpu_v1_official_stepwise_traces_seed594001_n8x2_v1.json	15903	97cf1fc4fa490bf07a1fe3d0b5bc3fb2ef05feb368a0eb7ff841fb6b2c6ec6f7
workspace/experiments/fusion_champion_v1/receipts/fc24b_cpu_v1_official_stepwise_traces_seed594122_targeted_v1.json	3007	5fa30f12567f810daef2e0fb65f47eea9c12584c1765566f64c81aea3ef98964
workspace/experiments/fusion_champion_v1/receipts/fc24b_cpu_v1_reentry_forward_reverse_v1.json	10794	5bffa43b35796492c587e40eada3b1301fcfe2a1181bbacb7c891cc98305e4e5
workspace/experiments/fusion_champion_v1/receipts/fc24b_frozen_acceptance_manifest_v1.json	16225	6a59133f6e34e8aeac661dc09d7bd9487b63de974bfe9bdc01a0300b6df141ef
workspace/experiments/fusion_champion_v1/receipts/fc24b_value_guard_prt_seed594097_n32x2_q4_probe_v1.json	62152	99773838a193fac551c5a9bd13951980bcb41923c5a6b51732164bcb6c3ae40c
workspace/experiments/fusion_champion_v1/receipts/fc24b_value_guard_vs_latest6_seed839001_n128x2_v1.json	1712478	e122d528498ded472756c0034079638682fe1d84d13647ebfcbd82e41886ad14
workspace/experiments/fusion_champion_v1/receipts/fc24b_value_guard_vs_old_full_roster_seed594001_n128x2_v1.json	6729056	858a10d17ec931c86253af2f38e54773290361162a5d5b921efd3961d4fd7ae7
workspace/experiments/fusion_champion_v1/receipts/fc2b_targets_seed551501_n64x2_v1.json	95414	ec82626b64c98d5ebb57315ff470f62ecd88e43a6f768fc976e4d21e5ab394ed
workspace/experiments/fusion_champion_v1/receipts/fc7e_fc2b_k320_triple_pet_public_state_audit_n5x2_v1.json	1763955	a7243e71a337280c9fe56322218503f959fba973873ba326174e22e55da803b9
workspace/experiments/fusion_champion_v1/receipts/fc7f_rare_triple_pet_scan_64k_v1.json	131268	d9964239026f8d4d5594064e7929a79a7dde707e3bf33d8d1bcb93ff1c2c39cd
workspace/experiments/fusion_champion_v1/receipts/fc7g_project_shift_best_vs_source_k320_triple_pet_145seedsx2_v1.json	246778	c3eb9d8c11dc28b529b30473d8ef447296c7ad13cf39a1e6aa205f63ea972c3d
workspace/experiments/fusion_champion_v1/receipts/fc8_exact_route_crop_capability_audit_v1.json	302868	bbc3e7e78c1da516bb4ea7a7be4a190fbc15faf8ef7d6fae7444d414d300005f
workspace/experiments/fusion_champion_v1/receipts/fc8b_kobe_carrot_recovery_triple_pet_145seedsx2_vs_core3_v1.json	616763	8bda39651970994e7c57de6b9aa522161140ca9e3ab08eb009302f111562fce5
workspace/experiments/fusion_champion_v1/receipts/fc8c_fc2b_baseline_triple_pet_145seedsx2_vs_core3_v1.json	370156	9c002f001f135337d7fd33e6abe56a0c6851334d02eca7aaca3ea2615800165e
workspace/experiments/fusion_champion_v1/receipts/fc8d_kobe_raw_route_triple_pet_145seedsx2_vs_core3_v1.json	3701	728b7d3b62b3431ac567c9baa1a459703fbde8edd3ca1460a46cc1cb58528804
workspace/experiments/fusion_champion_v1/receipts/fc8e_fc2b_service_effects_seed560001_n256x2_vs_core3_v1.json	7597	7fc2893a33d373f4a6fdb88790694b181bb71f61514fc0bc9707729114046a19
workspace/experiments/fusion_champion_v1/receipts/fc8f_fc2b_service_effects_daily_seed560513_n128x2_vs_core3_v2.json	19478	58b453cd21387f65a606a5b5a4bd74e22d0c8365683951aba800eb4355166e69
workspace/experiments/fusion_champion_v1/receipts/james_95981440_early_cash_route_recovery_seed551501_n64x2_v2.json	69032	cbb286e3decbc62847886b355e25682d1be8d015274cde5f23867d9d98d3d67a
workspace/experiments/fusion_champion_v1/receipts/james_efe_95981440_source_reproduction_v1.json	350	dbe2307c4d0de4f0b7df4ca03b644d230f0006136c5ec483c45092f729511ffd
workspace/experiments/fusion_champion_v1/receipts/k320_control_critical15_seed540201_n16x2_v1.json	6341	ff00421007e52f242a41f9415eb8de0751ae3614d802730d5a259d781e439762
workspace/experiments/fusion_champion_v1/receipts/k320_control_rank14_seed540101_n64x2_v1.json	1182	49dbefc668997712ab16a6b2df563853ebc59827308fa863e614747efa340d9b
workspace/experiments/fusion_champion_v1/receipts/k320_control_trigger6_seed540301_n64x2_v1.json	3101	d743fb8951ef03161b4792d2a393113ec0b17a7bf067e3c16b9e8f8055258942
workspace/experiments/fusion_champion_v1/receipts/kobe_qq_96045062_source_reproduction_v1.json	347	3315971bce0b37eb9a528953bb0ecd7d2e8daa3c2875861bc06936b412dbf57d
workspace/experiments/fusion_champion_v1/receipts/x562_rank14_trajectory_seed540301_n64x2_v1.json	452585	294282988bfe3d08bd745a47655390ea2756ba5975e429c7bbea2a070cb9f3e2
workspace/experiments/fusion_champion_v1/reports/FC0_BASELINE_AND_ACCEPTANCE_20260821_ZH.md	3188	5c5aff2f6a2eb1437759cf01a453942a470da9e13f5ffa1874776f929502dd95
workspace/experiments/fusion_champion_v1/reports/FC1_K320_RANK14_DIAGNOSIS_AND_FC1B_SCREEN_20260821_ZH.md	7510	f03560f42ab0a8f5649b8c0885d0d9557c250cbac9de2c12482021bddc8e7441
workspace/experiments/fusion_champion_v1/reports/FC10_KOBE_77_PUBLIC_SHOP_ROUTER_AUDIT_20260822_ZH.md	2455	cef47a07465e1c0881b2a0237b2ff3f3e2f400a51f94f98b0a8f935f0144a52a
workspace/experiments/fusion_champion_v1/reports/FC10_KOBE_PUBLIC_SHOP_ROUTER_AND_HOLDOUT_20260822_ZH.md	970	1cb72b47f9590f33041f1fcbcc0bb933e1ea7ff1074a74ea3da0ce93421cc8c4
workspace/experiments/fusion_champion_v1/reports/FC10_KOBE_RANK14_CAPABILITY_AUDIT_20260822_ZH.md	5507	01e986beef8335bdae1a8ebf0ec8e1d7dbfe9032285fc317b626d005268dd9a2
workspace/experiments/fusion_champion_v1/reports/FC11_KOBE_83_PUBLIC_SHOP_ROUTER_AUDIT_20260822_ZH.md	2448	debbd3e6b88c698141d1df0a0d4d99ff97459b649b0c09fabbdbe93d5f65be4b
workspace/experiments/fusion_champion_v1/reports/FC11_PRT_ROUTE_WINDOW_AND_KOBE_REFRESH_AUDIT_20260822_ZH.md	6198	1f3dd3286b38c1c058f7ee105cefea52d72ea49f8458d6986a9bfc09b95c425a
workspace/experiments/fusion_champion_v1/reports/FC12_DEPLOY_PARITY_CORRECTION_AUDIT_20260822_ZH.md	3867	2c2dedd7116b40d87fffceaf0ac8ed44218b7714e598f0888a847178671d1c0f
workspace/experiments/fusion_champion_v1/reports/FC12_FULL_ROSTER_PAIRED_AUDIT_20260822_ZH.md	3357	e93b289c34e1205b1c51eda75b18fe70077d51da8afa95b3dbe859ebfb24d145
workspace/experiments/fusion_champion_v1/reports/FC12_MASS_HIRE_WEED_GUARD_AUDIT_20260822_ZH.md	2430	31370a8d6e47fae6abfd46208002280d6c4085d283a8601e44bfad8219e7105a
workspace/experiments/fusion_champion_v1/reports/FC14_P100_VS_FC12G_PAIRED_CRITICAL12_20260822_ZH.md	1703	b4cca18495514ebbddeacd182facb53bbeb36e451dd69e5fbb1b32d68f76bffb
workspace/experiments/fusion_champion_v1/reports/FC14_P100_VS_FC12G_PAIRED_FULL_ROSTER_20260822_ZH.md	2589	b826794671950aa9d6780d17ac52ccf795b95604c23a044c83e4fdfb0b0ef6cb
workspace/experiments/fusion_champion_v1/reports/FC15_CPU_JAX_PARITY_AND_PUBLIC_SUBMISSION_20260822_ZH.md	1677	3c955e1ef7140fd35c56e1ed4821e5240a90a71548e65e6f6e52eca986b4e571
workspace/experiments/fusion_champion_v1/reports/FC15_EARLY3_EXACT_COUNTERFACTUAL_FIX_REVIEW_20260823_ZH.md	6646	bac9f995f0fc0df99f1410b1c9dd127aca1e901b26f3131dfe571f8a300e2656
workspace/experiments/fusion_champion_v1/reports/FC15_MOON_MARKET_PAIRED_AUDIT_20260822_ZH.md	1026	4201255213738e404cb45c71f68f20c873584e04ec952f2b95cda734a7b421c3
workspace/experiments/fusion_champion_v1/reports/FC15_VS_FC14_PAIRED_CRITICAL15_20260822_ZH.md	1707	a258afaf71152de2f8cf00529427abc8d78beec4d21c5316556f43c19e201bca
workspace/experiments/fusion_champion_v1/reports/FC15R_EARLY_OPENING_LOSS_FIX_20260823_ZH.md	3360	fc8f6283a2a6f9bad0eaf388a813242f7ead4fc175872ede54c8d6987f2b3ffd
workspace/experiments/fusion_champion_v1/reports/FC2_K320_ANTI_MIRROR_HETEROGENEOUS_REGRESSION_20260821_ZH.md	2662	70c48dbdbd33d7d1b6cee91827b959dcd1be4f7e05995cab71014cf978aaf24c
workspace/experiments/fusion_champion_v1/reports/FC22_FULL_LOCAL_REGRESSION_GATE_20260823_ZH.md	2653	06c7ca233cf6b2eb6b39482681b78d43e8c63267042e46cb73cd5f7d3e9f6c17
workspace/experiments/fusion_champion_v1/reports/FC24B_FINAL_OFFICIAL_JAX_ACCEPTANCE_20260823_ZH.md	10633	4290107399bb42a0c666b23c735311fec8ff940d0003fa047c3c367b6a5c7e76
workspace/experiments/fusion_champion_v1/reports/FC24B_FULL_LOCAL_NON_REGRESSION_GATE_20260823_ZH.md	4740	8cbcf0bd1d1ba5ceed1501a7cc377f25b8f59803df5320db92c320aebce2f5f6
workspace/experiments/fusion_champion_v1/reports/FC24B_PUBLIC_SUBMISSION_55708153_20260823_ZH.md	827	61f8c48146b6e86f715e14245fd8f28a9dc693e1bdb1c092468ff7416eb47890
workspace/experiments/fusion_champion_v1/reports/FC2A_PUBLIC_STALL_ROOT_CAUSE_20260821_ZH.md	3318	5cc0dfb0ff37a108124d7cb34eaac89a1122255783302e3df0e9653cbc251201
workspace/experiments/fusion_champion_v1/reports/FC4_CURRENT_STACK_ROUTE_RESCUE_AUDIT_20260821_ZH.md	4085	658030d6abffcc21ae48c757edffbf9b8cea4f804481c71bbbc31bebf1810f58
workspace/experiments/fusion_champion_v1/reports/FC5_PRT_PUBLIC_BOARD_AND_ROUTE_SELECTOR_AUDIT_20260821_ZH.md	3880	04f34b8cec58cea4a8f8a0894d481cd32211c11d7bb5bc0f504b62988fe587bd
workspace/experiments/fusion_champion_v1/reports/FC6_EARLY_CASH_REPLAY_ROUTE_COMPLEMENT_AUDIT_20260821_ZH.md	2875	ad8c88d560d88a837a434cd460ee61d590885c0a9f07f6e254fc3f473f06d2c6
workspace/experiments/fusion_champion_v1/reports/FC7_KOBE_CONDITIONAL_PROJECT_EXIT_AUDIT_20260821_ZH.md	9039	c0c81775d150aecff8defb6fd0419e759b6a298ca55549466e4041d97cb44215
workspace/experiments/fusion_champion_v1/reports/FC8_HIGH_RANK_PROJECT_LIFECYCLE_AND_SCALE_AUDIT_20260822_ZH.md	7300	6e2f75099645a9715949b25c41e0c913d6132d403e4a3e4de9f2d24bee124c7c
workspace/experiments/fusion_champion_v1/reports/FC8_KOBE_20_REPLAY_CROP_SHIFT_AUDIT_20260822_ZH.md	9489	baf0d84f5c651ff2acffa398bf928082d42f255bff6f1ca6b2e787a47e6667c2
workspace/experiments/fusion_champion_v1/reports/FC9_FC2B_ANIMAL_SERVICE_EFFECT_AUDIT_20260822_ZH.md	3795	15c10fae2ac7b8018d63807000cd0f24d00cbddea84248a0fe017de0c6e6cc50
workspace/experiments/fusion_champion_v1/src/fusion_champion_v1/__init__.py	54	2d1bcb8e6a4618c48867dc70a4f3666778d2237db7984adf481da0f475977bb8
workspace/experiments/fusion_champion_v1/src/fusion_champion_v1/policy_gpu.py	162597	ee9b46453b1ab673e197afd682c7691ecdbb1596b7c9233bae8fbe80bcd3e843
workspace/experiments/fusion_champion_v1/tools/accept_fc12g_jax_stepwise_parity.py	11630	0176593a0ae3d483b419d25504fd7d6576ee497dd1837ad968d85d6a48d82cd2
workspace/experiments/fusion_champion_v1/tools/aggregate_fc10_holdout.py	8199	953926be34f8daef74c83ce0afce9f0f1bffa225c24ce8868242bb0c7714e216
workspace/experiments/fusion_champion_v1/tools/analyze_fc15_b21_router.py	8371	22a8b8aef3dc97db48149dbcb2ba230f997d580f1d729c25b3e1ec1b8bc17bd7
workspace/experiments/fusion_champion_v1/tools/analyze_fc2a_public_stall.py	6477	21c8b9b2e9b6b4f17149328662a7f84181b4d2ebc11b7f1868049aa34ffa1a4a
workspace/experiments/fusion_champion_v1/tools/analyze_fc2b_public_board_divergence.py	10693	22bddb11e67bea160d39775c6a8c5799ef02ea433d5c802d31bc5e6b700baac9
workspace/experiments/fusion_champion_v1/tools/analyze_market_overlay_flips.py	8742	ab2055b4296a550bafb07da9c8f7beb6660b4913271a7c975056be22467ffedc
workspace/experiments/fusion_champion_v1/tools/analyze_rank14_residuals.py	5051	afd0bff2fb28b8a76a45428240ea4b61e38f1ca12cfe62f7ee16be972863577e
workspace/experiments/fusion_champion_v1/tools/analyze_replay_route_similarity.py	13189	e78256f3e1f522e1f53d55f555873087e95feec8b75a4bebb302309735c93c0a
workspace/experiments/fusion_champion_v1/tools/analyze_shop_route_choice.py	3674	ec1a1f839620d840f4ee0fe9f1ac105dc17d95a2531f37e448c8380a8af72a49
workspace/experiments/fusion_champion_v1/tools/audit_exact_route_crop_capabilities.py	8028	cc3327dfc7750fc65939d342444a3a4e3d36d50059326f2af906c601c5433ae7
workspace/experiments/fusion_champion_v1/tools/audit_fc2b_feed_effects_jax.py	13068	1bf28a0abb9b3639e5e2d43583bb17612532f6ce0819f5719fe3204ba3c47ac2
workspace/experiments/fusion_champion_v1/tools/audit_kobe_shop_router.py	9815	d704dfc2b076d38c16cce214bf466c518dd1ed5ae931d25c911fc10587b1385e
workspace/experiments/fusion_champion_v1/tools/audit_public_loss_opening_both_seats.py	5313	0df04d66410f4a8ced17a2d48dbc803c45b05f7dd22f8a4686b5ca8972de3788
workspace/experiments/fusion_champion_v1/tools/audit_replay_agent_teacher_forcing.py	10501	4b3dbfb04b16a6ab64b46a2aeb11c43aa92b5e1231334a7de689183b03f002dc
workspace/experiments/fusion_champion_v1/tools/audit_step1_opening_fingerprints.py	6778	38dd5334ab47890ed20947048648c4619732ecfa81a1addb6c3f225614ec1464
workspace/experiments/fusion_champion_v1/tools/benchmark_fc12g_cpu.py	5137	5851913d49604e9c62d2b5b416ee38f8255653685aee8a7ac7e143892c1d17cd
workspace/experiments/fusion_champion_v1/tools/build_fc10_prt_rescue_manifest.py	5207	03536fc30d12e9d63ab9c5001fd71079b6b1e167242004041cb28998d6dc5028
workspace/experiments/fusion_champion_v1/tools/build_fc12g_cpu_submission.py	7100	a19741d13c12839543dd307a26a33f7ddfc5234ae0a2b6d999140c39e92b129c
workspace/experiments/fusion_champion_v1/tools/build_fc15_cpu_submission.py	11423	ad197bfc4ff80c4913b45a0a0ced29e6bf4da958d00f3604ccfe857412d8ae41
workspace/experiments/fusion_champion_v1/tools/build_fc15r_cpu_submission.py	3572	b5113d305e6f1298416ce27725fc6b2d02a45734495c928c4ccacdc548043f28
workspace/experiments/fusion_champion_v1/tools/build_fc24b_cpu_submission.py	14443	952728e22ebd5226bc85d020eb53cd154fb98309bef1bd9cf5a166a2e38b9869
workspace/experiments/fusion_champion_v1/tools/build_fc2a_cpu_submission.py	7541	74552da6e852a8554cd7462101ed25ddb78876821feb904d853aab9eaae115a8
workspace/experiments/fusion_champion_v1/tools/build_replay_route_probe.py	9316	bdbeb22778657f766006f8150df7442ce6761765e6c17516bc09d913673b4d7b
workspace/experiments/fusion_champion_v1/tools/build_target_opening_ueddy_fixture.py	1384	27d2c6afb69868bd5946767d8b78234937871678039f3f32f2bc5f366216d778
workspace/experiments/fusion_champion_v1/tools/capture_fc15_b21_divergence_features.py	10510	a0a7a5d91ab4c4fc7a42cbc3267048acaf8fe969a9138237577a475d9945ca9b
workspace/experiments/fusion_champion_v1/tools/capture_fc18_fc19_first_divergence.py	12729	78f8c7beae2c2f7b8824e0b29fbd43111790cfd8f1d327e79e4ad13f4c00080d
workspace/experiments/fusion_champion_v1/tools/compare_fc12g_to_fc2b.py	10673	bcb2c7619335139a58d36fcc1a00cfa9918f74c241cc0d8bb47fb064fa7a4ef8
workspace/experiments/fusion_champion_v1/tools/compare_paired_panels.py	8446	fce6ff1716e56cad406fabff991d8bcd8e174e4e54efec4d97e543c855a39b53
workspace/experiments/fusion_champion_v1/tools/counterfactual_fc15_public_replay.py	12918	93fddf0ef7e1cade478222297af45da5ec4e79c5fc0de1553d8edf09271fce29
workspace/experiments/fusion_champion_v1/tools/diagnose_fc19_rank14_route_shift.py	10411	71abf191de9e3c883deeffa504c05e08afd4e128d6de59ffbc9c521270f95493
workspace/experiments/fusion_champion_v1/tools/diagnose_fc22_prt_trajectories.py	10813	ec997bb2798211a14abda21bc85f67a4aaaadee17d623d7073c1b32ce27adbd1
workspace/experiments/fusion_champion_v1/tools/diagnose_fc2b_market_intents.py	23391	ed09eeac02fe280c90ec2cfa1b753cb7695d6e33c44a17e2434c7b811bfc036e
workspace/experiments/fusion_champion_v1/tools/diagnose_fc2b_rank14_prt_capabilities.py	14140	4be97b2e34244ff59bc830fb9399c4df92787fb2e6b5ae77a7ca2873ae2341a5
workspace/experiments/fusion_champion_v1/tools/diagnose_pair_trajectories.py	19511	583f9466c9a07eae049a8eaa31d39dd8e94e9108f2da110cca8c716c55095d29
workspace/experiments/fusion_champion_v1/tools/fit_fc17_ueddy_gate.py	19284	2f498d417113a22ae50feb5dcb3cd789f0d3d65082b07df8ee7b271f7a1c003a
workspace/experiments/fusion_champion_v1/tools/freeze_fc24b_acceptance.py	15195	60cea84b04e1347c5852f67d7c5736aa2e608a4f6eec71186ad4d45f36c4d167
workspace/experiments/fusion_champion_v1/tools/match_public_replay_to_old_bank.py	3364	8b57f05f79cc34672f12e224092301ff6fd90acff20623dd1ff5c437e40fffc5
workspace/experiments/fusion_champion_v1/tools/merge_route_screen_receipts.py	5344	1069aa34178f81a38673f1a1d67dbe245a3c7c7eba4bd0b831b5c25c8a1bc477
workspace/experiments/fusion_champion_v1/tools/probe_fc15_b21_opening.py	5189	033d38210e367c368032cf3af6db37c0443b680c2985027d44abef9b3d96bd36
workspace/experiments/fusion_champion_v1/tools/run_fc10_goose_switch_screen.py	20579	c26a15d951261134e37a31e6ca70547385432d34f9d1e9e1793384d8f3fd641d
workspace/experiments/fusion_champion_v1/tools/run_fc15_latest_public6_panel.py	24456	0397a3014c74bcec51ff64c546df3cdce5289bfbfdf047413a01cdbdbd36991d
workspace/experiments/fusion_champion_v1/tools/run_fc15_moon_market_blocks.py	10434	53702b677293904dd0e899db6a52b03d53710ec010d4beba6584f9d3bb92f0b6
workspace/experiments/fusion_champion_v1/tools/run_fc1a_panel.py	35779	eac33aafec064bb597eca78aa4eaba944b54e66d0b937f806961224448af7123
workspace/experiments/fusion_champion_v1/tools/run_fc22_feed_parameter_grid.py	11977	15eb1acef90a3e18511c313b9589e7ed4b9445cb28885fb345e9029985108e49
workspace/experiments/fusion_champion_v1/tools/run_fc23_route3_rebalance_grid.py	9925	2b5d5d6d278111d4953860e07a4a339f10ec66bda1b3dd904c6e491a84bf281d
workspace/experiments/fusion_champion_v1/tools/run_fc2b_late_sheep_pressure_screen.py	11507	a98b9c442695e6e525ccdcaabfa1d5901c428531da0bcd6b41eadd55eca52970
workspace/experiments/fusion_champion_v1/tools/run_fc2b_rank14_component_blend_screen.py	9980	a44043e3124f2da4cf3c98627346f1bacb07f41c46ec30a60661028010f799f5
workspace/experiments/fusion_champion_v1/tools/run_fc7_pet_cafe_project_shift_screen.py	15030	20acee77c90550a81a600aa4ff36b31d5c0f68748f68da0a5ff1e998f238a419
workspace/experiments/fusion_champion_v1/tools/run_fc8_triple_pet_exact_agent_panel.py	11351	f58f78463fc1e6833d6ff50bc9c35b4b4954041bcd6234e87947c1401e565107
workspace/experiments/fusion_champion_v1/tools/run_k320_animal_cap_screen.py	10866	dce2fc18b358d3c82a4948d7388e0223e5f609076fec8c1c73ac39a44514d54b
workspace/experiments/fusion_champion_v1/tools/run_k320_forced_route_screen.py	8060	fa329d5517d61cb532fb8202fc5ca8ba166eeeb37e1de0e3204a247f9e464aa8
workspace/experiments/fusion_champion_v1/tools/run_k320_preempt_parameter_screen.py	11038	50774f198940aa7e2ba32f204eb01f5dc21dee4f3e58ee9107172d3768511891
workspace/experiments/fusion_champion_v1/tools/run_k320_residual_sale_screen.py	9428	75b3596e4684488b5a1e5486937dde276a4fb1e132e5e1e123a41585a4f3cf97
workspace/experiments/fusion_champion_v1/tools/run_k320_route_override_screen.py	17897	c6460b4506763c8c9c71e7ea9194f600fd3c93b26786aa1adce3b60aa07ba7f2
workspace/experiments/fusion_champion_v1/tools/run_k320_terminal_priority_screen.py	9443	447bb92863fc47e1d944f473c71f4e950d213e2c7b17ac541db0088f88ee9234
workspace/experiments/fusion_champion_v1/tools/run_k320_weed_hire_barrier_screen.py	9505	1cd756b468f716a7dc2f7c4a4eb79295a74379043e3c48cdbe9e749b0ca66818
workspace/experiments/fusion_champion_v1/tools/run_k320_weed_recovery_screen.py	9540	45a58e48e13b2fcf0f7c60f50e41f1e3c75840ae40fe418c130a8602f6752228
workspace/experiments/fusion_champion_v1/tools/run_latest_public6_candidate_panel.py	8783	6327631c4bf0201550612744d0f8f122c7990c9245adb0b6d913a3480c368976
workspace/experiments/fusion_champion_v1/tools/run_old_suffix_discovery.py	18413	a3d39dbd4f7c2d9d08c089e20d0c42ba3933860f225b60ca2a126e2748eb507d
workspace/experiments/fusion_champion_v1/tools/run_rank14_family_counter_screen.py	12717	ae0778da0ea6170fb3abf1fee18734e486551eafb191e50e502d76b36ab6f11d
workspace/experiments/fusion_champion_v1/tools/run_replay_route_probe_panel.py	8012	2e7c36d857864b3a2269394ba12f9a6dd38a6f8a885e1b31511278743edddb93
workspace/experiments/fusion_champion_v1/tools/run_replay_route_recovery_panel.py	10100	e628f54f63e6094fbf8be0807efa1c6bfdcdc4d34591df155c2aa2b32c0a2411
workspace/experiments/fusion_champion_v1/tools/run_x562_animal_cap_screen.py	7777	b8b78acb6bdc63243b4cf849239013364cc1835d0c1e0bad63f7e0066c9e689d
workspace/experiments/fusion_champion_v1/tools/run_x562_excess_sale_screen.py	9604	bee5b74cf4f772e1f10f8cbf45803ee4e87ba05843f3e5a3955eb09662062c4a
workspace/experiments/fusion_champion_v1/tools/run_x562_kaito_market_ablation.py	7960	ba78f719ace8a11aa4554c7eb80795bf7106ca249ca483c323c294fc73a32261
workspace/experiments/fusion_champion_v1/tools/run_x562_kaito_switch_screen.py	8563	33cbc6fdd6f7db43fafc4daf7fb68e31b6f0febcdf38555351f5475345d22267
workspace/experiments/fusion_champion_v1/tools/run_x562_layer_ablation.py	8943	5d2428ce816dbc0a6b88db294dc93ea41ad959b02e6453a8b23fa9e9fe739d13
workspace/experiments/fusion_champion_v1/tools/run_x562_preempt_parameter_screen.py	9071	6919af49ee54778a60bfdd4be4056a0f8326f238071e1691dc98097a5c3eee8e
workspace/experiments/fusion_champion_v1/tools/run_x562_residual_sale_screen.py	10661	dd069257ed614ec4f9f59a93bfbe7721cfac3783c21692bab04f21a463ed3002
workspace/experiments/fusion_champion_v1/tools/run_x562_route_family_screen.py	9237	4563800dcec11566042cfdcfa10c26db3d695d274f9f76396dbab3c598ea95c8
workspace/experiments/fusion_champion_v1/tools/run_x562_route_rule_screen.py	8290	08224d0de4c7d71fabbe1476b6091911e0425039aa8193113ffea812314f8424
workspace/experiments/fusion_champion_v1/tools/run_x562_weed_hire_barrier_screen.py	9674	92e413af63e8ca2c7769810f85ff3cb4408492afe090fdce0329516963de61bc
workspace/experiments/fusion_champion_v1/tools/scan_fc2b_k320_64k_rare_shops.py	12980	a9e3c285f495fb57d9e26a30975d128063e39d610d132208789c451f27c79bf6
workspace/experiments/fusion_champion_v1/tools/screen_b21_horizon_counter.py	10518	4e47449e63755ac4afa72eafd77093aa4d29884aaa15107a36b25894c1100766
workspace/experiments/fusion_champion_v1/tools/screen_crop_opening_routes_vs_fc16.py	7484	145ca824d3762bc8c8a6c2cd642be2d8acc744b0b1e78cd437254149109ba8b0
workspace/experiments/fusion_champion_v1/tools/screen_existing_roster_vs_latest3.py	11089	f489d87c17efdbe07d28350b5b4ac001a86b027ede15e216994641bbec1ed516
workspace/experiments/fusion_champion_v1/tools/screen_fc15_b21_opening_wheat_quantity.py	10735	a94d8c19589b80948fe2673b0005a9db2aea64f50f7acea96b39689e43405e23
workspace/experiments/fusion_champion_v1/tools/screen_fc15_moon_parameters.py	11570	d31acfb3f05bda76daea48bbc63027ba228e902ca76786a267e939f26c97982f
workspace/experiments/fusion_champion_v1/tools/screen_fc15_opening_transaction_grid.py	5762	d1eb985bc2d37a18c36e9bb2f6a8a5763886ead9364ef4e729a357fbe6e90215
workspace/experiments/fusion_champion_v1/tools/screen_fc16_b21_forecast_preempt.py	12550	6147f4ef233fbde739204ed57b1e3704dff72f14e79ea504fd362c7965368445
workspace/experiments/fusion_champion_v1/tools/screen_fc16_b21_policy_switch.py	9259	63c29dcc066472d0e51956d364a704272987d49efd582940f1cd6272b6205e79
workspace/experiments/fusion_champion_v1/tools/screen_fc16_b21_route_suffixes.py	9670	886fe1323777c8aa450e2be07e5afeb204c4e819fcd9eb9c3fe285133f94cfec
workspace/experiments/fusion_champion_v1/tools/screen_fc16_old_suffix_vs_public_replay.py	11241	3ad41834cd81673ae3c7bd96ec6dedf25c0e4d4485b3940e5105a0024bfc8cfd
workspace/experiments/fusion_champion_v1/tools/screen_fc16_residual_sale_grid.py	12461	ba534a889af50f201be0e7e221d503a41dcfdc3a8a97b846716c5a58caa73096
workspace/experiments/fusion_champion_v1/tools/screen_fc17_ueddy_gate_dataset.py	9976	6ce5c0d1427137d549b97164d7845dd5de5e6303f45fbc5f5eac385d65fd6dd9
workspace/experiments/fusion_champion_v1/tools/screen_fc2b_shop_prefix_route_rule.py	9757	a453bea66dc07aaa3df6cde116b7b87efa13d879eb6c04993c5c543f5156c04f
workspace/experiments/fusion_champion_v1/tools/screen_k320_rank12_binary_public_threshold_rule.py	6528	725c8e5af38260ca2ec5f7468985a2ca365d116ea99cc70407ea73b834de586c
workspace/experiments/fusion_champion_v1/tools/screen_k320_rank12_public_threshold_rule.py	12284	6f7e0e734e49ac7b4f51316c7fba83dfa95ffc7b5a5586e3a3ce44332e66c03a
workspace/experiments/fusion_champion_v1/tools/screen_k320_residual_sale_vs_b21.py	8061	f6cf5ffeb42634ea79bafdfcdf70748528dcfac1ddc60ef274cace5b9434d4b3
workspace/experiments/fusion_champion_v1/tools/screen_k320_route_map_vs_b21.py	8426	d2c37942460f0ef9cc72047ea9e1bdaccce3211257da6f661791fbb271f044b1
workspace/experiments/fusion_champion_v1/tools/screen_replay_public_route_tree.py	9578	e9580817b5c815504d8605ad62248f3e0fcd10ad9ffc5999da4f8f391f84fa8a
workspace/experiments/fusion_champion_v1/tools/screen_x562_routes_vs_latest3.py	10738	e86e413211c463f811c92b6dbc2110ea39a58cf0e0ef53e2b45492aa594f949f
workspace/experiments/fusion_champion_v1/tools/select_replay_route_medoid.py	6267	cead1f66eaa633951c373777b6a0a23e13feb877cfceb1da235bd3692adc8243
workspace/experiments/fusion_champion_v1/tools/split_route_cf_receipt.py	3840	e44b9b58d28d910ac56f7a2e368bfb240db5f6ded47fed4ae0694a3f2966b44d
workspace/experiments/fusion_champion_v1/tools/trace_fc16_fc19_rank14.py	17550	6848d3406361d52f1c67a639ac42e203bffd8e85466c3623827114879fcd64e8
workspace/experiments/fusion_champion_v1/tools/trace_fc22_prt_seed.py	10122	e62ff31b425539193c0b83f5164de12fce1437fffba4160b0df9c8db5ed3df47
workspace/experiments/fusion_champion_v1/tools/train_fc2b_rank12_binary_score_delta_lgbm.py	7522	484babbda7d0adc2e3023d6567ca55c5ddc6fe157d4f8a5562ae9534f529ba71
workspace/experiments/fusion_champion_v1/tools/train_k320_route_margin_lgbm.py	8806	0ffa5b5cdbb6553672d941a79dc40a54482445e1e5e18d7c8c46368c547e46b9
workspace/experiments/fusion_champion_v1/tools/train_k320_route_rescue_tree.py	8747	6bfada0215ec8d91a5b295b1ab8831989005f1ae7c50ab0c9ffb618fe7e0af9c
workspace/experiments/fusion_champion_v1/tools/train_k320_route_score_delta_lgbm.py	9135	cacc993339421e4fcdf31e2c44b07ca93cafdffb4d6cf92e1e14134d9b5bdc05
workspace/experiments/fusion_champion_v1/tools/train_prt_suffix_selector.py	16666	7edf971af12f383313c76f0184dc0d3c285da47a2e66d06e1c4b25543652b924
workspace/experiments/fusion_champion_v1/tools/validate_fc12g_official.py	5822	8d43013aaed30733ef0f75ec0882fd482f69e71ba57f616c131ab3dfc1d75ba0
workspace/experiments/fusion_champion_v1/tools/validate_fc24b_reentry.py	4799	d1f49018d906d7c613b2b20ca9efdd7a0dbd61f654cc04ef48f43495f9473b15
workspace/experiments/fusion_champion_v1/tools/verify_fc2a_shadow_prt_fix.py	4709	32df37b96bb853ec0f7e28a42324da8e7d0abf7c7f30f0974e7f6b0d705e5918
workspace/experiments/fusion_champion_v1/tools/verify_replay_route_probe_source.py	3264	d47ae53157cae869862a45ffc67db022765332519fe55c327bd370ad7836c057
workspace/experiments/kawashigi_counterfactual_ranker_v2/README.md	2455	b0b389e5d8473dec12fa8358fb3625aab55203e7a2d8dd53b7347b6db660ec75
workspace/experiments/kawashigi_counterfactual_ranker_v2/tools/analyze_fresh_official_attribution.py	8396	9ee6d716181169379b9592bf4c56328549a079f70e677a038ee80a08ff6c920a
workspace/experiments/kawashigi_counterfactual_ranker_v2/tools/audit_agent_model_parity.py	4417	e7c5668eaa819a20219499dbe2bc7debbd7dec4bbdecae83837c75e132d50d87
workspace/experiments/kawashigi_counterfactual_ranker_v2/tools/audit_fixed_routes.py	3676	c3f7eac687823761d88a5326d986542eef7b1306697f0d2737bf25748e3f0e3a
workspace/experiments/kawashigi_counterfactual_ranker_v2/tools/build_counterfactual_lgbm_agent.py	5927	12d5b455cfe8ed0a688f41fda56ca19cb1c6a469dbf4a510aa1568c277d53334
workspace/experiments/kawashigi_counterfactual_ranker_v2/tools/build_jax_dynamic_opponent_bank.py	26230	d35631ac9126a8f4f87086370a39e144f646540da5b56ec6948be47eb0930cfd
workspace/experiments/kawashigi_counterfactual_ranker_v2/tools/compare_jax_dynamic_to_official.py	6212	28ba813100c36e85248a611ed6a3b29adaad652b7f43e772c4ead7a59177431e
workspace/experiments/kawashigi_counterfactual_ranker_v2/tools/diagnose_fresh_feature_aliasing.py	6341	fbfa1013666fa0516489f96597b9fb2ad2f02ad706a470dc733bc003cf6b8f13
workspace/experiments/kawashigi_counterfactual_ranker_v2/tools/evaluate_models_on_jax_panel.py	6278	ea165c8e875cf5c700025caea9cefddb28ca0b84b0bd560d39003b6b7dd9d503
workspace/experiments/kawashigi_counterfactual_ranker_v2/tools/evaluate_models_on_official_panel.py	9114	ce6d4dc6e376ffb77c345c0839b1de85efa4ee05e1ac602a7a2e4e1ffc6e9443
workspace/experiments/kawashigi_counterfactual_ranker_v2/tools/export_jax_context_features66.py	7832	294a4447970dfe9f4df5ae54a1753ab947c380f9158b3ca8dc480b725b9cec73
workspace/experiments/kawashigi_counterfactual_ranker_v2/tools/merge_official_counterfactual_panels.py	2761	eba891a5bc5cb272193916cca20de50f474d6030883f473acd229e97f9cb7dec
workspace/experiments/kawashigi_counterfactual_ranker_v2/tools/run_jax_dynamic_counterfactual_panel.py	98058	cf3dc347494cb30511a4e2dcd588c336d97c4ac75d8d1c03c0ae64075408a6a6
workspace/experiments/kawashigi_counterfactual_ranker_v2/tools/run_official_counterfactual_panel.py	15784	ec2813cd3b18430c5b6093a58e741ebe66384b745b05fe3aea67daf7981150cc
workspace/experiments/kawashigi_counterfactual_ranker_v2/tools/train_hybrid_official_jax_lgbm.py	16154	3b91d5b19b869d0c2467121798b73085849bf7b744c750c9d42543a57a6dfd2c
workspace/experiments/kawashigi_counterfactual_ranker_v2/tools/train_official_counterfactual_lgbm.py	12964	a6b12fab59303ed0b3950e037414e47a7ef4d0743d8cfe88984ad8018aff3d6e
workspace/experiments/kawashigi_counterfactual_ranker_v2/tools/train_v3_v4_safety_gate.py	12809	29c0b7822eff7137fe7d1eb7f1fca360236e78e11861c3d6aad0756e690614bf
workspace/experiments/route_playbook_v1/README.md	807	0e643a61b1ea11d82468f43abb6003b155b8b2d8880c28782fac82b355d8cb14
workspace/experiments/route_playbook_v1/src/route_playbook_v1/__init__.py	2604	b514e3ebd94915cc12d5b8df5bad2e955d7a4cdccfe0eb16011c2b5419e4b501
workspace/experiments/route_playbook_v1/src/route_playbook_v1/event_bank.py	2264	0800e1ccd1c7fe501af0ea56d83f92f7461bf73951bcb1b7a4c97c9e1d954ff8
workspace/experiments/route_playbook_v1/src/route_playbook_v1/market_ledger.py	8220	992468166253f710524d7db0d66148a691219d8749cfd016259a4684921dd6ba
workspace/experiments/route_playbook_v1/src/route_playbook_v1/presets.py	7485	00b8b38fff02136c6aa237f4d5dae46d245e6d84406d5e8a31589b749b0558c4
workspace/experiments/route_playbook_v1/src/route_playbook_v1/profit_model.py	17902	5cb3e76ce4b407e987a02607a9f18d1f2d25b28185e23dcc4643d805a78967ea
workspace/experiments/route_playbook_v1/src/route_playbook_v1/route_core.py	61766	4570f0a5eb0e7763080f163ae7db3d1c7225a36a06f17a24a22165d857fe01c8
workspace/experiments/route_playbook_v1/src/route_playbook_v1/route_genome_full_core_rollout_v1.py	16418	b9fa19019d39e06c9076b0bb4a76e2d385bd130a77133426a9ee55e450e94bcd
workspace/experiments/route_playbook_v1/src/route_playbook_v1/route_genome_holdout_trace_v1.py	4545	fdabab314d9ff11b22d20330f793e738382de6f327e627c210be0f5ef040e56c
workspace/experiments/route_playbook_v1/src/route_playbook_v1/route_genome_rollout_v1.py	13040	2d146daa5f51bab7d4e61340e5f4caef826c3dcf2e20e39a71782d5a1af802f1
workspace/experiments/route_playbook_v1/src/route_playbook_v1/route_genome_search_v1.py	15130	2ad2f9dfcd76ee13de3a0648cd423c93ecfcfc997171f5940d1b018d58f9e8a8
workspace/experiments/route_playbook_v1/src/route_playbook_v1/route_genome_v1.py	38304	78e2fdaf37587b82acf640cc8cfeb736c30586c661e80d0edbb0cd15a5445244
workspace/experiments/route_playbook_v1/src/route_playbook_v1/route_rollout.py	19239	1396b13b30a38d5ef5f93406ef290f623c732f248343db9033408113feb8d868
workspace/experiments/route_playbook_v1/src/route_playbook_v1/schema.py	7279	be5d7ec4c70b180d0b42768222a7bde3aab2271a91417d824b73a8b2ea695987
workspace/experiments/route_playbook_v1/src/route_playbook_v1/semantic_factory_v1.py	16092	7ced0a54b41c5f8a6b062832e55d5df2aa3912b5f9dee0e6067cf9f47e37914e
workspace/experiments/route_playbook_v1/src/route_playbook_v1/trace_ablation_v1.py	3086	83afa4736b6269d71b7104ef991827b3e847bd0363e1d1a2127b8a087222f6c9
workspace/experiments/route_playbook_v1/src/route_playbook_v1/trace_core.py	21825	80d5a55c1388fb4fa25711e6d88663345c63272bbf41c76c3e9ce33a79aec068
workspace/experiments/route_playbook_v1/src/route_playbook_v1/variant_factory.py	10330	58018e0b2cee70c014b7cbf494e7a031176399f79ae9e7f4b87671d5cce7fece
workspace/experiments/strategic_v5/README.md	1556	ca3621bf3de5727292f2cf7202a323e78c6d835371d96a438642c0c2bee7e054
workspace/experiments/strategic_v5/src/replay_task_cards_compiler/__init__.py	368	1b4ee18ceeee0b5a432393c5a4d19c4103ab8e2bd1f4bb3ceca8b8cedfdda0bb
workspace/experiments/strategic_v5/src/replay_task_cards_compiler/__main__.py	53	639a539d6197897af36d0a1ef1fe681a37ad5eb4969b7ea22ddc1b6f62bc75b7
workspace/experiments/strategic_v5/src/replay_task_cards_compiler/compiler.py	20405	95dcaa2398c764485e1160e7555bade22da03364c68c208fed2953b780484346
workspace/experiments/strategic_v5/src/strategic_v5/__init__.py	8676	a24e92ed1eb0810a4244688e47a9aa5c85035943eadd03241cc67581ee58d305
workspace/experiments/strategic_v5/src/strategic_v5/bc_v2.py	17183	836bde5c233e93b610b0fdf0019258c59e6ea61f924ccc7a70bab6d45ac3da5c
workspace/experiments/strategic_v5/src/strategic_v5/boatlee_arena.py	13303	82ad3596d8faff1afb82aff72a9ea3d0b61af055f974aeb80d2c17b2720bc677
workspace/experiments/strategic_v5/src/strategic_v5/boatlee_v16_gpu.py	22468	b6352fc025db77f18c849ceb2287276ec3f3bbd4efed2e689483ce676423f260
workspace/experiments/strategic_v5/src/strategic_v5/c95_gpu.py	34205	f90ea9a4b9b281456526abec0ddbfa3d9d1c03e021d4b831e4f69a361db390a0
workspace/experiments/strategic_v5/src/strategic_v5/candidateformer_bc_v3.py	10404	731d9c4a0195439f8a95dcf86bb636297b2bc28804b529ee00af8e3d1f49d6a9
workspace/experiments/strategic_v5/src/strategic_v5/candidateformer_v3.py	21523	643b2f818e2e325971aa6da1b487490399fbd21ab283de03f205977f8fb746c3
workspace/experiments/strategic_v5/src/strategic_v5/constants.py	1512	139a93c8c2f1bc70faa74efdfc60e8e0a994a85900dc2f88287b6ef0da9ab500
workspace/experiments/strategic_v5/src/strategic_v5/dynamic_arena_v2.py	9457	1717c2a22bcd7810f230275fc194f84496f3b0d1dcae8c8c2b8ebd70cded6b5c
workspace/experiments/strategic_v5/src/strategic_v5/dynamic_bc_v2.py	13327	b619cab974c48418ac661a32badf24a5c4b8232d5f190a73d020f6353db45942
workspace/experiments/strategic_v5/src/strategic_v5/dynamic_boatlee_arena_v2.py	10325	d53d6d81201fbb985ab1a636074d2fa3cb9c0268de01d663243489d4c93c6647
workspace/experiments/strategic_v5/src/strategic_v5/dynamic_frozen_ppo_v2.py	13853	9c33ad30746f56b2a393aab3e464578591de66466d5ac30a9a3036e4db91afad
workspace/experiments/strategic_v5/src/strategic_v5/dynamic_policy_v2.py	27591	f631ab4f8642a751abd8d3010f2e9ea05496a35c2ce45bc45e985b9d5343fbb5
workspace/experiments/strategic_v5/src/strategic_v5/dynamic_ppo_v2.py	20778	7d9c62d9792c79fb15f6170e0de0f936fa9b3ce6069fca1c47e1d9d3db35d336
workspace/experiments/strategic_v5/src/strategic_v5/dynamic_replay_audit_v2.py	16574	ce29b5f5fe57619f42446405d6690dceb72ef10c5683a564e98022ae3254f99f
workspace/experiments/strategic_v5/src/strategic_v5/dynamic_rollout_v2.py	10949	4a38fea519674d5241ecb07520a191e8fc3162fd2da072fd0b903a553a2f63cc
workspace/experiments/strategic_v5/src/strategic_v5/e2_core.py	34181	830153eb9105397595d3d9eab2e8be2262cd50d605b55be56c91806b4c2d60d5
workspace/experiments/strategic_v5/src/strategic_v5/e2_executor.py	13212	494916aab3457e2a676827834ea090f7c2b5c0ac3855230fc9e62f4ba7d8a3e6
workspace/experiments/strategic_v5/src/strategic_v5/e3_core.py	21827	8c62e136e034816f920fbd031bb40590d18b99242b7a6e0185318d01b592246f
workspace/experiments/strategic_v5/src/strategic_v5/e3_executor.py	23732	24eae1453c49506cb2a08a2428cea6b748ececc09b4800cf7b9f972c8b57b246
workspace/experiments/strategic_v5/src/strategic_v5/e4_core.py	49012	b483abe91b352adb271fa387497feec5e864dd279c8d784c98e4727d97455497
workspace/experiments/strategic_v5/src/strategic_v5/e4_executor.py	33451	27021b2622e1f3033791ce59f744cb3fbeb06c5ef90bac089a28acede86e8a3b
workspace/experiments/strategic_v5/src/strategic_v5/e5_econ.py	36877	b1f4a14c1c1eec84fea4d589a273aae4ec1f04297f1b42db979061d52d2503c1
workspace/experiments/strategic_v5/src/strategic_v5/e5_rollout.py	16535	43451f550cf97b622ead775af2a3bd8d8c3a2b12914c2ae1bfbe9ba8c5476d4a
workspace/experiments/strategic_v5/src/strategic_v5/g_arena_v2.py	5351	6f6a42033e15cd1578b47940bf79ed3efc55bb18a3642ea396489f48aa173085
workspace/experiments/strategic_v5/src/strategic_v5/g_arena.py	4564	948067bd81d41395fada7bcccf3ad04f25ecf4ca2b1300a823e18cce25ac9bde
workspace/experiments/strategic_v5/src/strategic_v5/g_audit.py	7859	f580bd2bc03f0b7c4de79788d0781830192f8f66260d357bc340c4aa45b12ce7
workspace/experiments/strategic_v5/src/strategic_v5/geometry.py	1121	535c707c5abcc22f2e6b9b3799ce49e5940bef768ce9cfa3d1dd49a81efd8429
workspace/experiments/strategic_v5/src/strategic_v5/h_arena.py	9627	6ab8ccf081d60ae8d014ca257090abef62ce841e075cad876928c2b1b063ed6e
workspace/experiments/strategic_v5/src/strategic_v5/h_eval_v2.py	8112	9a29a25a16623972083ae8310b7b029d9a94a0864ef2319544668d868646c112
workspace/experiments/strategic_v5/src/strategic_v5/h_rule_diagnostic.py	15087	30dfe7b86afa5b772dd78b8621bb3afbf761c2e6fc1358182544e89c73675364
workspace/experiments/strategic_v5/src/strategic_v5/high_potential_v20_gpu.py	42693	cbf290b91af81a3a38ddcf1d59c63a2727f6300123c7d3b5fc4350e49fba56f6
workspace/experiments/strategic_v5/src/strategic_v5/latest_public6_20260822_gpu.py	53110	bede5d15c6ceebcadd61fd655ecdfddc13006ed2c09fb49602c4137003dc2b13
workspace/experiments/strategic_v5/src/strategic_v5/latest_public8_gpu.py	33918	c9017620f68ae8847fe7fca3dbf9fce99d389d044db2c1804c6cba00910c9244
workspace/experiments/strategic_v5/src/strategic_v5/learned_v1.py	30492	5b8742753497e6bb62dfb93b8e137d84673b39c9fa43d078b6a539340ed21d3e
workspace/experiments/strategic_v5/src/strategic_v5/learned_v2.py	12463	0629b6baf83de8adfc40a4f555e4b17e6256829afba33460e4d379d11d3e41ae
workspace/experiments/strategic_v5/src/strategic_v5/lifecycle.py	4188	4bbe6046ba2e2a4bdc9dea2f425894c0c9d67c040b3fc83553d33f1120da43ed
workspace/experiments/strategic_v5/src/strategic_v5/opponent_v2.py	28559	4c28376397a703f3168abfc244d532c5e8d0635d8af1f9c451b43f9d13fc2eab
workspace/experiments/strategic_v5/src/strategic_v5/ppo_v1.py	10710	9a9089c4c2c27d1a3a69d7fcfc126b584dae02db15a735dca5cb43b5ad9662ae
workspace/experiments/strategic_v5/src/strategic_v5/ppo_v2.py	6955	7877dbde9c20f3f6294449c7b63c1d20a164577acef98c4d302cda1baa30f46f
workspace/experiments/strategic_v5/src/strategic_v5/public_bruce_route1_gpu.py	4490	ce6e8fc07c68fde1469942a6ab5a13d9526e7059cd83024ba53105001d54fec4
workspace/experiments/strategic_v5/src/strategic_v5/public_c68_gpu.py	9446	b33b96c3eb258be8a9b5188b5d0cdfc88544b20fc3207cd90fa9f03a79602af6
workspace/experiments/strategic_v5/src/strategic_v5/public_four_hire_gpu.py	11848	00c3a76711969191691f78464421bf6b97371636af0520ea8f37d90294e502a2
workspace/experiments/strategic_v5/src/strategic_v5/public_g02_gpu.py	24526	4de6f04eb7122de53f57fefd315f448056b498af21011313e2b61e430aeb4894
workspace/experiments/strategic_v5/src/strategic_v5/public_tran_cashflow_gpu.py	24712	a70fafacbe946742f935adb03507f773de03334d86aaa153a91cabc76007ff56
workspace/experiments/strategic_v5/src/strategic_v5/public_v13_r3_gpu.py	7028	6df77c0d4975b895ae10dd72458c8ca7a3f3ce1f03010d6427ef47187ee49beb
workspace/experiments/strategic_v5/src/strategic_v5/public_v14_gpu.py	7112	e1e358fe048df0ed5273d286030b6a0ad258b262a4fdd7b0ea31e82ce4f3263b
workspace/experiments/strategic_v5/src/strategic_v5/public_v18_closed_loop_gpu.py	5017	434f376150ac22ac21a865e4bfcd830f75f7246a9d47e9689681524558dba3c1
workspace/experiments/strategic_v5/src/strategic_v5/public_v19_control_gpu.py	3265	708d1dae7abe2fd977f5988802ce0361344181be48e7c20b5b76862c9ee7628c
workspace/experiments/strategic_v5/src/strategic_v5/public_v21_gpu.py	9928	56e14f59fd847a93aefc6d7de7e48f83c03d946f926b677ec295c792ce5369d4
workspace/experiments/strategic_v5/src/strategic_v5/public_v25_gpu.py	2195	f1fba24736d6476fe7b72f6a364dd387af17c4a321d2041e98057f49bc7d011d
workspace/experiments/strategic_v5/src/strategic_v5/replay_bc_v2.py	39155	5c0ab945cba6f4848874afe2769afa67c9cdcc100b2a02ffc25e32d89e0661e8
workspace/experiments/strategic_v5/src/strategic_v5/rollout_v2.py	16769	8e48f6f13a1b67d326cd0c99cacfa4940b4643bb8e6c51dc516501b303cd95ae
workspace/experiments/strategic_v5/src/strategic_v5/schema.py	3672	afebeef3da8c9ca9e2eac211d76c44893801592d36a658c74f0bdf5cd1eb4c38
workspace/experiments/strategic_v5/src/strategic_v5/task_cards.py	3558	445c5bbb1f9e70cf540ea8e132e081cbe9c8c0511f1f1c1e928d0a3dd912c981
workspace/experiments/strategic_v5/src/strategic_v5/turn_ledger_v2.py	39610	ef1d27283817e78b91ff19625878b20308385ca6056f1b2c1aa39d04249d8109
workspace/gpu_sim/FINAL_ACCEPTANCE.md	3054	ed34ad0af53daee183b880ad46f7450b70c47c8838c52985532e587a4ecf60e6
workspace/gpu_sim/pyproject.toml	521	4d9464a71d4820fcaeeb25025eab409024bac60164e20484f4b5fa5c8feafa19
workspace/gpu_sim/README.md	7067	0fb5bb56c9c6a0aad641d8b494544637674a4e858c2e71a0b620d20e7778e5dd
workspace/gpu_sim/reference/kaggle_environments_1_32_7/kaggriculture/AGENTS.md	13708	e1a80501a7b02a212eaac9370ada4129a64e0ee6cb3cbc790f3d77d22863fe22
workspace/gpu_sim/reference/kaggle_environments_1_32_7/kaggriculture/kaggriculture.json	6002	a82c89c1a2315b93f39775d8e025471a01b738647c9772658368ee6b1b6f4867
workspace/gpu_sim/reference/kaggle_environments_1_32_7/kaggriculture/kaggriculture.py	40356	bc8a54879ef02c7ea64b8b333d6a976f0ea65c4949149d01f463f23bccee653e
workspace/gpu_sim/reference/kaggle_environments_1_32_7/kaggriculture/README.md	26824	3081e52baf8eb2da5d861acc63a3636ce29425f6bdb79a67036ba234ac4ade00
workspace/gpu_sim/requirements-wsl.in	36	d149238da0513354d2b2ed96f9ba9686e9937e56a9d1d2c254c9ca69a729025f
workspace/gpu_sim/requirements-wsl.lock.txt	1129	22f9422ee010ff8870be66de4f69d50ca0fbad029edc6f8592c30265304d3997
workspace/gpu_sim/src/kaggriculture_jax/__init__.py	1662	b56da84a215fb52566f95bd3002f4e5ddbaaf39898ebe492a07263a5efd54153
workspace/gpu_sim/src/kaggriculture_jax/arena.py	3328	994ccb52d0140da9325463d33a862c288032afd43dad6adf7a06340b37a79c81
workspace/gpu_sim/src/kaggriculture_jax/codec.py	4718	38cb39aa68ea2c7de34b114adc271dbe64757d0d0ac93e52cc8c3083c0431e6f
workspace/gpu_sim/src/kaggriculture_jax/constants.py	2760	518ea968ff15480bee24172bca68662dbf27b1cd9bd5c33d16622ecef47f2bc0
workspace/gpu_sim/src/kaggriculture_jax/policy.py	8720	61db46f9e1eaa754fe2458b1a1e83ca37204ece0eec6f1831ee43b9fae0f40f4
workspace/gpu_sim/src/kaggriculture_jax/simulator.py	61405	df875e823e6ede85a917e53baf00c2c13b96635e534d4dfcfbc90fd844a9e8f0
workspace/gpu_sim/src/kaggriculture_jax/state.py	5622	a36abd7b9312e217b53a7b34bf2acab8ff7ee7dcce77f2468f0cff3030a0858f
workspace/gpu_sim/src/kaggriculture_jax/training.py	12341	d827f4de429fa3b08dd8fdc432fd74b173228c809f79cafdc6b6651691f432b7
workspace/gpu_sim/src/kaggriculture_jax/types.py	1330	caacd21e3f671a447bfafd666d4dca36b0c94fa73543c72cc427662879ade068
workspace/public_notebooks/recent_latest_20260822_scan_v1/boatlee__v21-r1-public-state-route-portfolio/kernel-metadata.json	651	01eccce7a69f91da1868787a568a549ea6f1483fe3f3b7ebe63fd23f77dc43b6
workspace/public_notebooks/recent_latest_20260822_scan_v1/boatlee__v21-r1-public-state-route-portfolio/v21-r1-public-state-route-portfolio.ipynb	169024	0d02691e1383f24b60d03c4b0170704bdeed05a8b1fb899511840e167d45632a
workspace/public_notebooks/recent_latest_20260822_scan_v1/kaitofukami__v39-history-gate/103-126-untouched-future-top-30-v39-history-gate.ipynb	289852	9e86ef93a93f5af1be8f64b7a491f9714f92db89a8e92fc5eeda7fdb4e09a0c5
workspace/public_notebooks/recent_latest_20260822_scan_v1/kaitofukami__v39-history-gate/kernel-metadata.json	694	0f6b44977575ce1ef14066f7658dfdfacfcfb0b106c38ca573f6b85fc1c6d16c
workspace/public_notebooks/recent_latest_20260822_scan_v1/prvsiyan__moon-counts-melons-latest/kaggriculture-frontier-the-moon-counts-melons.ipynb	901042	d7004d67f4264cd0446e03e701c3d8fa84a75f9b8e7c00d8cc3c28d1a406e197
workspace/public_notebooks/recent_latest_20260822_scan_v1/prvsiyan__moon-counts-melons-latest/kernel-metadata.json	681	0492c1a49eff72c72a41191681dd56a53107929f18021c06b41a44fe76ba472a
workspace/public_notebooks/recent_latest_20260822_scan_v1/prvsiyan__soil-remembers-rain-latest/kaggriculture-frontier-the-soil-remembers-rain.ipynb	923336	d9e8cb805b12e0f9d60a59dcd21046a6aba9f3bb1b4a237c6dfa5f66b0eb2977
workspace/public_notebooks/recent_latest_20260822_scan_v1/prvsiyan__soil-remembers-rain-latest/kernel-metadata.json	684	3c499b656d7aa15fdadfbd9eb0c83504ce3c0b5c0dafbe1657969493f4f1c2dd
workspace/public_notebooks/recent_latest_20260822_scan_v1/salemali7__3094-score-latest/3094-score-kaggriculture.ipynb	97262	b3ef54aca96ef9f8822ac230bf27215f5c965a9ea6f8658e2ab022f2460f6d9e
workspace/public_notebooks/recent_latest_20260822_scan_v1/salemali7__3094-score-latest/kernel-metadata.json	620	6df3dbac5c9a5d5d6cd9e1006d9ef61616b7cf6f967a6d9c5e21e9bf74f0ba08
workspace/public_notebooks/recent_latest_20260822_scan_v1/SCAN_SUMMARY_ZH.md	7596	6cd483ad53df3fc5107056a1f512df33dc482241fc76528ea7999799ce32a2a8
workspace/public_notebooks/recent_latest_20260822_scan_v1/stevenleehans__e284-hadouken/kaggriculture-e284-hadouken.ipynb	94700	8b775f3b47cc9db73bbee98e70d4331a13d35e0bd90264e1296901e9885ec538
workspace/public_notebooks/recent_latest_20260822_scan_v1/stevenleehans__e284-hadouken/kernel-metadata.json	664	9ad915a767e1a99c3722b49a1e347da2923ff9be4840669978e69fba059c1cca
workspace/references/public_latest6_20260822/boatlee_v21_latest/kernel-metadata.json	651	01eccce7a69f91da1868787a568a549ea6f1483fe3f3b7ebe63fd23f77dc43b6
workspace/references/public_latest6_20260822/boatlee_v21_latest/main.py	158309	c6f96a8521dc9aa369b6f27e5b36b9d481e5c1688f50c8ca215c3bb53f1f9eb8
workspace/references/public_latest6_20260822/kaito_v39_history_gate_latest/kernel-metadata.json	694	0f6b44977575ce1ef14066f7658dfdfacfcfb0b106c38ca573f6b85fc1c6d16c
workspace/references/public_latest6_20260822/kaito_v39_history_gate_latest/main.py	259298	c0298c82c2a2f9b41cd48657b63b16a9c6f07ea3ee02dc85062f807e54e8c54a
workspace/references/public_latest6_20260822/manifest.json	4926	895dcde8b59a1b2c12c1c56b0cb93b4290e80b982afa47a617908f20492c06ad
workspace/references/public_latest6_20260822/prvsiyan_moon_v92_latest/kernel-metadata.json	681	0492c1a49eff72c72a41191681dd56a53107929f18021c06b41a44fe76ba472a
workspace/references/public_latest6_20260822/prvsiyan_moon_v92_latest/main.py	217855	ca4f2c0925c38c1cacbb7756ef791f04a45f65660ce4914ad41271ad5798e09f
workspace/references/public_latest6_20260822/prvsiyan_soil_v26h_latest/kernel-metadata.json	684	3c499b656d7aa15fdadfbd9eb0c83504ce3c0b5c0dafbe1657969493f4f1c2dd
workspace/references/public_latest6_20260822/prvsiyan_soil_v26h_latest/main.py	174432	f4b8c16395382060d23f70fa65dd376fd567ab55c430d7aee41bbe0bc117a88c
workspace/references/public_latest6_20260822/salem_harvestforge_x_latest/kernel-metadata.json	620	6df3dbac5c9a5d5d6cd9e1006d9ef61616b7cf6f967a6d9c5e21e9bf74f0ba08
workspace/references/public_latest6_20260822/salem_harvestforge_x_latest/main.py	61980	d39dba50793d9777c990347443bf0c481c78adaea86055f6f6b0600dcfcd9f2e
workspace/references/public_latest6_20260822/steven_e284_hadouken_latest/kernel-metadata.json	664	9ad915a767e1a99c3722b49a1e347da2923ff9be4840669978e69fba059c1cca
workspace/references/public_latest6_20260822/steven_e284_hadouken_latest/main.py	69239	b5c2e156689b41cea5f2e1a0a1cae2e18fd70423931bbac0885bba8b2142c497
workspace/submission/55708153_fc24b_34agent_90pct_strict_jax_parity/cpu_acceptance.json	10952	3721c87fdad70470cdc683e7b30b6c0b0beba9fd17124f46345109cee594db56
workspace/submission/55708153_fc24b_34agent_90pct_strict_jax_parity/final_acceptance_report.md	10633	4290107399bb42a0c666b23c735311fec8ff940d0003fa047c3c367b6a5c7e76
workspace/submission/55708153_fc24b_34agent_90pct_strict_jax_parity/frozen_acceptance_manifest.json	16225	33db64da0d2290155fc22c3924f0bc1c4f7434aa2ce9b23b853e3c376d029097
workspace/submission/55708153_fc24b_34agent_90pct_strict_jax_parity/jax_stepwise_parity.json	2050	a0c5a9f96477c3880100e5e95b0d2de6122c8a1d9dc5b2f88fb90fe1ae40e617
workspace/submission/55708153_fc24b_34agent_90pct_strict_jax_parity/main.py	542721	e7abc6c215cf5a2fb2cf8fede83157568123ddba0e086571ecd82a24751d9e6b
workspace/submission/55708153_fc24b_34agent_90pct_strict_jax_parity/public_submission_report.md	827	61f8c48146b6e86f715e14245fd8f28a9dc693e1bdb1c092468ff7416eb47890
workspace/submission/55708153_fc24b_34agent_90pct_strict_jax_parity/submission_record.json	951	86cc626c284a5df87c085ed5332b2badf791496e3bc0df2677555099c91037a8
workspace/submission/55708153_fc24b_34agent_90pct_strict_jax_parity/submission.tar.gz	434776	9871648e899e7498c0e7913f454b658f99d5ec4953ff5745d289afe78e069a59
workspace/submission/55708153_fc24b_34agent_90pct_strict_jax_parity/upload_receipt.json	394	307186823115ee92372db8f9a4a691bf7f1df72d5b7dd499944f7c1177ddc291
