seed,seat,T2_cash,T2_opponent_cash,T2_margin,T2_win,T2_steps,T2_error,R1_cash,R1_opponent_cash,R1_margin,R1_win,R1_steps,R1_error,R2_cash,R2_opponent_cash,R2_margin,R2_win,R2_steps,R2_error
2609100000,0,140976.0,132646.0,8330.0,True,719,,123126.0,121961.0,1165.0,True,719,,123126.0,121961.0,1165.0,True,719,
2609100000,1,140976.0,132646.0,8330.0,True,719,,123126.0,121961.0,1165.0,True,719,,123126.0,121961.0,1165.0,True,719,
2609100001,0,118592.0,117149.0,1443.0,True,719,,93615.0,105912.0,-12297.0,False,719,,93615.0,105912.0,-12297.0,False,719,
2609100001,1,75222.0,83809.0,-8587.0,False,719,,123946.0,106041.0,17905.0,True,719,,123946.0,106041.0,17905.0,True,719,
2609100002,0,84141.0,73196.0,10945.0,True,719,,176091.0,80803.0,95288.0,True,719,,160575.0,89347.0,71228.0,True,719,
2609100002,1,84141.0,73196.0,10945.0,True,719,,176091.0,80803.0,95288.0,True,719,,160575.0,89347.0,71228.0,True,719,
2609100003,0,134319.0,131820.0,2499.0,True,719,,77916.0,71291.0,6625.0,True,719,,77919.0,71289.0,6630.0,True,719,
2609100003,1,134319.0,131820.0,2499.0,True,719,,77916.0,71291.0,6625.0,True,719,,77919.0,71289.0,6630.0,True,719,
2609100004,0,93152.0,93834.0,-682.0,False,719,,99817.0,102316.0,-2499.0,False,719,,99817.0,102316.0,-2499.0,False,719,
2609100004,1,93175.0,93832.0,-657.0,False,719,,99817.0,102316.0,-2499.0,False,719,,99817.0,102316.0,-2499.0,False,719,
2609100005,0,88714.0,93195.0,-4481.0,False,719,,80075.0,76768.0,3307.0,True,719,,80075.0,76768.0,3307.0,True,719,
2609100005,1,88714.0,93195.0,-4481.0,False,719,,80075.0,76768.0,3307.0,True,719,,80075.0,76768.0,3307.0,True,719,
2609100006,0,80400.0,89788.0,-9388.0,False,719,,88363.0,79876.0,8487.0,True,719,,88363.0,79876.0,8487.0,True,719,
2609100006,1,80400.0,89788.0,-9388.0,False,719,,88363.0,79876.0,8487.0,True,719,,88363.0,79876.0,8487.0,True,719,
2609100007,0,117406.0,113471.0,3935.0,True,719,,72908.0,69884.0,3024.0,True,719,,72908.0,69884.0,3024.0,True,719,
2609100007,1,117406.0,113471.0,3935.0,True,719,,72908.0,69884.0,3024.0,True,719,,72908.0,69884.0,3024.0,True,719,
2609100008,0,108187.0,96745.0,11442.0,True,719,,73453.0,58849.0,14604.0,True,719,,73453.0,58849.0,14604.0,True,719,
2609100008,1,108187.0,96745.0,11442.0,True,719,,74684.0,70429.0,4255.0,True,719,,74684.0,70429.0,4255.0,True,719,
2609100009,0,83512.0,91434.0,-7922.0,False,719,,94063.0,91628.0,2435.0,True,719,,94161.0,91499.0,2662.0,True,719,
2609100009,1,83512.0,91434.0,-7922.0,False,719,,94063.0,91628.0,2435.0,True,719,,94161.0,91499.0,2662.0,True,719,
2609100010,0,95653.0,92131.0,3522.0,True,719,,94496.0,91130.0,3366.0,True,719,,94496.0,91130.0,3366.0,True,719,
2609100010,1,95653.0,92131.0,3522.0,True,719,,94496.0,91130.0,3366.0,True,719,,94496.0,91130.0,3366.0,True,719,
2609100011,0,76650.0,74046.0,2604.0,True,719,,72574.0,73315.0,-741.0,False,719,,73309.0,73754.0,-445.0,False,719,
2609100011,1,76650.0,74046.0,2604.0,True,719,,72574.0,73315.0,-741.0,False,719,,73309.0,73754.0,-445.0,False,719,
2609100012,0,122486.0,105734.0,16752.0,True,719,,105564.0,84857.0,20707.0,True,719,,92762.0,89668.0,3094.0,True,719,
2609100012,1,122486.0,105734.0,16752.0,True,719,,105564.0,84857.0,20707.0,True,719,,92762.0,89668.0,3094.0,True,719,
2609100013,0,96617.0,95875.0,742.0,True,719,,94943.0,83665.0,11278.0,True,719,,94943.0,83665.0,11278.0,True,719,
2609100013,1,96617.0,95875.0,742.0,True,719,,94943.0,83665.0,11278.0,True,719,,94943.0,83665.0,11278.0,True,719,
2609100014,0,82771.0,76123.0,6648.0,True,719,,115135.0,118691.0,-3556.0,False,719,,115137.0,118688.0,-3551.0,False,719,
2609100014,1,82771.0,76123.0,6648.0,True,719,,115135.0,118691.0,-3556.0,False,719,,115137.0,118688.0,-3551.0,False,719,
2609100015,0,112367.0,105433.0,6934.0,True,719,,146677.0,122641.0,24036.0,True,719,,146677.0,122641.0,24036.0,True,719,
2609100015,1,112367.0,105433.0,6934.0,True,719,,146677.0,122641.0,24036.0,True,719,,146677.0,122641.0,24036.0,True,719,
2609100016,0,92432.0,111737.0,-19305.0,False,719,,98938.0,100232.0,-1294.0,False,719,,95334.0,91257.0,4077.0,True,719,
2609100016,1,92432.0,111736.0,-19304.0,False,719,,98938.0,100232.0,-1294.0,False,719,,95334.0,91257.0,4077.0,True,719,
2609100017,0,142622.0,131491.0,11131.0,True,719,,102058.0,89387.0,12671.0,True,719,,102098.0,89350.0,12748.0,True,719,
2609100017,1,142622.0,131491.0,11131.0,True,719,,102058.0,89387.0,12671.0,True,719,,102098.0,89350.0,12748.0,True,719,
2609100018,0,131596.0,121945.0,9651.0,True,719,,107112.0,104167.0,2945.0,True,719,,107112.0,104167.0,2945.0,True,719,
2609100018,1,131596.0,121945.0,9651.0,True,719,,107112.0,104167.0,2945.0,True,719,,107112.0,104167.0,2945.0,True,719,
2609100019,0,80913.0,75724.0,5189.0,True,719,,79607.0,77076.0,2531.0,True,719,,73906.0,70908.0,2998.0,True,719,
2609100019,1,80913.0,75724.0,5189.0,True,719,,79607.0,77076.0,2531.0,True,719,,73906.0,70908.0,2998.0,True,719,
2609100020,0,76736.0,91026.0,-14290.0,False,719,,78835.0,86928.0,-8093.0,False,719,,78835.0,86928.0,-8093.0,False,719,
2609100020,1,82672.0,91100.0,-8428.0,False,719,,78835.0,86928.0,-8093.0,False,719,,78835.0,86928.0,-8093.0,False,719,
2609100021,0,75569.0,69928.0,5641.0,True,719,,117348.0,103983.0,13365.0,True,719,,121316.0,118414.0,2902.0,True,719,
2609100021,1,75569.0,69928.0,5641.0,True,719,,117348.0,103983.0,13365.0,True,719,,121316.0,118414.0,2902.0,True,719,
2609100022,0,100012.0,97217.0,2795.0,True,719,,88998.0,90434.0,-1436.0,False,719,,88998.0,90434.0,-1436.0,False,719,
2609100022,1,100012.0,97217.0,2795.0,True,719,,88998.0,90434.0,-1436.0,False,719,,88998.0,90434.0,-1436.0,False,719,
2609100023,0,86709.0,84721.0,1988.0,True,719,,131410.0,120022.0,11388.0,True,719,,131410.0,120022.0,11388.0,True,719,
2609100023,1,86709.0,84721.0,1988.0,True,719,,131410.0,120022.0,11388.0,True,719,,131410.0,120022.0,11388.0,True,719,
2609100024,0,100289.0,99513.0,776.0,True,719,,97569.0,103264.0,-5695.0,False,719,,97569.0,103264.0,-5695.0,False,719,
2609100024,1,100289.0,99513.0,776.0,True,719,,97569.0,103264.0,-5695.0,False,719,,97569.0,103264.0,-5695.0,False,719,
2609100025,0,126047.0,124880.0,1167.0,True,719,,109845.0,102103.0,7742.0,True,719,,109804.0,102103.0,7701.0,True,719,
2609100025,1,125432.0,122214.0,3218.0,True,719,,106034.0,98588.0,7446.0,True,719,,106033.0,98588.0,7445.0,True,719,
2609100026,0,78357.0,86195.0,-7838.0,False,719,,80128.0,78367.0,1761.0,True,719,,80216.0,78382.0,1834.0,True,719,
2609100026,1,78357.0,86195.0,-7838.0,False,719,,80128.0,78367.0,1761.0,True,719,,80216.0,78382.0,1834.0,True,719,
2609100027,0,134099.0,138088.0,-3989.0,False,719,,141761.0,132027.0,9734.0,True,719,,147910.0,135351.0,12559.0,True,719,
2609100027,1,134099.0,138088.0,-3989.0,False,719,,141761.0,132027.0,9734.0,True,719,,147910.0,135351.0,12559.0,True,719,
2609100028,0,127155.0,130054.0,-2899.0,False,719,,143107.0,136122.0,6985.0,True,719,,143103.0,136122.0,6981.0,True,719,
2609100028,1,127155.0,130054.0,-2899.0,False,719,,143107.0,136122.0,6985.0,True,719,,143103.0,136122.0,6981.0,True,719,
2609100029,0,98004.0,100815.0,-2811.0,False,719,,107248.0,104056.0,3192.0,True,719,,87755.0,88225.0,-470.0,False,719,
2609100029,1,98004.0,100815.0,-2811.0,False,719,,107248.0,104056.0,3192.0,True,719,,87755.0,88225.0,-470.0,False,719,
2609100030,0,122435.0,119008.0,3427.0,True,719,,109871.0,110603.0,-732.0,False,719,,109871.0,110603.0,-732.0,False,719,
2609100030,1,122435.0,119008.0,3427.0,True,719,,97337.0,103078.0,-5741.0,False,719,,97259.0,103062.0,-5803.0,False,719,
2609100031,0,96001.0,102979.0,-6978.0,False,719,,97100.0,81074.0,16026.0,True,719,,97102.0,81069.0,16033.0,True,719,
2609100031,1,96001.0,102979.0,-6978.0,False,719,,97100.0,81074.0,16026.0,True,719,,97102.0,81069.0,16033.0,True,719,
2609100032,0,127818.0,131178.0,-3360.0,False,719,,95082.0,96170.0,-1088.0,False,719,,95085.0,96160.0,-1075.0,False,719,
2609100032,1,127818.0,131178.0,-3360.0,False,719,,95082.0,96170.0,-1088.0,False,719,,95085.0,96160.0,-1075.0,False,719,
2609100033,0,106841.0,107926.0,-1085.0,False,719,,91887.0,93921.0,-2034.0,False,719,,91887.0,93921.0,-2034.0,False,719,
2609100033,1,106841.0,107926.0,-1085.0,False,719,,91887.0,93921.0,-2034.0,False,719,,91887.0,93921.0,-2034.0,False,719,
2609100034,0,84481.0,88843.0,-4362.0,False,719,,134665.0,110526.0,24139.0,True,719,,86585.0,74462.0,12123.0,True,719,
2609100034,1,84481.0,88843.0,-4362.0,False,719,,134665.0,110526.0,24139.0,True,719,,86785.0,80789.0,5996.0,True,719,
2609100035,0,118739.0,109098.0,9641.0,True,719,,95302.0,101356.0,-6054.0,False,719,,70681.0,80504.0,-9823.0,False,719,
2609100035,1,123681.0,115483.0,8198.0,True,719,,95302.0,101356.0,-6054.0,False,719,,70681.0,80504.0,-9823.0,False,719,
2609100036,0,81226.0,90688.0,-9462.0,False,719,,63805.0,75294.0,-11489.0,False,719,,69440.0,74405.0,-4965.0,False,719,
2609100036,1,81226.0,90688.0,-9462.0,False,719,,63805.0,75294.0,-11489.0,False,719,,69440.0,74405.0,-4965.0,False,719,
2609100037,0,75555.0,72660.0,2895.0,True,719,,129941.0,119518.0,10423.0,True,719,,143668.0,127728.0,15940.0,True,719,
2609100037,1,75555.0,72660.0,2895.0,True,719,,129941.0,119518.0,10423.0,True,719,,143668.0,127728.0,15940.0,True,719,
2609100038,0,73505.0,84741.0,-11236.0,False,719,,95593.0,100392.0,-4799.0,False,719,,95593.0,100392.0,-4799.0,False,719,
2609100038,1,73505.0,84741.0,-11236.0,False,719,,125344.0,122040.0,3304.0,True,719,,125323.0,122036.0,3287.0,True,719,
2609100039,0,90811.0,89034.0,1777.0,True,719,,100915.0,110795.0,-9880.0,False,719,,100915.0,110795.0,-9880.0,False,719,
2609100039,1,122919.0,112222.0,10697.0,True,719,,76296.0,76589.0,-293.0,False,719,,76268.0,76563.0,-295.0,False,719,
2609100040,0,100260.0,117946.0,-17686.0,False,719,,98434.0,100660.0,-2226.0,False,719,,132892.0,122506.0,10386.0,True,719,
2609100040,1,100260.0,117946.0,-17686.0,False,719,,99310.0,101678.0,-2368.0,False,719,,132892.0,122506.0,10386.0,True,719,
2609100041,0,69256.0,73741.0,-4485.0,False,719,,78684.0,77147.0,1537.0,True,719,,78681.0,77147.0,1534.0,True,719,
2609100041,1,69345.0,67481.0,1864.0,True,719,,100515.0,107321.0,-6806.0,False,719,,100579.0,107237.0,-6658.0,False,719,
2609100042,0,93285.0,98475.0,-5190.0,False,719,,86214.0,74259.0,11955.0,True,719,,85789.0,74556.0,11233.0,True,719,
2609100042,1,93285.0,98475.0,-5190.0,False,719,,86214.0,74259.0,11955.0,True,719,,85789.0,74556.0,11233.0,True,719,
2609100043,0,86761.0,97250.0,-10489.0,False,719,,68705.0,54252.0,14453.0,True,719,,67852.0,54914.0,12938.0,True,719,
2609100043,1,86761.0,97250.0,-10489.0,False,719,,68705.0,54252.0,14453.0,True,719,,67852.0,54914.0,12938.0,True,719,
2609100044,0,112901.0,127955.0,-15054.0,False,719,,77432.0,90165.0,-12733.0,False,719,,77432.0,90165.0,-12733.0,False,719,
2609100044,1,112901.0,127955.0,-15054.0,False,719,,77432.0,90165.0,-12733.0,False,719,,77432.0,90165.0,-12733.0,False,719,
2609100045,0,172243.0,136506.0,35737.0,True,719,,169332.0,129748.0,39584.0,True,719,,169310.0,129756.0,39554.0,True,719,
2609100045,1,172243.0,136506.0,35737.0,True,719,,169332.0,129748.0,39584.0,True,719,,169310.0,129756.0,39554.0,True,719,
2609100046,0,89869.0,96066.0,-6197.0,False,719,,131641.0,124077.0,7564.0,True,719,,133825.0,126860.0,6965.0,True,719,
2609100046,1,89869.0,96066.0,-6197.0,False,719,,131641.0,124077.0,7564.0,True,719,,133825.0,126860.0,6965.0,True,719,
2609100047,0,115383.0,94160.0,21223.0,True,719,,110750.0,92644.0,18106.0,True,719,,110736.0,92489.0,18247.0,True,719,
2609100047,1,115383.0,94160.0,21223.0,True,719,,110750.0,92644.0,18106.0,True,719,,110736.0,92489.0,18247.0,True,719,
2609100048,0,98914.0,113469.0,-14555.0,False,719,,156145.0,142201.0,13944.0,True,719,,156145.0,142201.0,13944.0,True,719,
2609100048,1,98914.0,113469.0,-14555.0,False,719,,156145.0,142201.0,13944.0,True,719,,156145.0,142201.0,13944.0,True,719,
2609100049,0,87096.0,102165.0,-15069.0,False,719,,97689.0,62302.0,35387.0,True,719,,106302.0,60897.0,45405.0,True,719,
2609100049,1,87096.0,102165.0,-15069.0,False,719,,97689.0,62302.0,35387.0,True,719,,106302.0,60897.0,45405.0,True,719,
2609100050,0,80068.0,82442.0,-2374.0,False,719,,98785.0,90553.0,8232.0,True,719,,98785.0,90553.0,8232.0,True,719,
2609100050,1,80068.0,82442.0,-2374.0,False,719,,98598.0,89755.0,8843.0,True,719,,98598.0,89755.0,8843.0,True,719,
2609100051,0,86721.0,96202.0,-9481.0,False,719,,96135.0,101969.0,-5834.0,False,719,,96135.0,101969.0,-5834.0,False,719,
2609100051,1,86721.0,96202.0,-9481.0,False,719,,96135.0,101969.0,-5834.0,False,719,,96135.0,101969.0,-5834.0,False,719,
2609100052,0,90548.0,97070.0,-6522.0,False,719,,93633.0,92370.0,1263.0,True,719,,93903.0,94019.0,-116.0,False,719,
2609100052,1,90548.0,97070.0,-6522.0,False,719,,93633.0,92370.0,1263.0,True,719,,93903.0,94019.0,-116.0,False,719,
2609100053,0,69162.0,67219.0,1943.0,True,719,,112057.0,89744.0,22313.0,True,719,,112057.0,89744.0,22313.0,True,719,
2609100053,1,69162.0,67219.0,1943.0,True,719,,112057.0,89744.0,22313.0,True,719,,112057.0,89744.0,22313.0,True,719,
2609100054,0,90819.0,93470.0,-2651.0,False,719,,63581.0,72724.0,-9143.0,False,719,,69049.0,57107.0,11942.0,True,719,
2609100054,1,90819.0,93470.0,-2651.0,False,719,,63581.0,72724.0,-9143.0,False,719,,69049.0,57107.0,11942.0,True,719,
2609100055,0,108784.0,115374.0,-6590.0,False,719,,106925.0,106658.0,267.0,True,719,,106499.0,106254.0,245.0,True,719,
2609100055,1,108784.0,115374.0,-6590.0,False,719,,106925.0,106658.0,267.0,True,719,,106499.0,106254.0,245.0,True,719,
2609100056,0,102944.0,86456.0,16488.0,True,719,,126989.0,113363.0,13626.0,True,719,,126991.0,113361.0,13630.0,True,719,
2609100056,1,102944.0,86456.0,16488.0,True,719,,126989.0,113363.0,13626.0,True,719,,126991.0,113361.0,13630.0,True,719,
2609100057,0,133446.0,120138.0,13308.0,True,719,,73417.0,62166.0,11251.0,True,719,,73418.0,62165.0,11253.0,True,719,
2609100057,1,133446.0,120138.0,13308.0,True,719,,73417.0,62166.0,11251.0,True,719,,73418.0,62165.0,11253.0,True,719,
2609100058,0,85109.0,97184.0,-12075.0,False,719,,105458.0,103634.0,1824.0,True,719,,105456.0,103632.0,1824.0,True,719,
2609100058,1,85109.0,97184.0,-12075.0,False,719,,102508.0,102372.0,136.0,True,719,,102512.0,102368.0,144.0,True,719,
2609100059,0,91575.0,76411.0,15164.0,True,719,,91390.0,75997.0,15393.0,True,719,,91415.0,76020.0,15395.0,True,719,
2609100059,1,91575.0,76411.0,15164.0,True,719,,91390.0,75997.0,15393.0,True,719,,91415.0,76020.0,15395.0,True,719,
2609100060,0,97920.0,88493.0,9427.0,True,719,,132767.0,119867.0,12900.0,True,719,,89643.0,90367.0,-724.0,False,719,
2609100060,1,103914.0,95445.0,8469.0,True,719,,134083.0,120669.0,13414.0,True,719,,117840.0,114384.0,3456.0,True,719,
2609100061,0,86439.0,90124.0,-3685.0,False,719,,89805.0,81500.0,8305.0,True,719,,89805.0,81500.0,8305.0,True,719,
2609100061,1,86439.0,90123.0,-3684.0,False,719,,89805.0,81500.0,8305.0,True,719,,89805.0,81500.0,8305.0,True,719,
2609100062,0,79286.0,76576.0,2710.0,True,719,,90422.0,93671.0,-3249.0,False,719,,90422.0,93671.0,-3249.0,False,719,
2609100062,1,79286.0,76576.0,2710.0,True,719,,90422.0,93671.0,-3249.0,False,719,,90422.0,93671.0,-3249.0,False,719,
2609100063,0,93329.0,94480.0,-1151.0,False,719,,83793.0,95665.0,-11872.0,False,719,,83793.0,95665.0,-11872.0,False,719,
2609100063,1,93329.0,94480.0,-1151.0,False,719,,83793.0,95665.0,-11872.0,False,719,,83793.0,95665.0,-11872.0,False,719,
2609100064,0,133522.0,107828.0,25694.0,True,719,,112299.0,110795.0,1504.0,True,719,,112299.0,110795.0,1504.0,True,719,
2609100064,1,133522.0,107828.0,25694.0,True,719,,112299.0,110795.0,1504.0,True,719,,112299.0,110795.0,1504.0,True,719,
2609100065,0,93991.0,93658.0,333.0,True,719,,94657.0,89047.0,5610.0,True,719,,94657.0,89047.0,5610.0,True,719,
2609100065,1,93991.0,93658.0,333.0,True,719,,94657.0,89047.0,5610.0,True,719,,94657.0,89047.0,5610.0,True,719,
2609100066,0,85842.0,77319.0,8523.0,True,719,,77792.0,82558.0,-4766.0,False,719,,77780.0,82558.0,-4778.0,False,719,
2609100066,1,85842.0,77319.0,8523.0,True,719,,77792.0,82558.0,-4766.0,False,719,,77780.0,82558.0,-4778.0,False,719,
2609100067,0,91337.0,97939.0,-6602.0,False,719,,117482.0,105582.0,11900.0,True,719,,117482.0,105582.0,11900.0,True,719,
2609100067,1,91337.0,97939.0,-6602.0,False,719,,117482.0,105582.0,11900.0,True,719,,117482.0,105582.0,11900.0,True,719,
2609100068,0,68870.0,55664.0,13206.0,True,719,,111439.0,104827.0,6612.0,True,719,,111530.0,104970.0,6560.0,True,719,
2609100068,1,68870.0,55664.0,13206.0,True,719,,109259.0,104104.0,5155.0,True,719,,109259.0,104104.0,5155.0,True,719,
2609100069,0,93128.0,91016.0,2112.0,True,719,,98518.0,94097.0,4421.0,True,719,,98518.0,94096.0,4422.0,True,719,
2609100069,1,93128.0,91016.0,2112.0,True,719,,98518.0,94097.0,4421.0,True,719,,98518.0,94096.0,4422.0,True,719,
2609100070,0,89328.0,96385.0,-7057.0,False,719,,72931.0,68198.0,4733.0,True,719,,73283.0,70034.0,3249.0,True,719,
2609100070,1,89328.0,96385.0,-7057.0,False,719,,72931.0,68198.0,4733.0,True,719,,73283.0,70034.0,3249.0,True,719,
2609100071,0,120995.0,106627.0,14368.0,True,719,,122184.0,123095.0,-911.0,False,719,,118903.0,115992.0,2911.0,True,719,
2609100071,1,97135.0,98395.0,-1260.0,False,719,,140958.0,122439.0,18519.0,True,719,,140958.0,122439.0,18519.0,True,719,
2609100072,0,80453.0,75449.0,5004.0,True,719,,90909.0,69219.0,21690.0,True,719,,90909.0,69219.0,21690.0,True,719,
2609100072,1,80453.0,75449.0,5004.0,True,719,,90909.0,69219.0,21690.0,True,719,,90909.0,69219.0,21690.0,True,719,
2609100073,0,63909.0,48252.0,15657.0,True,719,,70320.0,61827.0,8493.0,True,719,,70320.0,61827.0,8493.0,True,719,
2609100073,1,63909.0,48252.0,15657.0,True,719,,70320.0,61827.0,8493.0,True,719,,70320.0,61827.0,8493.0,True,719,
2609100074,0,118745.0,116022.0,2723.0,True,719,,164201.0,132955.0,31246.0,True,719,,164200.0,132955.0,31245.0,True,719,
2609100074,1,118745.0,116022.0,2723.0,True,719,,164201.0,132955.0,31246.0,True,719,,164200.0,132955.0,31245.0,True,719,
2609100075,0,69885.0,64776.0,5109.0,True,719,,135130.0,122693.0,12437.0,True,719,,134114.0,122528.0,11586.0,True,719,
2609100075,1,69885.0,64776.0,5109.0,True,719,,135221.0,122348.0,12873.0,True,719,,134114.0,122528.0,11586.0,True,719,
2609100076,0,73495.0,75434.0,-1939.0,False,719,,74038.0,66872.0,7166.0,True,719,,74038.0,66872.0,7166.0,True,719,
2609100076,1,73495.0,75434.0,-1939.0,False,719,,74038.0,66872.0,7166.0,True,719,,74038.0,66872.0,7166.0,True,719,
2609100077,0,86828.0,86448.0,380.0,True,719,,100083.0,103607.0,-3524.0,False,719,,99592.0,103911.0,-4319.0,False,719,
2609100077,1,86828.0,86448.0,380.0,True,719,,100083.0,103607.0,-3524.0,False,719,,99592.0,103911.0,-4319.0,False,719,
2609100078,0,97314.0,99801.0,-2487.0,False,719,,84090.0,67771.0,16319.0,True,719,,84113.0,67793.0,16320.0,True,719,
2609100078,1,97314.0,99801.0,-2487.0,False,719,,84090.0,67771.0,16319.0,True,719,,84113.0,67793.0,16320.0,True,719,
2609100079,0,78669.0,84054.0,-5385.0,False,719,,88438.0,88699.0,-261.0,False,719,,88438.0,88699.0,-261.0,False,719,
2609100079,1,78669.0,84054.0,-5385.0,False,719,,88438.0,88699.0,-261.0,False,719,,88438.0,88699.0,-261.0,False,719,
2609100080,0,107525.0,121145.0,-13620.0,False,719,,79770.0,75372.0,4398.0,True,719,,79770.0,75372.0,4398.0,True,719,
2609100080,1,107525.0,121145.0,-13620.0,False,719,,79770.0,75372.0,4398.0,True,719,,79770.0,75372.0,4398.0,True,719,
2609100081,0,82538.0,95120.0,-12582.0,False,719,,127882.0,114031.0,13851.0,True,719,,127882.0,114031.0,13851.0,True,719,
2609100081,1,95017.0,95206.0,-189.0,False,719,,126808.0,104555.0,22253.0,True,719,,126770.0,104555.0,22215.0,True,719,
2609100082,0,95884.0,109932.0,-14048.0,False,719,,143375.0,116183.0,27192.0,True,719,,143377.0,116181.0,27196.0,True,719,
2609100082,1,95884.0,109932.0,-14048.0,False,719,,143375.0,116183.0,27192.0,True,719,,143377.0,116181.0,27196.0,True,719,
2609100083,0,76076.0,90125.0,-14049.0,False,719,,153197.0,138320.0,14877.0,True,719,,139061.0,133772.0,5289.0,True,719,
2609100083,1,76076.0,90125.0,-14049.0,False,719,,150772.0,134530.0,16242.0,True,719,,154656.0,142506.0,12150.0,True,719,
2609100084,0,106827.0,116752.0,-9925.0,False,719,,69003.0,68261.0,742.0,True,719,,65699.0,57973.0,7726.0,True,719,
2609100084,1,106827.0,116752.0,-9925.0,False,719,,69003.0,68261.0,742.0,True,719,,65699.0,57973.0,7726.0,True,719,
2609100085,0,84615.0,85834.0,-1219.0,False,719,,89251.0,90120.0,-869.0,False,719,,89251.0,90120.0,-869.0,False,719,
2609100085,1,84615.0,85834.0,-1219.0,False,719,,89251.0,90120.0,-869.0,False,719,,89251.0,90120.0,-869.0,False,719,
2609100086,0,77292.0,75777.0,1515.0,True,719,,97687.0,104286.0,-6599.0,False,719,,97667.0,104286.0,-6619.0,False,719,
2609100086,1,77292.0,75777.0,1515.0,True,719,,111041.0,101677.0,9364.0,True,719,,111041.0,101677.0,9364.0,True,719,
2609100087,0,95106.0,88373.0,6733.0,True,719,,74002.0,82235.0,-8233.0,False,719,,74000.0,82235.0,-8235.0,False,719,
2609100087,1,95106.0,88373.0,6733.0,True,719,,74002.0,82235.0,-8233.0,False,719,,74000.0,82235.0,-8235.0,False,719,
2609100088,0,158094.0,132179.0,25915.0,True,719,,79812.0,73951.0,5861.0,True,719,,78620.0,74557.0,4063.0,True,719,
2609100088,1,158094.0,132179.0,25915.0,True,719,,79812.0,73951.0,5861.0,True,719,,78620.0,74557.0,4063.0,True,719,
2609100089,0,75664.0,73554.0,2110.0,True,719,,80442.0,84932.0,-4490.0,False,719,,121252.0,116803.0,4449.0,True,719,
2609100089,1,79600.0,64370.0,15230.0,True,719,,182541.0,137593.0,44948.0,True,719,,182541.0,137593.0,44948.0,True,719,
2609100090,0,150753.0,146169.0,4584.0,True,719,,123560.0,112859.0,10701.0,True,719,,123560.0,112859.0,10701.0,True,719,
2609100090,1,150753.0,146169.0,4584.0,True,719,,123560.0,112859.0,10701.0,True,719,,123560.0,112859.0,10701.0,True,719,
2609100091,0,123111.0,87630.0,35481.0,True,719,,95595.0,84604.0,10991.0,True,719,,80886.0,74733.0,6153.0,True,719,
2609100091,1,131158.0,122487.0,8671.0,True,719,,79730.0,75847.0,3883.0,True,719,,79730.0,75847.0,3883.0,True,719,
2609100092,0,103346.0,114693.0,-11347.0,False,719,,154563.0,136897.0,17666.0,True,719,,154563.0,136897.0,17666.0,True,719,
2609100092,1,103346.0,114693.0,-11347.0,False,719,,154563.0,136897.0,17666.0,True,719,,154563.0,136897.0,17666.0,True,719,
2609100093,0,75065.0,76353.0,-1288.0,False,719,,93278.0,98258.0,-4980.0,False,719,,93278.0,98258.0,-4980.0,False,719,
2609100093,1,75065.0,76353.0,-1288.0,False,719,,83532.0,79562.0,3970.0,True,719,,84517.0,84021.0,496.0,True,719,
2609100094,0,91561.0,104473.0,-12912.0,False,719,,80610.0,74150.0,6460.0,True,719,,80610.0,74150.0,6460.0,True,719,
2609100094,1,91561.0,104473.0,-12912.0,False,719,,80610.0,74150.0,6460.0,True,719,,80610.0,74150.0,6460.0,True,719,
2609100095,0,80520.0,79395.0,1125.0,True,719,,91537.0,91416.0,121.0,True,719,,91668.0,91182.0,486.0,True,719,
2609100095,1,80520.0,79395.0,1125.0,True,719,,91537.0,91416.0,121.0,True,719,,91668.0,91182.0,486.0,True,719,
2609100096,0,94974.0,97189.0,-2215.0,False,719,,135194.0,124869.0,10325.0,True,719,,135195.0,124867.0,10328.0,True,719,
2609100096,1,94974.0,97189.0,-2215.0,False,719,,135194.0,124869.0,10325.0,True,719,,135195.0,124867.0,10328.0,True,719,
2609100097,0,94883.0,86248.0,8635.0,True,719,,136914.0,104060.0,32854.0,True,719,,136914.0,104060.0,32854.0,True,719,
2609100097,1,94883.0,86248.0,8635.0,True,719,,116479.0,108085.0,8394.0,True,719,,116479.0,108085.0,8394.0,True,719,
2609100098,0,98889.0,108905.0,-10016.0,False,719,,87153.0,85938.0,1215.0,True,719,,75883.0,74535.0,1348.0,True,719,
2609100098,1,98889.0,108905.0,-10016.0,False,719,,87153.0,85938.0,1215.0,True,719,,75883.0,74535.0,1348.0,True,719,
2609100099,0,66964.0,62108.0,4856.0,True,719,,100453.0,97355.0,3098.0,True,719,,74563.0,72745.0,1818.0,True,719,
2609100099,1,66964.0,62108.0,4856.0,True,719,,128768.0,113983.0,14785.0,True,719,,75313.0,68807.0,6506.0,True,719,
