experiment,panel,index,seed,seat,status,terminal_cash,transitions,total_seconds,source_digest,replay_path,replay_sha256
baseline,development,0,1652205610,0,COMPLETE,165026.0,719,6.5176310999999885,f13095430f18f77e7487c4b0bda2f1ec42e9bbcd1ef7f932d5238e5afcca5a92,evidence/experiments/baseline/games/000_1652205610_s0.replay.jsonl.gz,d51f92cc6ebaacbee086c960d035dad847411f7e6efe79c1a230bd88561cc021
baseline,development,1,1652205610,1,COMPLETE,158027.0,719,6.333181740000015,f13095430f18f77e7487c4b0bda2f1ec42e9bbcd1ef7f932d5238e5afcca5a92,evidence/experiments/baseline/games/001_1652205610_s1.replay.jsonl.gz,25d2a7761d8fc2a695ae5644cc8014b30415b13b606e01e579d1698479ec0142
baseline,development,2,979746784,0,COMPLETE,204556.0,719,6.052317710000011,f13095430f18f77e7487c4b0bda2f1ec42e9bbcd1ef7f932d5238e5afcca5a92,evidence/experiments/baseline/games/002_979746784_s0.replay.jsonl.gz,48934749396fd5d53c016156b2a860f2b94f55c2656098656ae9d7ad63f9d641
baseline,development,3,979746784,1,COMPLETE,204556.0,719,5.922911904000017,f13095430f18f77e7487c4b0bda2f1ec42e9bbcd1ef7f932d5238e5afcca5a92,evidence/experiments/baseline/games/003_979746784_s1.replay.jsonl.gz,4a065d916a7e84842da7c9755220f2a6b671360aeacfd86525872e307deb163f
baseline,development,4,1948729637,0,COMPLETE,233543.0,719,6.5425287879999985,f13095430f18f77e7487c4b0bda2f1ec42e9bbcd1ef7f932d5238e5afcca5a92,evidence/experiments/baseline/games/004_1948729637_s0.replay.jsonl.gz,59995400005d9ee08edaaafe40850783a08fe867b75819330cf0c7c799b62538
baseline,development,5,1948729637,1,COMPLETE,214444.0,719,6.864832841000009,f13095430f18f77e7487c4b0bda2f1ec42e9bbcd1ef7f932d5238e5afcca5a92,evidence/experiments/baseline/games/005_1948729637_s1.replay.jsonl.gz,3dabcd1e96e830dff130f9eda4ff2ed5c690a605cb5888f1c58229b301b8ab1e
baseline,development,6,1514191294,0,COMPLETE,245029.0,719,7.208946327999996,f13095430f18f77e7487c4b0bda2f1ec42e9bbcd1ef7f932d5238e5afcca5a92,evidence/experiments/baseline/games/006_1514191294_s0.replay.jsonl.gz,607bd6202832e6104f247d2b3d2338c750efb81114053f4c80dc16613a1b8938
baseline,development,7,1514191294,1,COMPLETE,244913.0,719,7.015641770000002,f13095430f18f77e7487c4b0bda2f1ec42e9bbcd1ef7f932d5238e5afcca5a92,evidence/experiments/baseline/games/007_1514191294_s1.replay.jsonl.gz,ecee9247ddcd931af40800e04bd15014625032e4b1424225cd0d933b4651f4ea
baseline,development,8,833126169,0,COMPLETE,208916.0,719,7.314126603000005,f13095430f18f77e7487c4b0bda2f1ec42e9bbcd1ef7f932d5238e5afcca5a92,evidence/experiments/baseline/games/008_833126169_s0.replay.jsonl.gz,8fdc914df11626030d852fdc1f0032db501456abb3b2d000b252d3240bbe0872
baseline,development,9,833126169,1,COMPLETE,208916.0,719,6.865077063000001,f13095430f18f77e7487c4b0bda2f1ec42e9bbcd1ef7f932d5238e5afcca5a92,evidence/experiments/baseline/games/009_833126169_s1.replay.jsonl.gz,57def1c244f1983d72b4d8cdcb0ff5b16dd20c36326e459cf19b2d64f6c3040e
baseline,development,10,1715028217,0,COMPLETE,155466.0,719,6.463404515999997,f13095430f18f77e7487c4b0bda2f1ec42e9bbcd1ef7f932d5238e5afcca5a92,evidence/experiments/baseline/games/010_1715028217_s0.replay.jsonl.gz,0f0246339ac529758fc7c4706cec0fcf7e82c4e12050f796ad722f28dc17e6d8
baseline,development,11,1715028217,1,COMPLETE,178353.0,719,6.23418202900001,f13095430f18f77e7487c4b0bda2f1ec42e9bbcd1ef7f932d5238e5afcca5a92,evidence/experiments/baseline/games/011_1715028217_s1.replay.jsonl.gz,3003f8d93cd14b039e087147f651ef5040db54265cd26d6ff273fbd3dd4acd7c
baseline,development,12,766857369,0,COMPLETE,177987.0,719,6.362635170000004,f13095430f18f77e7487c4b0bda2f1ec42e9bbcd1ef7f932d5238e5afcca5a92,evidence/experiments/baseline/games/012_766857369_s0.replay.jsonl.gz,2d4ff8269a9e7343a2d2af76f2bc4d34daad169a17c716391c4efcceab1c110b
baseline,development,13,766857369,1,COMPLETE,177987.0,719,6.346730553999976,f13095430f18f77e7487c4b0bda2f1ec42e9bbcd1ef7f932d5238e5afcca5a92,evidence/experiments/baseline/games/013_766857369_s1.replay.jsonl.gz,70ac042bcc9733f1254a8f5157682fca1e7aa0b09a023a584aeb2a6e882ab1ba
baseline,development,14,1387052231,0,COMPLETE,218383.0,719,6.479724271999999,f13095430f18f77e7487c4b0bda2f1ec42e9bbcd1ef7f932d5238e5afcca5a92,evidence/experiments/baseline/games/014_1387052231_s0.replay.jsonl.gz,c89812332ea8d8279c05aaf74091f8f20bdb56a495eef4a0d1043af5e1ce1b01
baseline,development,15,1387052231,1,COMPLETE,199423.0,719,6.335836860000001,f13095430f18f77e7487c4b0bda2f1ec42e9bbcd1ef7f932d5238e5afcca5a92,evidence/experiments/baseline/games/015_1387052231_s1.replay.jsonl.gz,ba4f8567e413c64dbf8b92ea63e36a92731b843d0562d167ab7bb8c5d89017e2
baseline,development,16,1459327281,0,COMPLETE,212534.0,719,6.486563293999978,f13095430f18f77e7487c4b0bda2f1ec42e9bbcd1ef7f932d5238e5afcca5a92,evidence/experiments/baseline/games/016_1459327281_s0.replay.jsonl.gz,2e4c83849f77e36dad5e8b34c65850feb55476eeebd1568aac4326486dfd7c7d
baseline,development,17,1459327281,1,COMPLETE,212534.0,719,6.601307198000001,f13095430f18f77e7487c4b0bda2f1ec42e9bbcd1ef7f932d5238e5afcca5a92,evidence/experiments/baseline/games/017_1459327281_s1.replay.jsonl.gz,85d82dc8ad877de98e3fe17bcc4e26e27f57377f3710d61eaf315a9d39df5762
baseline,development,18,1175089851,0,COMPLETE,175743.0,719,6.399248265000011,f13095430f18f77e7487c4b0bda2f1ec42e9bbcd1ef7f932d5238e5afcca5a92,evidence/experiments/baseline/games/018_1175089851_s0.replay.jsonl.gz,bb06f5edffa3afa6d7d7a1c637ea1e4dcc0371a61f608bad3367fd73520c923c
baseline,development,19,1175089851,1,COMPLETE,176534.0,719,6.100189255999993,f13095430f18f77e7487c4b0bda2f1ec42e9bbcd1ef7f932d5238e5afcca5a92,evidence/experiments/baseline/games/019_1175089851_s1.replay.jsonl.gz,47be0bae88bb35a7f043b6af0ef62a154adf1f0420ab7ab5e497a7c548e605a6
baseline,development,20,1138364143,0,COMPLETE,154643.0,719,6.281699291999985,f13095430f18f77e7487c4b0bda2f1ec42e9bbcd1ef7f932d5238e5afcca5a92,evidence/experiments/baseline/games/020_1138364143_s0.replay.jsonl.gz,ab642614246d85ed37eb877a607ef680a261466e1816022b371d09ee4959b86f
baseline,development,21,1138364143,1,COMPLETE,125766.0,719,6.431126653999996,f13095430f18f77e7487c4b0bda2f1ec42e9bbcd1ef7f932d5238e5afcca5a92,evidence/experiments/baseline/games/021_1138364143_s1.replay.jsonl.gz,f4aaaa38e322c5cd92a73a2f2df2a85705aaeb7afb9658d52204dc11c40e08a8
baseline,development,22,1722159489,0,COMPLETE,179223.0,719,5.988709150999995,f13095430f18f77e7487c4b0bda2f1ec42e9bbcd1ef7f932d5238e5afcca5a92,evidence/experiments/baseline/games/022_1722159489_s0.replay.jsonl.gz,f481de2ac28aea7b48f7935b13f0eed7b906454fe138ac31378c47ae8b6fd651
baseline,development,23,1722159489,1,COMPLETE,203720.0,719,6.455432344000002,f13095430f18f77e7487c4b0bda2f1ec42e9bbcd1ef7f932d5238e5afcca5a92,evidence/experiments/baseline/games/023_1722159489_s1.replay.jsonl.gz,8278527d7060070259e01a9eeb6d7ad40d7c58c6ce4f301be480da818cb6d155
baseline,development,24,979914492,0,COMPLETE,240230.0,719,6.814524411000008,f13095430f18f77e7487c4b0bda2f1ec42e9bbcd1ef7f932d5238e5afcca5a92,evidence/experiments/baseline/games/024_979914492_s0.replay.jsonl.gz,3be464fcf8dbe332013ac7b6bf3342f527ab3a1e06f2f7a00e0da8461badf5d9
baseline,development,25,979914492,1,COMPLETE,203055.0,719,6.5606909600000165,f13095430f18f77e7487c4b0bda2f1ec42e9bbcd1ef7f932d5238e5afcca5a92,evidence/experiments/baseline/games/025_979914492_s1.replay.jsonl.gz,265a97a473f1a76d708f30692134ed679892e4b1b6f70827374221f59885a9a1
baseline,development,26,1421711696,0,COMPLETE,237870.0,719,6.6675159640000174,f13095430f18f77e7487c4b0bda2f1ec42e9bbcd1ef7f932d5238e5afcca5a92,evidence/experiments/baseline/games/026_1421711696_s0.replay.jsonl.gz,f287b8def0d792314ffd01fd06fbb85789bea7edc03f5ffcd8a5535b519ab16f
baseline,development,27,1421711696,1,COMPLETE,210960.0,719,6.304472576000023,f13095430f18f77e7487c4b0bda2f1ec42e9bbcd1ef7f932d5238e5afcca5a92,evidence/experiments/baseline/games/027_1421711696_s1.replay.jsonl.gz,09e1d67f56e5796dafad00c92998478326047808f5af72c4411a4129d789d079
baseline,development,28,28576209,0,COMPLETE,207991.0,719,6.310600221000016,f13095430f18f77e7487c4b0bda2f1ec42e9bbcd1ef7f932d5238e5afcca5a92,evidence/experiments/baseline/games/028_28576209_s0.replay.jsonl.gz,99b286503d5fb6480702ccc2f48f4236a590b6d8782726f71ff617d8de58d975
baseline,development,29,28576209,1,COMPLETE,207991.0,719,6.2426422909999815,f13095430f18f77e7487c4b0bda2f1ec42e9bbcd1ef7f932d5238e5afcca5a92,evidence/experiments/baseline/games/029_28576209_s1.replay.jsonl.gz,09c124689614133dee25910faf491ceaefe289c976351191fc97c02e509b4008
baseline,development,30,394509745,0,COMPLETE,213153.0,719,6.608518011000001,f13095430f18f77e7487c4b0bda2f1ec42e9bbcd1ef7f932d5238e5afcca5a92,evidence/experiments/baseline/games/030_394509745_s0.replay.jsonl.gz,f52ca235b88aa11be311a0a911a4df28e7bc855e9ae2a1852dc74c0de778a291
baseline,development,31,394509745,1,COMPLETE,225399.0,719,6.47290117899999,f13095430f18f77e7487c4b0bda2f1ec42e9bbcd1ef7f932d5238e5afcca5a92,evidence/experiments/baseline/games/031_394509745_s1.replay.jsonl.gz,9645574d75b45e6425db2d82012b6060c3e7566d40f8d0fc69d70cc7092e4591
baseline_speed,development,0,1652205610,0,COMPLETE,165026.0,719,6.351478045999983,f13095430f18f77e7487c4b0bda2f1ec42e9bbcd1ef7f932d5238e5afcca5a92,evidence/experiments/baseline_speed/games/000_1652205610_s0.replay.jsonl.gz,ffcbefbe6b74920bea1dc03a0a25ca2eeb08bc1e9397fd92730f7ed365b0ae7b
baseline_speed,development,1,1652205610,1,COMPLETE,158027.0,719,6.221303198999976,f13095430f18f77e7487c4b0bda2f1ec42e9bbcd1ef7f932d5238e5afcca5a92,evidence/experiments/baseline_speed/games/001_1652205610_s1.replay.jsonl.gz,e7084428973f1d32fc6df3f1e43a0fcd3aa3183c0f706a01863657e3aabf18dd
harvest_batch3,development,0,1652205610,0,COMPLETE,175810.0,719,5.908682316000068,72cc4c6c615212baeca1b0647dd6b2bc63504545070ea6776eb0a0721d2b5855,evidence/experiments/harvest_batch3/games/000_1652205610_s0.replay.jsonl.gz,b7a366affe46a9769b2b71aa6863fe40861e4e7e64c81db1cd6e36dde4640802
harvest_batch3,development,1,1652205610,1,COMPLETE,178334.0,719,5.649952530000064,72cc4c6c615212baeca1b0647dd6b2bc63504545070ea6776eb0a0721d2b5855,evidence/experiments/harvest_batch3/games/001_1652205610_s1.replay.jsonl.gz,a68e4efda13614ef4f0ac309473b4151b3784761309feb3145c256d2ad28228a
harvest_batch3,development,2,979746784,0,COMPLETE,197698.0,719,5.659171434999962,72cc4c6c615212baeca1b0647dd6b2bc63504545070ea6776eb0a0721d2b5855,evidence/experiments/harvest_batch3/games/002_979746784_s0.replay.jsonl.gz,03308cdcd5d9413384fb786700973b42eafff4f305d057df073de083b714f801
harvest_batch3,development,3,979746784,1,COMPLETE,197698.0,719,5.735959399999956,72cc4c6c615212baeca1b0647dd6b2bc63504545070ea6776eb0a0721d2b5855,evidence/experiments/harvest_batch3/games/003_979746784_s1.replay.jsonl.gz,7b5d63adbfad2a633ec7ad3fbdefcdc593f5f71cc3968fb49d9cf02136c71d8f
harvest_batch3,development,4,1948729637,0,COMPLETE,244822.0,719,6.266785033000019,72cc4c6c615212baeca1b0647dd6b2bc63504545070ea6776eb0a0721d2b5855,evidence/experiments/harvest_batch3/games/004_1948729637_s0.replay.jsonl.gz,9d482b2f1214b6f3e4b55baf54c4dfe96a6697bf10c846793089e6e653b205c9
harvest_batch3,development,5,1948729637,1,COMPLETE,205126.0,719,6.501372498000023,72cc4c6c615212baeca1b0647dd6b2bc63504545070ea6776eb0a0721d2b5855,evidence/experiments/harvest_batch3/games/005_1948729637_s1.replay.jsonl.gz,5b320d2caf9ac6e05003f2e3c0d6b79648f2515b7369e5ae04e53cdf8373ddaf
harvest_batch3,development,6,1514191294,0,COMPLETE,248563.0,719,7.005786604000036,72cc4c6c615212baeca1b0647dd6b2bc63504545070ea6776eb0a0721d2b5855,evidence/experiments/harvest_batch3/games/006_1514191294_s0.replay.jsonl.gz,e77fcf35383ac4298d1d6a4cec8af4947a365d135bca98b547ba3df13f266b6b
harvest_batch3,development,7,1514191294,1,COMPLETE,248459.0,719,6.948243801999979,72cc4c6c615212baeca1b0647dd6b2bc63504545070ea6776eb0a0721d2b5855,evidence/experiments/harvest_batch3/games/007_1514191294_s1.replay.jsonl.gz,5bee31b62164305022099d07281997d11bee76fdcdb84551c9eff8f32f6ff053
harvest_batch3,development,8,833126169,0,COMPLETE,211538.0,719,6.291246817000001,72cc4c6c615212baeca1b0647dd6b2bc63504545070ea6776eb0a0721d2b5855,evidence/experiments/harvest_batch3/games/008_833126169_s0.replay.jsonl.gz,79a00407da5ce80355fb01fd84097d5c4a907d431baa0369dcb93a8a1d9a7b36
harvest_batch3,development,9,833126169,1,COMPLETE,211538.0,719,6.277278993999971,72cc4c6c615212baeca1b0647dd6b2bc63504545070ea6776eb0a0721d2b5855,evidence/experiments/harvest_batch3/games/009_833126169_s1.replay.jsonl.gz,cdb7dc388238f527bb3ab563819e2d1d87550b0544aff52a3e4f5b254a2861a5
harvest_batch3,development,10,1715028217,0,COMPLETE,169731.0,719,5.7716408609999235,72cc4c6c615212baeca1b0647dd6b2bc63504545070ea6776eb0a0721d2b5855,evidence/experiments/harvest_batch3/games/010_1715028217_s0.replay.jsonl.gz,9d82c5b284cf9c0b14c4b19154e7cd5d5da611f3ad63765a5e01139eaf42ec96
harvest_batch3,development,11,1715028217,1,COMPLETE,176836.0,719,5.798268089999965,72cc4c6c615212baeca1b0647dd6b2bc63504545070ea6776eb0a0721d2b5855,evidence/experiments/harvest_batch3/games/011_1715028217_s1.replay.jsonl.gz,6ff6c4d932f89f1a55d02d8f44411d9e7bc9fe838b686081ba7c5192062732e5
harvest_batch3,development,12,766857369,0,COMPLETE,177762.0,719,5.818111713999997,72cc4c6c615212baeca1b0647dd6b2bc63504545070ea6776eb0a0721d2b5855,evidence/experiments/harvest_batch3/games/012_766857369_s0.replay.jsonl.gz,ba451f4b6ec6690de67be36669ce00ea5da5cf609b4f3937b6d277b4cde7d76d
harvest_batch3,development,13,766857369,1,COMPLETE,177762.0,719,5.67929372399999,72cc4c6c615212baeca1b0647dd6b2bc63504545070ea6776eb0a0721d2b5855,evidence/experiments/harvest_batch3/games/013_766857369_s1.replay.jsonl.gz,97b640e708303513e5b2b89527e63e1c74dd6c2671aaed84705ee41fff351bc1
harvest_batch3,development,14,1387052231,0,COMPLETE,229983.0,719,5.827233748000026,72cc4c6c615212baeca1b0647dd6b2bc63504545070ea6776eb0a0721d2b5855,evidence/experiments/harvest_batch3/games/014_1387052231_s0.replay.jsonl.gz,7ebf7a4fa6cd0ffb6e6cb0053bf2a01acfaf55eb5b4a14384e045318c16b204c
harvest_batch3,development,15,1387052231,1,COMPLETE,196328.0,719,5.930848993999916,72cc4c6c615212baeca1b0647dd6b2bc63504545070ea6776eb0a0721d2b5855,evidence/experiments/harvest_batch3/games/015_1387052231_s1.replay.jsonl.gz,18b7290bda0f79f5388c294fccb6ba97fff5b707d8b57dc24f66bcced79d898d
harvest_batch3,development,16,1459327281,0,COMPLETE,225733.0,719,5.8205341880000105,72cc4c6c615212baeca1b0647dd6b2bc63504545070ea6776eb0a0721d2b5855,evidence/experiments/harvest_batch3/games/016_1459327281_s0.replay.jsonl.gz,110443caef6489a40633cf72d114cdcdd74884758da6773feff7a62d22d0f0f7
harvest_batch3,development,17,1459327281,1,COMPLETE,225949.0,719,5.847890768999946,72cc4c6c615212baeca1b0647dd6b2bc63504545070ea6776eb0a0721d2b5855,evidence/experiments/harvest_batch3/games/017_1459327281_s1.replay.jsonl.gz,c5103ce30b0cc6f4cc726a9e92ca3683c480ec28835bfaba0c42c0c5d68bb933
harvest_batch3,development,18,1175089851,0,COMPLETE,181472.0,719,5.897471633000009,72cc4c6c615212baeca1b0647dd6b2bc63504545070ea6776eb0a0721d2b5855,evidence/experiments/harvest_batch3/games/018_1175089851_s0.replay.jsonl.gz,c2958fe525201f15dd7781c338adedbbc4cf29e9087bc719fdde265c95ce53df
harvest_batch3,development,19,1175089851,1,COMPLETE,182492.0,719,5.649136677999991,72cc4c6c615212baeca1b0647dd6b2bc63504545070ea6776eb0a0721d2b5855,evidence/experiments/harvest_batch3/games/019_1175089851_s1.replay.jsonl.gz,8b1a5ead29cf894560c1aa45e747ccf7ee870ad3c0953b586d62e9edd240f1f0
harvest_batch3,development,20,1138364143,0,COMPLETE,167860.0,719,5.922863864999954,72cc4c6c615212baeca1b0647dd6b2bc63504545070ea6776eb0a0721d2b5855,evidence/experiments/harvest_batch3/games/020_1138364143_s0.replay.jsonl.gz,b41bb7f7ac905866a4edee92be5a7cbb92563568d68f7b1bd05be4dd045d05bd
harvest_batch3,development,21,1138364143,1,COMPLETE,136994.0,719,5.876372334000052,72cc4c6c615212baeca1b0647dd6b2bc63504545070ea6776eb0a0721d2b5855,evidence/experiments/harvest_batch3/games/021_1138364143_s1.replay.jsonl.gz,f83dcad0c6f7c6fc9319571c9cefebd1336b3c63ee87be62814a509ffc865afb
harvest_batch3,development,22,1722159489,0,COMPLETE,195483.0,719,5.588902193999957,72cc4c6c615212baeca1b0647dd6b2bc63504545070ea6776eb0a0721d2b5855,evidence/experiments/harvest_batch3/games/022_1722159489_s0.replay.jsonl.gz,57aa1e6cd1c137a2f8546d872f605250a731bd605c5d94db33a14fdf381b44a1
harvest_batch3,development,23,1722159489,1,COMPLETE,196015.0,719,5.9110594120001,72cc4c6c615212baeca1b0647dd6b2bc63504545070ea6776eb0a0721d2b5855,evidence/experiments/harvest_batch3/games/023_1722159489_s1.replay.jsonl.gz,d43e4430a84f671e9cfb273f9f0726270c4e02b935646c2209242101f8ddff2b
harvest_batch3,development,24,979914492,0,COMPLETE,230987.0,719,6.137287429000025,72cc4c6c615212baeca1b0647dd6b2bc63504545070ea6776eb0a0721d2b5855,evidence/experiments/harvest_batch3/games/024_979914492_s0.replay.jsonl.gz,42693b2287012602b3042123442baf8779b031497295f75e0113bee13734174a
harvest_batch3,development,25,979914492,1,COMPLETE,188941.0,719,5.832778071999996,72cc4c6c615212baeca1b0647dd6b2bc63504545070ea6776eb0a0721d2b5855,evidence/experiments/harvest_batch3/games/025_979914492_s1.replay.jsonl.gz,991202f6d3bc00120304b6ef1871af7194280d9f003ab389b56b5d3ca3fd9ac4
harvest_batch3,development,26,1421711696,0,COMPLETE,225857.0,719,6.289115616000004,72cc4c6c615212baeca1b0647dd6b2bc63504545070ea6776eb0a0721d2b5855,evidence/experiments/harvest_batch3/games/026_1421711696_s0.replay.jsonl.gz,4fe9344efc42d9d1b15a6741aadad910accbe74fceea83db760de65ecbf48a6e
harvest_batch3,development,27,1421711696,1,COMPLETE,199523.0,719,6.304400731999976,72cc4c6c615212baeca1b0647dd6b2bc63504545070ea6776eb0a0721d2b5855,evidence/experiments/harvest_batch3/games/027_1421711696_s1.replay.jsonl.gz,8abe67f48248231d0c39535fe7da488618fd53cdd0240e85e49b073e5a142fac
harvest_batch3,development,28,28576209,0,COMPLETE,216876.0,719,6.283418952000034,72cc4c6c615212baeca1b0647dd6b2bc63504545070ea6776eb0a0721d2b5855,evidence/experiments/harvest_batch3/games/028_28576209_s0.replay.jsonl.gz,c16f5b2e6ae5b82c307cf9917ca7a13acff3adef28648b23b9f80986dd61c31c
harvest_batch3,development,29,28576209,1,COMPLETE,217640.0,719,6.460493575999976,72cc4c6c615212baeca1b0647dd6b2bc63504545070ea6776eb0a0721d2b5855,evidence/experiments/harvest_batch3/games/029_28576209_s1.replay.jsonl.gz,1ea5c03c8c1a143c736650b2188cf3b8f9793be9612853972bf4e051d7d05bcd
harvest_batch3,development,30,394509745,0,COMPLETE,205702.0,719,5.920944416999987,72cc4c6c615212baeca1b0647dd6b2bc63504545070ea6776eb0a0721d2b5855,evidence/experiments/harvest_batch3/games/030_394509745_s0.replay.jsonl.gz,2d288d572d84fe455381944e40e80fb163e2ae7fb2b2a1ff4500028674a5ee9b
harvest_batch3,development,31,394509745,1,COMPLETE,225839.0,719,5.835041818000036,72cc4c6c615212baeca1b0647dd6b2bc63504545070ea6776eb0a0721d2b5855,evidence/experiments/harvest_batch3/games/031_394509745_s1.replay.jsonl.gz,1e9b4358d0e10bfa06f1eba7adcbd41bf66950ad614a8333929cd73732730045
horizon_mode0,development,0,1652205610,0,COMPLETE,165026.0,719,5.907424211000034,a5a2e65b9b37ad8625ccc7221114d4996ca58007dd859dded8e6dac901305fb8,evidence/experiments/horizon_mode0/games/000_1652205610_s0.replay.jsonl.gz,eab5f81c39de2dc48ef2ce802798e6e2bae74770a188e767bf82a8c78192acfa
horizon_mode0,development,1,1652205610,1,COMPLETE,158027.0,719,5.899106243000006,a5a2e65b9b37ad8625ccc7221114d4996ca58007dd859dded8e6dac901305fb8,evidence/experiments/horizon_mode0/games/001_1652205610_s1.replay.jsonl.gz,c708c81afdf76923e7588c8f38a088dd2f495c042de0991cf9410a45d3693e7e
horizon_mode0,development,2,979746784,0,COMPLETE,204556.0,719,5.76824998699999,a5a2e65b9b37ad8625ccc7221114d4996ca58007dd859dded8e6dac901305fb8,evidence/experiments/horizon_mode0/games/002_979746784_s0.replay.jsonl.gz,5d816a92e19901847a92272b13723ab5e5ec33b40f4a3bbe8e1d48fbdde5ec38
horizon_mode0,development,3,979746784,1,COMPLETE,204556.0,719,5.876392761000034,a5a2e65b9b37ad8625ccc7221114d4996ca58007dd859dded8e6dac901305fb8,evidence/experiments/horizon_mode0/games/003_979746784_s1.replay.jsonl.gz,45dba8699a2c7be9be487be954b543f105f096305586df2fa154cc989e6be858
horizon_mode0,development,4,1948729637,0,COMPLETE,233543.0,719,6.2590829519999716,a5a2e65b9b37ad8625ccc7221114d4996ca58007dd859dded8e6dac901305fb8,evidence/experiments/horizon_mode0/games/004_1948729637_s0.replay.jsonl.gz,49bc64a9e0168b2da39db04e5be1718de8e3407d788a2d6cf275f21b92baf90b
horizon_mode0,development,5,1948729637,1,COMPLETE,214444.0,719,6.508402799999999,a5a2e65b9b37ad8625ccc7221114d4996ca58007dd859dded8e6dac901305fb8,evidence/experiments/horizon_mode0/games/005_1948729637_s1.replay.jsonl.gz,6bd65c94e367930c5e3b5eab7af5d8f3306fffd355b680089d7f14c84bf6e899
horizon_mode0,development,6,1514191294,0,COMPLETE,245029.0,719,6.177649841999937,a5a2e65b9b37ad8625ccc7221114d4996ca58007dd859dded8e6dac901305fb8,evidence/experiments/horizon_mode0/games/006_1514191294_s0.replay.jsonl.gz,ae642a4c22ed74006923cdcbe93bf0ae79f9037d915c2c76d34e895dcda4e136
horizon_mode0,development,7,1514191294,1,COMPLETE,244913.0,719,6.137680860000046,a5a2e65b9b37ad8625ccc7221114d4996ca58007dd859dded8e6dac901305fb8,evidence/experiments/horizon_mode0/games/007_1514191294_s1.replay.jsonl.gz,2879c82a63c7935783a67c76a24522a454acec8e119e4328c76dea057a96a15c
horizon_mode0,development,8,833126169,0,COMPLETE,208916.0,719,6.158622136999952,a5a2e65b9b37ad8625ccc7221114d4996ca58007dd859dded8e6dac901305fb8,evidence/experiments/horizon_mode0/games/008_833126169_s0.replay.jsonl.gz,3c58fe8f9b37b84b72db36d7e1c82803636f67d92df54ca2b35d3a3c5c3e1b33
horizon_mode0,development,9,833126169,1,COMPLETE,208916.0,719,6.2114631950000785,a5a2e65b9b37ad8625ccc7221114d4996ca58007dd859dded8e6dac901305fb8,evidence/experiments/horizon_mode0/games/009_833126169_s1.replay.jsonl.gz,fc50b441b9f00325032298ec32e34eb9ea8ce75530ab21ac36fea662d2a39278
horizon_mode0,development,10,1715028217,0,COMPLETE,155466.0,719,5.896666707999998,a5a2e65b9b37ad8625ccc7221114d4996ca58007dd859dded8e6dac901305fb8,evidence/experiments/horizon_mode0/games/010_1715028217_s0.replay.jsonl.gz,2a67f7a90f9ea6ff75236e7320e805b9262834fbc67bd9aadc4e40ceb8a4b4b6
horizon_mode0,development,11,1715028217,1,COMPLETE,178353.0,719,5.7292230310000605,a5a2e65b9b37ad8625ccc7221114d4996ca58007dd859dded8e6dac901305fb8,evidence/experiments/horizon_mode0/games/011_1715028217_s1.replay.jsonl.gz,badd6ab5a3c5b1e802e1eb769715fb9a650db1d5efa115843b1031da8e27bea3
horizon_mode0,development,12,766857369,0,COMPLETE,177987.0,719,5.844169655000087,a5a2e65b9b37ad8625ccc7221114d4996ca58007dd859dded8e6dac901305fb8,evidence/experiments/horizon_mode0/games/012_766857369_s0.replay.jsonl.gz,fef9af0dc091ed64aca416a375fdc65ff88893801ab9813325d3a50d4cd0b65b
horizon_mode0,development,13,766857369,1,COMPLETE,177987.0,719,5.947820954000008,a5a2e65b9b37ad8625ccc7221114d4996ca58007dd859dded8e6dac901305fb8,evidence/experiments/horizon_mode0/games/013_766857369_s1.replay.jsonl.gz,87b41f1bf39ddcac51e6b1e4e50c3d5ea747fc9a05fefa92522c4de36adc7134
horizon_mode0,development,14,1387052231,0,COMPLETE,218383.0,719,6.232517142000006,a5a2e65b9b37ad8625ccc7221114d4996ca58007dd859dded8e6dac901305fb8,evidence/experiments/horizon_mode0/games/014_1387052231_s0.replay.jsonl.gz,b2081b729787bdade9b0670f11c71f2b09c57d91c8dbf1a2de529a6a6fc99182
horizon_mode0,development,15,1387052231,1,COMPLETE,199423.0,719,5.9516780379999545,a5a2e65b9b37ad8625ccc7221114d4996ca58007dd859dded8e6dac901305fb8,evidence/experiments/horizon_mode0/games/015_1387052231_s1.replay.jsonl.gz,6d7601f70c0b71ff6f081835a0e10db366b27a8f7d010ce1eca95ed2de313f7d
horizon_mode0,development,16,1459327281,0,COMPLETE,212534.0,719,6.222078789999955,a5a2e65b9b37ad8625ccc7221114d4996ca58007dd859dded8e6dac901305fb8,evidence/experiments/horizon_mode0/games/016_1459327281_s0.replay.jsonl.gz,db553ce7451da004a424a376e772205d5f6f8427a23db3bf16f929c9338c71f4
horizon_mode0,development,17,1459327281,1,COMPLETE,212534.0,719,6.350935189000097,a5a2e65b9b37ad8625ccc7221114d4996ca58007dd859dded8e6dac901305fb8,evidence/experiments/horizon_mode0/games/017_1459327281_s1.replay.jsonl.gz,518bb43f0c4939bef4775f84d932135e81a3332a67183374928ec6302f6e4af1
horizon_mode0,development,18,1175089851,0,COMPLETE,175743.0,719,6.052693832999921,a5a2e65b9b37ad8625ccc7221114d4996ca58007dd859dded8e6dac901305fb8,evidence/experiments/horizon_mode0/games/018_1175089851_s0.replay.jsonl.gz,4d5688e92cf2b6a548355092732a347f3a1df835c22bac3919133db1b0b74a77
horizon_mode0,development,19,1175089851,1,COMPLETE,176534.0,719,5.889909294000063,a5a2e65b9b37ad8625ccc7221114d4996ca58007dd859dded8e6dac901305fb8,evidence/experiments/horizon_mode0/games/019_1175089851_s1.replay.jsonl.gz,fc0ebbe180cd71c0c8a3b4582bb5aea68b85484dfd6e8c2aa655bd49e6f43998
horizon_mode0,development,20,1138364143,0,COMPLETE,154643.0,719,6.090079318999983,a5a2e65b9b37ad8625ccc7221114d4996ca58007dd859dded8e6dac901305fb8,evidence/experiments/horizon_mode0/games/020_1138364143_s0.replay.jsonl.gz,6514ad24f84355d5f8859cb2599facb173ad05b9c85ef8a8295db576abc4ea3e
horizon_mode0,development,21,1138364143,1,COMPLETE,125766.0,719,6.150056407000079,a5a2e65b9b37ad8625ccc7221114d4996ca58007dd859dded8e6dac901305fb8,evidence/experiments/horizon_mode0/games/021_1138364143_s1.replay.jsonl.gz,66a6be7236427c9b9fd191b05edd65431f89b14998f590cd5abcbb14a5df53d8
horizon_mode0,development,22,1722159489,0,COMPLETE,179223.0,719,5.713056932000086,a5a2e65b9b37ad8625ccc7221114d4996ca58007dd859dded8e6dac901305fb8,evidence/experiments/horizon_mode0/games/022_1722159489_s0.replay.jsonl.gz,e9b9faebd4375fa4ff397a376a29d34ea2beed7c6377f87205640ab7900a4870
horizon_mode0,development,23,1722159489,1,COMPLETE,203720.0,719,6.001543593999941,a5a2e65b9b37ad8625ccc7221114d4996ca58007dd859dded8e6dac901305fb8,evidence/experiments/horizon_mode0/games/023_1722159489_s1.replay.jsonl.gz,648d3abfec62614f36d23ac039ba96a5d0e1943825ba5eab69f4df3b3c847f49
horizon_mode0,development,24,979914492,0,COMPLETE,240230.0,719,6.752954167999974,a5a2e65b9b37ad8625ccc7221114d4996ca58007dd859dded8e6dac901305fb8,evidence/experiments/horizon_mode0/games/024_979914492_s0.replay.jsonl.gz,ce8a52e4ed1c2976f97835490dcaf796240917b0fa7c5284f9915462879f8252
horizon_mode0,development,25,979914492,1,COMPLETE,203055.0,719,6.099727690000009,a5a2e65b9b37ad8625ccc7221114d4996ca58007dd859dded8e6dac901305fb8,evidence/experiments/horizon_mode0/games/025_979914492_s1.replay.jsonl.gz,3332e5965d33bbc8a21175aab7fd571cea7bbb53c8bfc4c286004a0fa6a7a060
horizon_mode0,development,26,1421711696,0,COMPLETE,237870.0,719,6.73691923399997,a5a2e65b9b37ad8625ccc7221114d4996ca58007dd859dded8e6dac901305fb8,evidence/experiments/horizon_mode0/games/026_1421711696_s0.replay.jsonl.gz,df9ccc12abb1a1586e5f17e2e2e620bf5a032602bfea38daf6e10dc486f0342b
horizon_mode0,development,27,1421711696,1,COMPLETE,210960.0,719,6.385536229000081,a5a2e65b9b37ad8625ccc7221114d4996ca58007dd859dded8e6dac901305fb8,evidence/experiments/horizon_mode0/games/027_1421711696_s1.replay.jsonl.gz,2af0547d37aeea438faf1c0b249e69020dc03c54cd7b55c2f1abbd9ff926da4b
horizon_mode0,development,28,28576209,0,COMPLETE,207991.0,719,6.1416486640000585,a5a2e65b9b37ad8625ccc7221114d4996ca58007dd859dded8e6dac901305fb8,evidence/experiments/horizon_mode0/games/028_28576209_s0.replay.jsonl.gz,3ec27a2b437e18d93b280bdb89306d8d67631112d4888aed0ab6f829c4ed8998
horizon_mode0,development,29,28576209,1,COMPLETE,207991.0,719,6.127091514000085,a5a2e65b9b37ad8625ccc7221114d4996ca58007dd859dded8e6dac901305fb8,evidence/experiments/horizon_mode0/games/029_28576209_s1.replay.jsonl.gz,b07d8dcd4860d38c296b03c2ea2adb13243d8ce9b4fdcca1452a0f70b70ae19d
horizon_mode0,development,30,394509745,0,COMPLETE,213153.0,719,6.428884539999899,a5a2e65b9b37ad8625ccc7221114d4996ca58007dd859dded8e6dac901305fb8,evidence/experiments/horizon_mode0/games/030_394509745_s0.replay.jsonl.gz,4a3b73a05ac40f3c4ba5cfa14efbd0571668ead3d97263b6a7b50201f2339bd6
horizon_mode0,development,31,394509745,1,COMPLETE,225399.0,719,6.205777153999975,a5a2e65b9b37ad8625ccc7221114d4996ca58007dd859dded8e6dac901305fb8,evidence/experiments/horizon_mode0/games/031_394509745_s1.replay.jsonl.gz,0da46edefcd9e93093add5779a28f4038b4350e7be26df9f59c39191de58f48e
labor1_batch3_terminal5,development,0,1652205610,0,COMPLETE,223739.0,719,6.126918080999985,6bdfe734b24fc7642f0ef44a846035250ebcf935b1073d74487dd5d9768550c9,evidence/experiments/labor1_batch3_terminal5/games/000_1652205610_s0.replay.jsonl.gz,2151d5fb2f23abb0ec262775a1aba75838d66f1dc68374735b0df0d3c3b7233a
labor1_batch3_terminal5,development,1,1652205610,1,COMPLETE,223739.0,719,6.3417892500000335,6bdfe734b24fc7642f0ef44a846035250ebcf935b1073d74487dd5d9768550c9,evidence/experiments/labor1_batch3_terminal5/games/001_1652205610_s1.replay.jsonl.gz,e81d81199b431bc5822c0a3d1bcb608ec591632da9ea7b984acbbb1ac3df58ce
labor1_batch3_terminal5,development,2,979746784,0,COMPLETE,226531.0,719,6.686444652999967,6bdfe734b24fc7642f0ef44a846035250ebcf935b1073d74487dd5d9768550c9,evidence/experiments/labor1_batch3_terminal5/games/002_979746784_s0.replay.jsonl.gz,b73687208bf43ab2b2d1265304709b432855844b638f753d4f7debe055487480
labor1_batch3_terminal5,development,3,979746784,1,COMPLETE,226511.0,719,6.608931765000079,6bdfe734b24fc7642f0ef44a846035250ebcf935b1073d74487dd5d9768550c9,evidence/experiments/labor1_batch3_terminal5/games/003_979746784_s1.replay.jsonl.gz,c6bce5bcd10216746c063ddbc9efb3c3cdc9027d0509ae5f3def6046b2fd51c0
labor1_batch3_terminal5,development,4,1948729637,0,COMPLETE,212331.0,719,6.65099614199994,6bdfe734b24fc7642f0ef44a846035250ebcf935b1073d74487dd5d9768550c9,evidence/experiments/labor1_batch3_terminal5/games/004_1948729637_s0.replay.jsonl.gz,58f9ba5c3afa22e0499d3fd234334eaac77d63cbc6ddce84241422faf411895b
labor1_batch3_terminal5,development,5,1948729637,1,COMPLETE,259194.0,719,6.628646999000125,6bdfe734b24fc7642f0ef44a846035250ebcf935b1073d74487dd5d9768550c9,evidence/experiments/labor1_batch3_terminal5/games/005_1948729637_s1.replay.jsonl.gz,3934ab40e37f5e61cb1c13b8b4aa3e855ae69fef23ed0038cd7be9109380b150
labor1_batch3_terminal5,development,6,1514191294,0,COMPLETE,201477.0,719,6.520586053999978,6bdfe734b24fc7642f0ef44a846035250ebcf935b1073d74487dd5d9768550c9,evidence/experiments/labor1_batch3_terminal5/games/006_1514191294_s0.replay.jsonl.gz,7908306923f981d1f1df667d55bd8641f70f24afa9fe7298bda9d2d2e93f8198
labor1_batch3_terminal5,development,7,1514191294,1,COMPLETE,200636.0,719,6.375803196000106,6bdfe734b24fc7642f0ef44a846035250ebcf935b1073d74487dd5d9768550c9,evidence/experiments/labor1_batch3_terminal5/games/007_1514191294_s1.replay.jsonl.gz,1a86dfc521365ea6a1c9a510d429cef6e17f98072143b3180c0631cb3a4e3e11
labor1_batch3_terminal5,development,8,833126169,0,COMPLETE,217511.0,719,7.3667065890001595,6bdfe734b24fc7642f0ef44a846035250ebcf935b1073d74487dd5d9768550c9,evidence/experiments/labor1_batch3_terminal5/games/008_833126169_s0.replay.jsonl.gz,12d5b2a44304afb742269d70a19858704363bd9cd45cefd73f00b37fbd2a7bce
labor1_batch3_terminal5,development,9,833126169,1,COMPLETE,217511.0,719,7.146907924999823,6bdfe734b24fc7642f0ef44a846035250ebcf935b1073d74487dd5d9768550c9,evidence/experiments/labor1_batch3_terminal5/games/009_833126169_s1.replay.jsonl.gz,64c066e435eb310307bcd48a46c08edfd14bf8ceb13463f7e4bffbe6f2005253
labor1_batch3_terminal5,development,10,1715028217,0,COMPLETE,185767.0,719,6.494603812999912,6bdfe734b24fc7642f0ef44a846035250ebcf935b1073d74487dd5d9768550c9,evidence/experiments/labor1_batch3_terminal5/games/010_1715028217_s0.replay.jsonl.gz,74d6560154a13b1d15d033ed819d9ccd9cb3689207756b07d61a6921d00b0a7a
labor1_batch3_terminal5,development,11,1715028217,1,COMPLETE,176240.0,719,6.404500527999971,6bdfe734b24fc7642f0ef44a846035250ebcf935b1073d74487dd5d9768550c9,evidence/experiments/labor1_batch3_terminal5/games/011_1715028217_s1.replay.jsonl.gz,ab11658b50dfce50369871b5c24e673176faafd42171d30ce9141156318d5ca7
labor1_batch3_terminal5,development,12,766857369,0,COMPLETE,187567.0,719,6.268865237999989,6bdfe734b24fc7642f0ef44a846035250ebcf935b1073d74487dd5d9768550c9,evidence/experiments/labor1_batch3_terminal5/games/012_766857369_s0.replay.jsonl.gz,c5a7a53b32a27c17fe5738036506e7b19eb520766352713a9bdfa4ce2599951f
labor1_batch3_terminal5,development,13,766857369,1,COMPLETE,187567.0,719,6.2819307340000705,6bdfe734b24fc7642f0ef44a846035250ebcf935b1073d74487dd5d9768550c9,evidence/experiments/labor1_batch3_terminal5/games/013_766857369_s1.replay.jsonl.gz,8c85f253e238d3da37a1c1d2175ef4e48b94ac32fe68aaf8c95734b8ca17085c
labor1_batch3_terminal5,development,14,1387052231,0,COMPLETE,185700.0,719,6.310103543999958,6bdfe734b24fc7642f0ef44a846035250ebcf935b1073d74487dd5d9768550c9,evidence/experiments/labor1_batch3_terminal5/games/014_1387052231_s0.replay.jsonl.gz,eb3b1869da3795399fa33cfd207b3f34862ca3f8861434bfdbef971a22ffb391
labor1_batch3_terminal5,development,15,1387052231,1,COMPLETE,185784.0,719,6.095688452000104,6bdfe734b24fc7642f0ef44a846035250ebcf935b1073d74487dd5d9768550c9,evidence/experiments/labor1_batch3_terminal5/games/015_1387052231_s1.replay.jsonl.gz,65bc3331db5c18bc4c986c61368658717dafaba3f1238c81f2ebb9e5ebefbeea
labor1_batch3_terminal5,development,16,1459327281,0,COMPLETE,222852.0,719,6.191375707000134,6bdfe734b24fc7642f0ef44a846035250ebcf935b1073d74487dd5d9768550c9,evidence/experiments/labor1_batch3_terminal5/games/016_1459327281_s0.replay.jsonl.gz,66676add5b2918894d9eade798c5c3a797642c699fe294d5c49d7eede233f402
labor1_batch3_terminal5,development,17,1459327281,1,COMPLETE,222852.0,719,6.508947411000008,6bdfe734b24fc7642f0ef44a846035250ebcf935b1073d74487dd5d9768550c9,evidence/experiments/labor1_batch3_terminal5/games/017_1459327281_s1.replay.jsonl.gz,774603c29dc55bd6417d40085d6c9a214a3da91d3a124e5c55a948c457ae825c
labor1_batch3_terminal5,development,18,1175089851,0,COMPLETE,175734.0,719,6.542349415999979,6bdfe734b24fc7642f0ef44a846035250ebcf935b1073d74487dd5d9768550c9,evidence/experiments/labor1_batch3_terminal5/games/018_1175089851_s0.replay.jsonl.gz,4256c407c8d248b8d4ef1f2c37e1b10414447581b2807440f5da45fa312fb2f5
labor1_batch3_terminal5,development,19,1175089851,1,COMPLETE,141180.0,719,6.086295257000074,6bdfe734b24fc7642f0ef44a846035250ebcf935b1073d74487dd5d9768550c9,evidence/experiments/labor1_batch3_terminal5/games/019_1175089851_s1.replay.jsonl.gz,4e3e0220eb953970ddd22a22a986148d7d948dcd2e253902a958d46374672a43
labor1_batch3_terminal5,development,20,1138364143,0,COMPLETE,211893.0,719,6.137840625000081,6bdfe734b24fc7642f0ef44a846035250ebcf935b1073d74487dd5d9768550c9,evidence/experiments/labor1_batch3_terminal5/games/020_1138364143_s0.replay.jsonl.gz,7a73943d31f37dd674142150cb5dec839b10c8582a897b4ad1e7b5b466cd902f
labor1_batch3_terminal5,development,21,1138364143,1,COMPLETE,198284.0,719,6.199119582999856,6bdfe734b24fc7642f0ef44a846035250ebcf935b1073d74487dd5d9768550c9,evidence/experiments/labor1_batch3_terminal5/games/021_1138364143_s1.replay.jsonl.gz,ff613763f83029c62ec06dcefbad9b806ca0014e4219a90613e0a5080005d0f3
labor1_batch3_terminal5,development,22,1722159489,0,COMPLETE,210773.0,719,6.5609420709999995,6bdfe734b24fc7642f0ef44a846035250ebcf935b1073d74487dd5d9768550c9,evidence/experiments/labor1_batch3_terminal5/games/022_1722159489_s0.replay.jsonl.gz,77c2bbc95323adddfe60193bdaffe59fd52a34c082d73b6aab8decdeae9288da
labor1_batch3_terminal5,development,23,1722159489,1,COMPLETE,194577.0,719,6.229208537999966,6bdfe734b24fc7642f0ef44a846035250ebcf935b1073d74487dd5d9768550c9,evidence/experiments/labor1_batch3_terminal5/games/023_1722159489_s1.replay.jsonl.gz,592c30e64e6713718f6c74afbad2dee5f3cbb27043938312e9a8f452998a2c61
labor1_batch3_terminal5,development,24,979914492,0,COMPLETE,265474.0,719,6.376460090000137,6bdfe734b24fc7642f0ef44a846035250ebcf935b1073d74487dd5d9768550c9,evidence/experiments/labor1_batch3_terminal5/games/024_979914492_s0.replay.jsonl.gz,91f907df4d13ea65c0af8734e48d68cf1881b6e2d68ebe11ff7e00283c02d954
labor1_batch3_terminal5,development,25,979914492,1,COMPLETE,265474.0,719,6.313763153000082,6bdfe734b24fc7642f0ef44a846035250ebcf935b1073d74487dd5d9768550c9,evidence/experiments/labor1_batch3_terminal5/games/025_979914492_s1.replay.jsonl.gz,bce56c06c913a46cf84fdf92d68effe870e46bc39f64fa0a41e2713d735cd9bd
labor1_batch3_terminal5,development,26,1421711696,0,COMPLETE,219478.0,719,6.446775457000058,6bdfe734b24fc7642f0ef44a846035250ebcf935b1073d74487dd5d9768550c9,evidence/experiments/labor1_batch3_terminal5/games/026_1421711696_s0.replay.jsonl.gz,efb4045517e2babd280d68c857725bab5704d18ddcdd5f25b8bb6e973176d94b
labor1_batch3_terminal5,development,27,1421711696,1,COMPLETE,219478.0,719,6.296825627000089,6bdfe734b24fc7642f0ef44a846035250ebcf935b1073d74487dd5d9768550c9,evidence/experiments/labor1_batch3_terminal5/games/027_1421711696_s1.replay.jsonl.gz,f847b6bb64657778a1c91ed0eefa2f41c78d683a4537b98a881a859a89f0e112
labor1_batch3_terminal5,development,28,28576209,0,COMPLETE,181204.0,719,6.112376665000056,6bdfe734b24fc7642f0ef44a846035250ebcf935b1073d74487dd5d9768550c9,evidence/experiments/labor1_batch3_terminal5/games/028_28576209_s0.replay.jsonl.gz,72bd92e2ea1df9be95d0c22cdc7a38ee791e3e7c6b3cf94f7b9b0beeb65e6555
labor1_batch3_terminal5,development,29,28576209,1,COMPLETE,181204.0,719,6.1453910220000125,6bdfe734b24fc7642f0ef44a846035250ebcf935b1073d74487dd5d9768550c9,evidence/experiments/labor1_batch3_terminal5/games/029_28576209_s1.replay.jsonl.gz,2abecf089f009a7a4940cf446d1e13b3804316ef7443d4be992898d090bde940
labor1_batch3_terminal5,development,30,394509745,0,COMPLETE,229612.0,719,6.015769186999933,6bdfe734b24fc7642f0ef44a846035250ebcf935b1073d74487dd5d9768550c9,evidence/experiments/labor1_batch3_terminal5/games/030_394509745_s0.replay.jsonl.gz,a81698ac6e4f5dc1543c6037d4801da26e8f3b8c3320a9b1c4a6b2ec4289f1d7
labor1_batch3_terminal5,development,31,394509745,1,COMPLETE,222435.0,719,6.009942715999841,6bdfe734b24fc7642f0ef44a846035250ebcf935b1073d74487dd5d9768550c9,evidence/experiments/labor1_batch3_terminal5/games/031_394509745_s1.replay.jsonl.gz,00bf4528919a8da90393f44048cf21442d7ed744dec4d05d3168f327cee286c7
labor1_terminal5,development,0,1652205610,0,COMPLETE,226103.0,719,6.74685123200004,431b5a60b289e21be6c600e23b632e4ce7cded8026355bf2f3f0fa4190fbfc88,evidence/experiments/labor1_terminal5/games/000_1652205610_s0.replay.jsonl.gz,097e72560586023c1136a7eaa20d58569f83a6ec74af055bc1300a5cd37ad375
labor1_terminal5,development,1,1652205610,1,COMPLETE,220795.0,719,6.680237344000034,431b5a60b289e21be6c600e23b632e4ce7cded8026355bf2f3f0fa4190fbfc88,evidence/experiments/labor1_terminal5/games/001_1652205610_s1.replay.jsonl.gz,b32718ad50e7920606b86fabe23dc9e82a04fea071532b822ac9e8403da7177e
labor1_terminal5,development,2,979746784,0,COMPLETE,221944.0,719,6.859301112000026,431b5a60b289e21be6c600e23b632e4ce7cded8026355bf2f3f0fa4190fbfc88,evidence/experiments/labor1_terminal5/games/002_979746784_s0.replay.jsonl.gz,b9436668a060a9058226d79064fc9522d9f8338a88211f5a5154759e36ebffe5
labor1_terminal5,development,3,979746784,1,COMPLETE,221944.0,719,6.828375213000072,431b5a60b289e21be6c600e23b632e4ce7cded8026355bf2f3f0fa4190fbfc88,evidence/experiments/labor1_terminal5/games/003_979746784_s1.replay.jsonl.gz,fdf3ce79ebda994ac4cc12afce14d8916ef9d1b7be1675cd47058722a5189363
labor1_terminal5,development,4,1948729637,0,COMPLETE,222071.0,719,6.638174155999991,431b5a60b289e21be6c600e23b632e4ce7cded8026355bf2f3f0fa4190fbfc88,evidence/experiments/labor1_terminal5/games/004_1948729637_s0.replay.jsonl.gz,1a1bb1bbcfc37d6e3c24c64d721488700b29514805a506bc9cccb3dfbe899c9c
labor1_terminal5,development,5,1948729637,1,COMPLETE,257913.0,719,7.054528952999931,431b5a60b289e21be6c600e23b632e4ce7cded8026355bf2f3f0fa4190fbfc88,evidence/experiments/labor1_terminal5/games/005_1948729637_s1.replay.jsonl.gz,e68b50b6e9fc6e0961fb668e308071bddd300953bf438153477a70e42da85b49
labor1_terminal5,development,6,1514191294,0,COMPLETE,202193.0,719,6.665825688000041,431b5a60b289e21be6c600e23b632e4ce7cded8026355bf2f3f0fa4190fbfc88,evidence/experiments/labor1_terminal5/games/006_1514191294_s0.replay.jsonl.gz,39980e9e31bb3dacc5bfb0a04e5261d80012f2f2b1b798e6fe35bd8862dc70af
labor1_terminal5,development,7,1514191294,1,COMPLETE,202193.0,719,6.821377407,431b5a60b289e21be6c600e23b632e4ce7cded8026355bf2f3f0fa4190fbfc88,evidence/experiments/labor1_terminal5/games/007_1514191294_s1.replay.jsonl.gz,ae30f94d11786de2e0b8405191d85aa8fc4ed30698323b611f3399b01345ad7b
labor1_terminal5,development,8,833126169,0,COMPLETE,209834.0,719,6.573285828000053,431b5a60b289e21be6c600e23b632e4ce7cded8026355bf2f3f0fa4190fbfc88,evidence/experiments/labor1_terminal5/games/008_833126169_s0.replay.jsonl.gz,e239a41e8fa694d07b314507ab9f57d0db5520fc8021761ecadf6da3bff546fc
labor1_terminal5,development,9,833126169,1,COMPLETE,209834.0,719,6.656315759999984,431b5a60b289e21be6c600e23b632e4ce7cded8026355bf2f3f0fa4190fbfc88,evidence/experiments/labor1_terminal5/games/009_833126169_s1.replay.jsonl.gz,f1485a72672781ff5c9885e32b70cc30a0958e1bdfd98eae8820acd933a8e69b
labor1_terminal5,development,10,1715028217,0,COMPLETE,151696.0,719,6.379017844000032,431b5a60b289e21be6c600e23b632e4ce7cded8026355bf2f3f0fa4190fbfc88,evidence/experiments/labor1_terminal5/games/010_1715028217_s0.replay.jsonl.gz,f4c996bd1ff5c10be9ca4f76ea81e479e6b826909a462907202762e65c9a5093
labor1_terminal5,development,11,1715028217,1,COMPLETE,170481.0,719,6.2197064800000135,431b5a60b289e21be6c600e23b632e4ce7cded8026355bf2f3f0fa4190fbfc88,evidence/experiments/labor1_terminal5/games/011_1715028217_s1.replay.jsonl.gz,9555a579dc4612d55ce0cad2444a7f74387fcfa175c7ab110094785f05736b2a
labor1_terminal5,development,12,766857369,0,COMPLETE,184551.0,719,6.7665273769999885,431b5a60b289e21be6c600e23b632e4ce7cded8026355bf2f3f0fa4190fbfc88,evidence/experiments/labor1_terminal5/games/012_766857369_s0.replay.jsonl.gz,26d4aa8004057429c38cf3333e3cb85a305ec7b1e066a7bc5a87ae62bf78f50a
labor1_terminal5,development,13,766857369,1,COMPLETE,184551.0,719,6.6889434059999076,431b5a60b289e21be6c600e23b632e4ce7cded8026355bf2f3f0fa4190fbfc88,evidence/experiments/labor1_terminal5/games/013_766857369_s1.replay.jsonl.gz,21f1b62f97efe3e61474d32077e7cb5fc47b774605261df8d3034690b023ad75
labor1_terminal5,development,14,1387052231,0,COMPLETE,196427.0,719,6.494363013999987,431b5a60b289e21be6c600e23b632e4ce7cded8026355bf2f3f0fa4190fbfc88,evidence/experiments/labor1_terminal5/games/014_1387052231_s0.replay.jsonl.gz,7ff04a93c8e5db2436ea48edddc7b2b3fb34ad6eecfdb8fad4ddec2cce417114
labor1_terminal5,development,15,1387052231,1,COMPLETE,196427.0,719,6.59162569800003,431b5a60b289e21be6c600e23b632e4ce7cded8026355bf2f3f0fa4190fbfc88,evidence/experiments/labor1_terminal5/games/015_1387052231_s1.replay.jsonl.gz,dc0fd5bd57fe9909edad6dd5765393b6fefbf6db54e64d41887c076de00d7311
labor1_terminal5,development,16,1459327281,0,COMPLETE,217255.0,719,6.697842622999929,431b5a60b289e21be6c600e23b632e4ce7cded8026355bf2f3f0fa4190fbfc88,evidence/experiments/labor1_terminal5/games/016_1459327281_s0.replay.jsonl.gz,1f2fa5aeff4d3e7c9b0ccd4896c47a2bd98270d4a206bc4d3ddcd586c1427701
labor1_terminal5,development,17,1459327281,1,COMPLETE,217255.0,719,6.637174834999996,431b5a60b289e21be6c600e23b632e4ce7cded8026355bf2f3f0fa4190fbfc88,evidence/experiments/labor1_terminal5/games/017_1459327281_s1.replay.jsonl.gz,58bd081529e86ff061494e3b20abdfcce42e5fa126f44c5e18a988241b45d54d
labor1_terminal5,development,18,1175089851,0,COMPLETE,174743.0,719,6.2741244509999206,431b5a60b289e21be6c600e23b632e4ce7cded8026355bf2f3f0fa4190fbfc88,evidence/experiments/labor1_terminal5/games/018_1175089851_s0.replay.jsonl.gz,e239cf6402df12d8c6a66a0b010bb27025441f5ea450afb96ed1fe081e882862
labor1_terminal5,development,19,1175089851,1,COMPLETE,123662.0,719,6.414831880999941,431b5a60b289e21be6c600e23b632e4ce7cded8026355bf2f3f0fa4190fbfc88,evidence/experiments/labor1_terminal5/games/019_1175089851_s1.replay.jsonl.gz,54576f565d614597ec762aa907c5651100567340366aa05e7da8128bda71bf4d
labor1_terminal5,development,20,1138364143,0,COMPLETE,212593.0,719,6.547258505000059,431b5a60b289e21be6c600e23b632e4ce7cded8026355bf2f3f0fa4190fbfc88,evidence/experiments/labor1_terminal5/games/020_1138364143_s0.replay.jsonl.gz,f717cc2d49c5418c2ef33210b9131e6bd795fbf4cd84f6bc5e4d19b0378701ab
labor1_terminal5,development,21,1138364143,1,COMPLETE,200709.0,719,6.715315265999948,431b5a60b289e21be6c600e23b632e4ce7cded8026355bf2f3f0fa4190fbfc88,evidence/experiments/labor1_terminal5/games/021_1138364143_s1.replay.jsonl.gz,4ff1e1ce5f53432f9eff1d078ab82b5edd585b0ef6ef169518b5279e31d0eb5d
labor1_terminal5,development,22,1722159489,0,COMPLETE,210790.0,719,6.729267956000058,431b5a60b289e21be6c600e23b632e4ce7cded8026355bf2f3f0fa4190fbfc88,evidence/experiments/labor1_terminal5/games/022_1722159489_s0.replay.jsonl.gz,7cf308ad64087bdf06af1c231d5fabd1a6185486a5fb1a4b5524001daffa93c5
labor1_terminal5,development,23,1722159489,1,COMPLETE,196381.0,719,6.470886959999916,431b5a60b289e21be6c600e23b632e4ce7cded8026355bf2f3f0fa4190fbfc88,evidence/experiments/labor1_terminal5/games/023_1722159489_s1.replay.jsonl.gz,6d5c4c45aefe9f949cf4ec519226ee3f072983b7712bceb762c973ac08f867ba
labor1_terminal5,development,24,979914492,0,COMPLETE,256720.0,719,6.871814744000062,431b5a60b289e21be6c600e23b632e4ce7cded8026355bf2f3f0fa4190fbfc88,evidence/experiments/labor1_terminal5/games/024_979914492_s0.replay.jsonl.gz,c2ca286ef0863b321c6882f765bc2e215b22d06cef10412ab3fac3dc3948e22b
labor1_terminal5,development,25,979914492,1,COMPLETE,256720.0,719,6.936632945000042,431b5a60b289e21be6c600e23b632e4ce7cded8026355bf2f3f0fa4190fbfc88,evidence/experiments/labor1_terminal5/games/025_979914492_s1.replay.jsonl.gz,fc40c445fbb1794269c2950cebd0395253cef451b57df701488344e4ab91e6c1
labor1_terminal5,development,26,1421711696,0,COMPLETE,221606.0,719,6.848410906000026,431b5a60b289e21be6c600e23b632e4ce7cded8026355bf2f3f0fa4190fbfc88,evidence/experiments/labor1_terminal5/games/026_1421711696_s0.replay.jsonl.gz,602fc66ae3fe77694ffa456794699f0487235953c191c99f0d0e5aa5b0f80c31
labor1_terminal5,development,27,1421711696,1,COMPLETE,221910.0,719,6.877623650000032,431b5a60b289e21be6c600e23b632e4ce7cded8026355bf2f3f0fa4190fbfc88,evidence/experiments/labor1_terminal5/games/027_1421711696_s1.replay.jsonl.gz,b846741669c2d0f34779bdcbb9fe822fdd072d2bd88aba17ec6e951f1354c4cb
labor1_terminal5,development,28,28576209,0,COMPLETE,188072.0,719,6.586908995000044,431b5a60b289e21be6c600e23b632e4ce7cded8026355bf2f3f0fa4190fbfc88,evidence/experiments/labor1_terminal5/games/028_28576209_s0.replay.jsonl.gz,fdbe2b3160d32318162d4346a221be8ea28b21ae5f3236502f1d466170fcbeec
labor1_terminal5,development,29,28576209,1,COMPLETE,187564.0,719,6.631093559999954,431b5a60b289e21be6c600e23b632e4ce7cded8026355bf2f3f0fa4190fbfc88,evidence/experiments/labor1_terminal5/games/029_28576209_s1.replay.jsonl.gz,749066e91dd48b38c6407c990ce2460cd0515dea6dc9f114dfdef880886cc648
labor1_terminal5,development,30,394509745,0,COMPLETE,225515.0,719,6.592642160000082,431b5a60b289e21be6c600e23b632e4ce7cded8026355bf2f3f0fa4190fbfc88,evidence/experiments/labor1_terminal5/games/030_394509745_s0.replay.jsonl.gz,3ad6f5b9effe3f24c6d6f0052b8cbcc029dbe7ba58cf1be5b08e1541cfd38ca4
labor1_terminal5,development,31,394509745,1,COMPLETE,213345.0,719,6.521970307999936,431b5a60b289e21be6c600e23b632e4ce7cded8026355bf2f3f0fa4190fbfc88,evidence/experiments/labor1_terminal5/games/031_394509745_s1.replay.jsonl.gz,5245686ba511554b86cf677ae748d89c0f565f726346d1f8fd15e0eaf1ed3fa6
labor_shadow1,development,0,1652205610,0,COMPLETE,226103.0,719,6.230861384000036,d63a973dcda5cc0ba9e4451350f74826959db55c3e5e5ef6c6653ade1da43617,evidence/experiments/labor_shadow1/games/000_1652205610_s0.replay.jsonl.gz,ce085737a1282ffcb04b7eafab820f287714f4a492c9e8b82255907c1c1b1634
labor_shadow1,development,1,1652205610,1,COMPLETE,218911.0,719,6.118334121999965,d63a973dcda5cc0ba9e4451350f74826959db55c3e5e5ef6c6653ade1da43617,evidence/experiments/labor_shadow1/games/001_1652205610_s1.replay.jsonl.gz,9f4f46a748666aa5b05d6f8bf115d279936cc9d2027a8be209766a565ba18bc6
labor_shadow1,development,2,979746784,0,COMPLETE,222299.0,719,6.449650788999975,d63a973dcda5cc0ba9e4451350f74826959db55c3e5e5ef6c6653ade1da43617,evidence/experiments/labor_shadow1/games/002_979746784_s0.replay.jsonl.gz,ae1fe46e67bc443e22077203a999250fa05d045e9def76fae0caf041bb07aacc
labor_shadow1,development,3,979746784,1,COMPLETE,222299.0,719,6.487143390000028,d63a973dcda5cc0ba9e4451350f74826959db55c3e5e5ef6c6653ade1da43617,evidence/experiments/labor_shadow1/games/003_979746784_s1.replay.jsonl.gz,bbbdc4a5d96d17625c1004fbd24625fbb140ee2b657b02962cf4cb7ea4bf246a
labor_shadow1,development,4,1948729637,0,COMPLETE,222071.0,719,6.48416393499997,d63a973dcda5cc0ba9e4451350f74826959db55c3e5e5ef6c6653ade1da43617,evidence/experiments/labor_shadow1/games/004_1948729637_s0.replay.jsonl.gz,6a68a2c83a874ae6b82e7cb6f8ba68bf4043f8fdcbfe1e6d6db064d953f3b4bf
labor_shadow1,development,5,1948729637,1,COMPLETE,257913.0,719,6.594905722000021,d63a973dcda5cc0ba9e4451350f74826959db55c3e5e5ef6c6653ade1da43617,evidence/experiments/labor_shadow1/games/005_1948729637_s1.replay.jsonl.gz,c75bcd58dca6dfc44689ac5c7aef449c8721c0e55fc10dd3a4fadfac53a4b9ba
labor_shadow1,development,6,1514191294,0,COMPLETE,202120.0,719,6.719659986000011,d63a973dcda5cc0ba9e4451350f74826959db55c3e5e5ef6c6653ade1da43617,evidence/experiments/labor_shadow1/games/006_1514191294_s0.replay.jsonl.gz,c9c839746ec5b77ca65d80b9844db83672dac964fa61437d8fa0df39aff69a5f
labor_shadow1,development,7,1514191294,1,COMPLETE,202120.0,719,6.6642784860000575,d63a973dcda5cc0ba9e4451350f74826959db55c3e5e5ef6c6653ade1da43617,evidence/experiments/labor_shadow1/games/007_1514191294_s1.replay.jsonl.gz,04e0a6b3fdf98e2c4e1113654736a8a1c71b6faa580c4f6e4d6ad5c7a2a0067a
labor_shadow1,development,8,833126169,0,COMPLETE,209834.0,719,6.350319249999984,d63a973dcda5cc0ba9e4451350f74826959db55c3e5e5ef6c6653ade1da43617,evidence/experiments/labor_shadow1/games/008_833126169_s0.replay.jsonl.gz,d0ee70f97fae0d7a3c2a2291e01b86493d87871d84bd1ce6e2ed0275b9f8e068
labor_shadow1,development,9,833126169,1,COMPLETE,209834.0,719,6.510253368999997,d63a973dcda5cc0ba9e4451350f74826959db55c3e5e5ef6c6653ade1da43617,evidence/experiments/labor_shadow1/games/009_833126169_s1.replay.jsonl.gz,aea18711559b12057f31afc89833a6d923757a7588b7055d7b822c39d159388e
labor_shadow1,development,10,1715028217,0,COMPLETE,151083.0,719,6.231144269000083,d63a973dcda5cc0ba9e4451350f74826959db55c3e5e5ef6c6653ade1da43617,evidence/experiments/labor_shadow1/games/010_1715028217_s0.replay.jsonl.gz,9ed85cfeef3286baa80f9c880ed8a98db3f394ff80b0731b1ba8e72bae23b2f7
labor_shadow1,development,11,1715028217,1,COMPLETE,169975.0,719,6.272727076000024,d63a973dcda5cc0ba9e4451350f74826959db55c3e5e5ef6c6653ade1da43617,evidence/experiments/labor_shadow1/games/011_1715028217_s1.replay.jsonl.gz,058fdb8f532a7bbda8322ce80b85d15b5226391d33fd5a9325318ea65debabc8
labor_shadow1,development,12,766857369,0,COMPLETE,184345.0,719,6.533967692999909,d63a973dcda5cc0ba9e4451350f74826959db55c3e5e5ef6c6653ade1da43617,evidence/experiments/labor_shadow1/games/012_766857369_s0.replay.jsonl.gz,4b0d3873813fa613b96f2f5e6ab24f86e5fd7ed7347d789849e7163106f05b71
labor_shadow1,development,13,766857369,1,COMPLETE,184718.0,719,6.3724793509999245,d63a973dcda5cc0ba9e4451350f74826959db55c3e5e5ef6c6653ade1da43617,evidence/experiments/labor_shadow1/games/013_766857369_s1.replay.jsonl.gz,7a1d7ce109b2c8f0d701aef99a7b858f4e1e035355e92b2399c851389da697a6
labor_shadow1,development,14,1387052231,0,COMPLETE,194054.0,719,6.530323378000048,d63a973dcda5cc0ba9e4451350f74826959db55c3e5e5ef6c6653ade1da43617,evidence/experiments/labor_shadow1/games/014_1387052231_s0.replay.jsonl.gz,69bfbb230f1062be4f2877f32edad77153bb955b3b89e346f94dbcb5a609dbd9
labor_shadow1,development,15,1387052231,1,COMPLETE,194054.0,719,6.39202365999995,d63a973dcda5cc0ba9e4451350f74826959db55c3e5e5ef6c6653ade1da43617,evidence/experiments/labor_shadow1/games/015_1387052231_s1.replay.jsonl.gz,53999e147bf984cd26b3eb82f458db08e8e928aada5f0d79f3b8c8499a567dda
labor_shadow1,development,16,1459327281,0,COMPLETE,217255.0,719,6.725985945000048,d63a973dcda5cc0ba9e4451350f74826959db55c3e5e5ef6c6653ade1da43617,evidence/experiments/labor_shadow1/games/016_1459327281_s0.replay.jsonl.gz,d87e104e36dde43946c06929d84e8db26b0074f3eecb8c634673d14e3a5f3f3d
labor_shadow1,development,17,1459327281,1,COMPLETE,217255.0,719,6.68121376900001,d63a973dcda5cc0ba9e4451350f74826959db55c3e5e5ef6c6653ade1da43617,evidence/experiments/labor_shadow1/games/017_1459327281_s1.replay.jsonl.gz,04f442399334b0ae35c5ebb97a621fd8e1a5d7c691d60db66b2ef0294163af1e
labor_shadow1,development,18,1175089851,0,COMPLETE,174707.0,719,6.501278046999914,d63a973dcda5cc0ba9e4451350f74826959db55c3e5e5ef6c6653ade1da43617,evidence/experiments/labor_shadow1/games/018_1175089851_s0.replay.jsonl.gz,d5800f2130c7248fe266c899457066e94ba4441bc8618732673edde890b5e192
labor_shadow1,development,19,1175089851,1,COMPLETE,123662.0,719,6.3264268089999405,d63a973dcda5cc0ba9e4451350f74826959db55c3e5e5ef6c6653ade1da43617,evidence/experiments/labor_shadow1/games/019_1175089851_s1.replay.jsonl.gz,80c5dccc53cce6d7d7b9970b42d7ad4eef9cbe175cf14558fb708b4a7b6c5c66
labor_shadow1,development,20,1138364143,0,COMPLETE,211766.0,719,6.687280235999992,d63a973dcda5cc0ba9e4451350f74826959db55c3e5e5ef6c6653ade1da43617,evidence/experiments/labor_shadow1/games/020_1138364143_s0.replay.jsonl.gz,bd4093ed6d9c40ba3495b35970a00f7f31747a4088f8cd4a1e7c055b679f57e3
labor_shadow1,development,21,1138364143,1,COMPLETE,200709.0,719,6.7277883819999715,d63a973dcda5cc0ba9e4451350f74826959db55c3e5e5ef6c6653ade1da43617,evidence/experiments/labor_shadow1/games/021_1138364143_s1.replay.jsonl.gz,9aa16394763e3829dbb95c804230107f3f922e54651fa6b265ec625ebe1dd32c
labor_shadow1,development,22,1722159489,0,COMPLETE,209149.0,719,6.850602693000042,d63a973dcda5cc0ba9e4451350f74826959db55c3e5e5ef6c6653ade1da43617,evidence/experiments/labor_shadow1/games/022_1722159489_s0.replay.jsonl.gz,88f0fbb14fd03d868b2f80192c7c6f05f36aa3b74e187816420e439dbbfbcb2d
labor_shadow1,development,23,1722159489,1,COMPLETE,196381.0,719,6.327083392999953,d63a973dcda5cc0ba9e4451350f74826959db55c3e5e5ef6c6653ade1da43617,evidence/experiments/labor_shadow1/games/023_1722159489_s1.replay.jsonl.gz,f3e8fb377fcf0de00ede5a246c49bc2b7a9d68d839e1ab292464e18abfaeac1b
labor_shadow1,development,24,979914492,0,COMPLETE,257554.0,719,6.947663668000018,d63a973dcda5cc0ba9e4451350f74826959db55c3e5e5ef6c6653ade1da43617,evidence/experiments/labor_shadow1/games/024_979914492_s0.replay.jsonl.gz,2d77656c1ef4c3bd951d6c215b42990839e5dc3e67b1c24dedbb3a662fa1deee
labor_shadow1,development,25,979914492,1,COMPLETE,257554.0,719,7.018521377999946,d63a973dcda5cc0ba9e4451350f74826959db55c3e5e5ef6c6653ade1da43617,evidence/experiments/labor_shadow1/games/025_979914492_s1.replay.jsonl.gz,c0d6a72884176664f87b3b21fef02ae69b61e8fcf055d7a3081cb0513731962b
labor_shadow1,development,26,1421711696,0,COMPLETE,220468.0,719,6.514573507000023,d63a973dcda5cc0ba9e4451350f74826959db55c3e5e5ef6c6653ade1da43617,evidence/experiments/labor_shadow1/games/026_1421711696_s0.replay.jsonl.gz,7189fadc5a20c59cdc082c76b38552c0b11f329542d3ee37ff066c3423601f34
labor_shadow1,development,27,1421711696,1,COMPLETE,221910.0,719,6.702856757000063,d63a973dcda5cc0ba9e4451350f74826959db55c3e5e5ef6c6653ade1da43617,evidence/experiments/labor_shadow1/games/027_1421711696_s1.replay.jsonl.gz,7c6734295a0595f15639c0a36b0cefbe82a515636f5134cc692c47b25a17518f
labor_shadow1,development,28,28576209,0,COMPLETE,188072.0,719,6.318996194999954,d63a973dcda5cc0ba9e4451350f74826959db55c3e5e5ef6c6653ade1da43617,evidence/experiments/labor_shadow1/games/028_28576209_s0.replay.jsonl.gz,f673d05c49069eb5896adc6c2817f7233bda11a26085c3a85ce1009b692665cf
labor_shadow1,development,29,28576209,1,COMPLETE,187564.0,719,6.2717226679999385,d63a973dcda5cc0ba9e4451350f74826959db55c3e5e5ef6c6653ade1da43617,evidence/experiments/labor_shadow1/games/029_28576209_s1.replay.jsonl.gz,272fde0a3874133f5670c4ff0a127e53b2a7899045adec37c53cf38489e93760
labor_shadow1,development,30,394509745,0,COMPLETE,225515.0,719,6.55643348000001,d63a973dcda5cc0ba9e4451350f74826959db55c3e5e5ef6c6653ade1da43617,evidence/experiments/labor_shadow1/games/030_394509745_s0.replay.jsonl.gz,90bfb625b17e706385256dff8771c778100c024cae5d66544f25649d2ead8e0c
labor_shadow1,development,31,394509745,1,COMPLETE,213345.0,719,6.174406815999987,d63a973dcda5cc0ba9e4451350f74826959db55c3e5e5ef6c6653ade1da43617,evidence/experiments/labor_shadow1/games/031_394509745_s1.replay.jsonl.gz,1072d0e1b853a3218ca7a86f6f493a8622c2c6e2b14e3e95192ea5859337663f
late_h1,development,0,1652205610,0,COMPLETE,163773.0,719,5.724970080999981,252a435b2d05ad4ac46288a1ad18af571bb500ecb740386a8c84d68ac0fab92c,evidence/experiments/late_h1/games/000_1652205610_s0.replay.jsonl.gz,c7b0f9f4740d394f0bf5ee85031c2e4aa81e9763b22bbd6abc8793c4bc5e2b40
late_h1,development,1,1652205610,1,COMPLETE,164683.0,719,5.677672015999974,252a435b2d05ad4ac46288a1ad18af571bb500ecb740386a8c84d68ac0fab92c,evidence/experiments/late_h1/games/001_1652205610_s1.replay.jsonl.gz,09d37cede3587b82946c9f7cba7537192654aeed278c5eb47cf1ef5c65b8e836
late_h1,development,2,979746784,0,COMPLETE,206650.0,719,5.350689853000063,252a435b2d05ad4ac46288a1ad18af571bb500ecb740386a8c84d68ac0fab92c,evidence/experiments/late_h1/games/002_979746784_s0.replay.jsonl.gz,64cb2bcc61b56d1b5ea9075f0912d3024d3f69dc41f0f5bbb7c135bdc4a49a81
late_h1,development,3,979746784,1,COMPLETE,206650.0,719,5.4341082830000005,252a435b2d05ad4ac46288a1ad18af571bb500ecb740386a8c84d68ac0fab92c,evidence/experiments/late_h1/games/003_979746784_s1.replay.jsonl.gz,3b63cb42fa83e4a80fa6c95126953cf526740f03b70cb3a0eb1a9190bdbbb301
late_h1,development,4,1948729637,0,COMPLETE,234364.0,719,5.612955599999964,252a435b2d05ad4ac46288a1ad18af571bb500ecb740386a8c84d68ac0fab92c,evidence/experiments/late_h1/games/004_1948729637_s0.replay.jsonl.gz,ef1b6013a723498d87cef65a88251e15059a00309b189264481d121106e7cc79
late_h1,development,5,1948729637,1,COMPLETE,214284.0,719,5.988555631000054,252a435b2d05ad4ac46288a1ad18af571bb500ecb740386a8c84d68ac0fab92c,evidence/experiments/late_h1/games/005_1948729637_s1.replay.jsonl.gz,d34b89495ba5a92ffed9d20421b4e506458e3d4a1a5b37e9f382dfac58d8c95f
late_h1,development,6,1514191294,0,COMPLETE,243033.0,719,5.744643216999975,252a435b2d05ad4ac46288a1ad18af571bb500ecb740386a8c84d68ac0fab92c,evidence/experiments/late_h1/games/006_1514191294_s0.replay.jsonl.gz,19eab0d5035492f8860025e3cc6abf957a53a6c0a9d74b6b632d7cb6d7aa2207
late_h1,development,7,1514191294,1,COMPLETE,241887.0,719,5.966386260000036,252a435b2d05ad4ac46288a1ad18af571bb500ecb740386a8c84d68ac0fab92c,evidence/experiments/late_h1/games/007_1514191294_s1.replay.jsonl.gz,a43b5aaedcfc627efca9df8ace2ddb54e0fda0b74b85786886ae4a88efce1c53
late_h1,development,8,833126169,0,COMPLETE,207167.0,719,5.970245865000038,252a435b2d05ad4ac46288a1ad18af571bb500ecb740386a8c84d68ac0fab92c,evidence/experiments/late_h1/games/008_833126169_s0.replay.jsonl.gz,64096d9b532e51641271feec70d810a44f2ea68fe009482cd3977dbd68532ed4
late_h1,development,9,833126169,1,COMPLETE,207167.0,719,5.712777742999947,252a435b2d05ad4ac46288a1ad18af571bb500ecb740386a8c84d68ac0fab92c,evidence/experiments/late_h1/games/009_833126169_s1.replay.jsonl.gz,b8a56af0bb14ddd542b30eaad79450124710c257534c98f17b05f41d46ccdc67
late_h1,development,10,1715028217,0,COMPLETE,154605.0,719,5.4215571799999225,252a435b2d05ad4ac46288a1ad18af571bb500ecb740386a8c84d68ac0fab92c,evidence/experiments/late_h1/games/010_1715028217_s0.replay.jsonl.gz,e4450071c2892c6f7a1c42275b9c9fbfd91e115768219435bb3d4a4fdf1915cf
late_h1,development,11,1715028217,1,COMPLETE,174113.0,719,5.381216521000056,252a435b2d05ad4ac46288a1ad18af571bb500ecb740386a8c84d68ac0fab92c,evidence/experiments/late_h1/games/011_1715028217_s1.replay.jsonl.gz,14648e4cfa3518f9bef9e09ac796c9492093ab243c84103a92279d93523ff202
late_h1,development,12,766857369,0,COMPLETE,174603.0,719,5.430320172999927,252a435b2d05ad4ac46288a1ad18af571bb500ecb740386a8c84d68ac0fab92c,evidence/experiments/late_h1/games/012_766857369_s0.replay.jsonl.gz,89a0c5dd2a15c7d70fb6aae7a7efeaeac46abc0ac071ee24375b2afa4e226d33
late_h1,development,13,766857369,1,COMPLETE,174603.0,719,5.540676825000105,252a435b2d05ad4ac46288a1ad18af571bb500ecb740386a8c84d68ac0fab92c,evidence/experiments/late_h1/games/013_766857369_s1.replay.jsonl.gz,77e095bb00d9cbfbd55d699ca38f6334e6c2f097f052c923f69af486cfe0ebbf
late_h1,development,14,1387052231,0,COMPLETE,222316.0,719,5.904721765999966,252a435b2d05ad4ac46288a1ad18af571bb500ecb740386a8c84d68ac0fab92c,evidence/experiments/late_h1/games/014_1387052231_s0.replay.jsonl.gz,62d2bf5b6271ed1fa6a0ddbbbb67742c75882e8a8caee757df4436cd625c33b1
late_h1,development,15,1387052231,1,COMPLETE,201117.0,719,5.435708654999985,252a435b2d05ad4ac46288a1ad18af571bb500ecb740386a8c84d68ac0fab92c,evidence/experiments/late_h1/games/015_1387052231_s1.replay.jsonl.gz,7994c5cf9db730b6a667a7ada3377b95a1f8452e669612d97b255752149d21a8
late_h1,development,16,1459327281,0,COMPLETE,211658.0,719,5.916141743000026,252a435b2d05ad4ac46288a1ad18af571bb500ecb740386a8c84d68ac0fab92c,evidence/experiments/late_h1/games/016_1459327281_s0.replay.jsonl.gz,25d5f2c9fae7c21217e634441c143ab7cfa65219fc63cc996a94c65779eef429
late_h1,development,17,1459327281,1,COMPLETE,211658.0,719,5.84686603199998,252a435b2d05ad4ac46288a1ad18af571bb500ecb740386a8c84d68ac0fab92c,evidence/experiments/late_h1/games/017_1459327281_s1.replay.jsonl.gz,6705c50610ea3e3d776ffdc4965c13e423b4ac3fa6e0d21b498d084bbb5b33ba
late_h1,development,18,1175089851,0,COMPLETE,175078.0,719,5.7332105689999935,252a435b2d05ad4ac46288a1ad18af571bb500ecb740386a8c84d68ac0fab92c,evidence/experiments/late_h1/games/018_1175089851_s0.replay.jsonl.gz,64c8d2359bc4117425965155cb01b4820cc34bf173a6808ac947d3b256118e60
late_h1,development,19,1175089851,1,COMPLETE,174662.0,719,5.506088427000009,252a435b2d05ad4ac46288a1ad18af571bb500ecb740386a8c84d68ac0fab92c,evidence/experiments/late_h1/games/019_1175089851_s1.replay.jsonl.gz,7b343f435a60c89fa3587e45f75de6450011f16dc9de4e6d7d826b243237bb53
late_h1,development,20,1138364143,0,COMPLETE,155368.0,719,5.454704633999995,252a435b2d05ad4ac46288a1ad18af571bb500ecb740386a8c84d68ac0fab92c,evidence/experiments/late_h1/games/020_1138364143_s0.replay.jsonl.gz,7c862561809f9874658f6d9af5f16a83c70c520edc882c5550fe649f04b5025f
late_h1,development,21,1138364143,1,COMPLETE,124862.0,719,5.620173400999988,252a435b2d05ad4ac46288a1ad18af571bb500ecb740386a8c84d68ac0fab92c,evidence/experiments/late_h1/games/021_1138364143_s1.replay.jsonl.gz,f13f142b39b9d41f0c4de002d95c775459e7cdab03585be3c574d5846440a423
late_h1,development,22,1722159489,0,COMPLETE,179190.0,719,5.194485879000013,252a435b2d05ad4ac46288a1ad18af571bb500ecb740386a8c84d68ac0fab92c,evidence/experiments/late_h1/games/022_1722159489_s0.replay.jsonl.gz,82a65a17a18cead9b50d5e497a205e149bce014a3da4e130bb38f39e5a78bbf1
late_h1,development,23,1722159489,1,COMPLETE,203063.0,719,5.727651037999976,252a435b2d05ad4ac46288a1ad18af571bb500ecb740386a8c84d68ac0fab92c,evidence/experiments/late_h1/games/023_1722159489_s1.replay.jsonl.gz,ddf5d3f3ddbd6767daa1935dc886ea138f770da627ba4a577b19568a03a86fec
late_h1,development,24,979914492,0,COMPLETE,241680.0,719,5.835737661999929,252a435b2d05ad4ac46288a1ad18af571bb500ecb740386a8c84d68ac0fab92c,evidence/experiments/late_h1/games/024_979914492_s0.replay.jsonl.gz,b820c3f0a722f8590c97256ba70086f1a77b024e422e85fc77a237a54d1f8935
late_h1,development,25,979914492,1,COMPLETE,203976.0,719,5.749433130000057,252a435b2d05ad4ac46288a1ad18af571bb500ecb740386a8c84d68ac0fab92c,evidence/experiments/late_h1/games/025_979914492_s1.replay.jsonl.gz,9660dc5910a78fb5ad36a1dcc880c48e681ebb99c5eb3e31b5118ea7f503e818
late_h1,development,26,1421711696,0,COMPLETE,235114.0,719,5.703730553000014,252a435b2d05ad4ac46288a1ad18af571bb500ecb740386a8c84d68ac0fab92c,evidence/experiments/late_h1/games/026_1421711696_s0.replay.jsonl.gz,4247f9201488300fc1c7c23daf59364cd7b43859cf235638196aa2fd7b8fe13a
late_h1,development,27,1421711696,1,COMPLETE,206514.0,719,5.668676082000047,252a435b2d05ad4ac46288a1ad18af571bb500ecb740386a8c84d68ac0fab92c,evidence/experiments/late_h1/games/027_1421711696_s1.replay.jsonl.gz,9a659730f586ca051fef5319094c2a7611c7019e40b4451be1354b5609df207f
late_h1,development,28,28576209,0,COMPLETE,213026.0,719,5.5176883269999735,252a435b2d05ad4ac46288a1ad18af571bb500ecb740386a8c84d68ac0fab92c,evidence/experiments/late_h1/games/028_28576209_s0.replay.jsonl.gz,d10ffff906eb33cf4bc7d64e0762bc090a88a283e155b4d3db73e91e00dfa467
late_h1,development,29,28576209,1,COMPLETE,213026.0,719,5.638756029999968,252a435b2d05ad4ac46288a1ad18af571bb500ecb740386a8c84d68ac0fab92c,evidence/experiments/late_h1/games/029_28576209_s1.replay.jsonl.gz,c7a09c8b08aebb4f64b5a580b7af38500f0286800d7350af2e672dad93f3ff20
late_h1,development,30,394509745,0,COMPLETE,213689.0,719,5.477905019000104,252a435b2d05ad4ac46288a1ad18af571bb500ecb740386a8c84d68ac0fab92c,evidence/experiments/late_h1/games/030_394509745_s0.replay.jsonl.gz,d40cacd174c7e9b51fee92cf5d4bdc0bedff2369b0b6ced1275368622d3d771b
late_h1,development,31,394509745,1,COMPLETE,234136.0,719,5.4249829830000635,252a435b2d05ad4ac46288a1ad18af571bb500ecb740386a8c84d68ac0fab92c,evidence/experiments/late_h1/games/031_394509745_s1.replay.jsonl.gz,f411e5a2c95bbde82ef2a7306e620e915a2e5d57889f0f015c4b2e3f9bc8b245
late_h4,development,0,1652205610,0,COMPLETE,165608.0,719,6.914408226999967,af13cb1fa7f49ae9b431d5799754d239361da571040d6dd805ba538d158393d4,evidence/experiments/late_h4/games/000_1652205610_s0.replay.jsonl.gz,0681ee8b5a2e903438fadfa23d04a5224edf70a44ce46e3ab863c88d47d7d939
late_h4,development,1,1652205610,1,COMPLETE,165431.0,719,6.874672600999986,af13cb1fa7f49ae9b431d5799754d239361da571040d6dd805ba538d158393d4,evidence/experiments/late_h4/games/001_1652205610_s1.replay.jsonl.gz,d00aaad143be5a7147ffd2e15348397db1b9e12532f6cf131da598c494301f8c
late_h4,development,2,979746784,0,COMPLETE,207447.0,719,6.86980085700003,af13cb1fa7f49ae9b431d5799754d239361da571040d6dd805ba538d158393d4,evidence/experiments/late_h4/games/002_979746784_s0.replay.jsonl.gz,cca83aa21e27eeba13a45e400b90ba67ad38e20661d3eba43f46db7034e7361b
late_h4,development,3,979746784,1,COMPLETE,207447.0,719,6.785769931000004,af13cb1fa7f49ae9b431d5799754d239361da571040d6dd805ba538d158393d4,evidence/experiments/late_h4/games/003_979746784_s1.replay.jsonl.gz,4b411fd34d71b614eedf48a420e8c33b546d5935f2f052c46e9170a640adb133
late_h4,development,4,1948729637,0,COMPLETE,231918.0,719,7.373859909000032,af13cb1fa7f49ae9b431d5799754d239361da571040d6dd805ba538d158393d4,evidence/experiments/late_h4/games/004_1948729637_s0.replay.jsonl.gz,8667e6dc28b2749aa75386f884a83e1c05b460bdc2d28d20372c5cbe5fff873f
late_h4,development,5,1948729637,1,COMPLETE,214493.0,719,7.796425123999995,af13cb1fa7f49ae9b431d5799754d239361da571040d6dd805ba538d158393d4,evidence/experiments/late_h4/games/005_1948729637_s1.replay.jsonl.gz,2d4c56d5f6b7ad57778b40ccd92bbd28502a37d3c009e27af3406658c0bd9fb5
late_h4,development,6,1514191294,0,COMPLETE,243841.0,719,7.200946081999973,af13cb1fa7f49ae9b431d5799754d239361da571040d6dd805ba538d158393d4,evidence/experiments/late_h4/games/006_1514191294_s0.replay.jsonl.gz,a5cf29ba145d497b98a1f8c7a3fb888930fb341f225b6e5bd52bc00b723ffb74
late_h4,development,7,1514191294,1,COMPLETE,243841.0,719,7.199832700999991,af13cb1fa7f49ae9b431d5799754d239361da571040d6dd805ba538d158393d4,evidence/experiments/late_h4/games/007_1514191294_s1.replay.jsonl.gz,4815ff2e0087c1b0fe4fc52ec2c4347bd6e5a1c199bce0974026febc704de377
late_h4,development,8,833126169,0,COMPLETE,213512.0,719,7.466815127999951,af13cb1fa7f49ae9b431d5799754d239361da571040d6dd805ba538d158393d4,evidence/experiments/late_h4/games/008_833126169_s0.replay.jsonl.gz,608bb4b72c42b935e6e5ce708d190017507774db75caa2cd0ba40d4e732bac80
late_h4,development,9,833126169,1,COMPLETE,213512.0,719,7.4216055179999785,af13cb1fa7f49ae9b431d5799754d239361da571040d6dd805ba538d158393d4,evidence/experiments/late_h4/games/009_833126169_s1.replay.jsonl.gz,5d5aebc70c917331ea90c52ad00aa3a20040b2d8e44bd339fe9df8660b6dea04
late_h4,development,10,1715028217,0,COMPLETE,163356.0,719,6.8162027909999665,af13cb1fa7f49ae9b431d5799754d239361da571040d6dd805ba538d158393d4,evidence/experiments/late_h4/games/010_1715028217_s0.replay.jsonl.gz,8f56e9300fa95d77c4d5cc108de25461b339ae455efa2d15403f5884d21b7f2e
late_h4,development,11,1715028217,1,COMPLETE,170553.0,719,7.1312104179999665,af13cb1fa7f49ae9b431d5799754d239361da571040d6dd805ba538d158393d4,evidence/experiments/late_h4/games/011_1715028217_s1.replay.jsonl.gz,3d8ab26f5f5c82d0f1090da736377be5ab252ad24c8661f184952b5f2e5bc298
late_h4,development,12,766857369,0,COMPLETE,175813.0,719,7.107238011999982,af13cb1fa7f49ae9b431d5799754d239361da571040d6dd805ba538d158393d4,evidence/experiments/late_h4/games/012_766857369_s0.replay.jsonl.gz,a2aafa7aad5eb70bf220ae3ea7058b2fb7647232f125213b1bf629bd609aad15
late_h4,development,13,766857369,1,COMPLETE,175813.0,719,7.031100329000026,af13cb1fa7f49ae9b431d5799754d239361da571040d6dd805ba538d158393d4,evidence/experiments/late_h4/games/013_766857369_s1.replay.jsonl.gz,8d0d27471979bcc548635146642eef194215f67a56ecdbc2047dd727d776e32e
late_h4,development,14,1387052231,0,COMPLETE,220175.0,719,7.354168294999965,af13cb1fa7f49ae9b431d5799754d239361da571040d6dd805ba538d158393d4,evidence/experiments/late_h4/games/014_1387052231_s0.replay.jsonl.gz,43648d4630c9df0a6d9d937b8316f3131d49913cee0683bef80dc1186dd8bc45
late_h4,development,15,1387052231,1,COMPLETE,202567.0,719,7.038271441999996,af13cb1fa7f49ae9b431d5799754d239361da571040d6dd805ba538d158393d4,evidence/experiments/late_h4/games/015_1387052231_s1.replay.jsonl.gz,af4c64c05cc8154a66fbdf118111f71769c00503577b3af98485a9af244e5977
late_h4,development,16,1459327281,0,COMPLETE,211841.0,719,7.398181825999984,af13cb1fa7f49ae9b431d5799754d239361da571040d6dd805ba538d158393d4,evidence/experiments/late_h4/games/016_1459327281_s0.replay.jsonl.gz,039892331a2d2c8172c8190f686cbf2994c83d67113aa45e868b6382716e3db0
late_h4,development,17,1459327281,1,COMPLETE,211841.0,719,7.476848426000004,af13cb1fa7f49ae9b431d5799754d239361da571040d6dd805ba538d158393d4,evidence/experiments/late_h4/games/017_1459327281_s1.replay.jsonl.gz,730e5cd1fcfbc6bf70d9489c86af57d43d2482c97f7e620502ebb0625f28eb37
late_h4,development,18,1175089851,0,COMPLETE,175739.0,719,7.399350228000003,af13cb1fa7f49ae9b431d5799754d239361da571040d6dd805ba538d158393d4,evidence/experiments/late_h4/games/018_1175089851_s0.replay.jsonl.gz,adb92a5f944adc76fb83bc28a4b88c85f93363745f1e243c2d37235d1ef670af
late_h4,development,19,1175089851,1,COMPLETE,180854.0,719,6.975670028000025,af13cb1fa7f49ae9b431d5799754d239361da571040d6dd805ba538d158393d4,evidence/experiments/late_h4/games/019_1175089851_s1.replay.jsonl.gz,70e1654b3e833f5e5d30852e69bd304662c0d9d9d1ab550048608b4b80ddd933
late_h4,development,20,1138364143,0,COMPLETE,156294.0,719,6.6818153429999825,af13cb1fa7f49ae9b431d5799754d239361da571040d6dd805ba538d158393d4,evidence/experiments/late_h4/games/020_1138364143_s0.replay.jsonl.gz,2f4a8a621340b481486dbf963b1bcfb7844194eccad0bdda9bd1cdaa3507f7ac
late_h4,development,21,1138364143,1,COMPLETE,127829.0,719,6.839546599000016,af13cb1fa7f49ae9b431d5799754d239361da571040d6dd805ba538d158393d4,evidence/experiments/late_h4/games/021_1138364143_s1.replay.jsonl.gz,8278a270251d30a165c269f233595b5fb8e9414f1ed7a0c79d06ca2fc6cbaeff
late_h4,development,22,1722159489,0,COMPLETE,187853.0,719,6.619516018000013,af13cb1fa7f49ae9b431d5799754d239361da571040d6dd805ba538d158393d4,evidence/experiments/late_h4/games/022_1722159489_s0.replay.jsonl.gz,054b2803b1b48a9983ff7f144d0975419471649dbb83d62cde2f192c295e1110
late_h4,development,23,1722159489,1,COMPLETE,206187.0,719,6.831757477999986,af13cb1fa7f49ae9b431d5799754d239361da571040d6dd805ba538d158393d4,evidence/experiments/late_h4/games/023_1722159489_s1.replay.jsonl.gz,9382dc25bee1cc0adec303394e7f8855f941cefe87a54b908bbc4cac1a429d96
late_h4,development,24,979914492,0,COMPLETE,241194.0,719,8.29087884200004,af13cb1fa7f49ae9b431d5799754d239361da571040d6dd805ba538d158393d4,evidence/experiments/late_h4/games/024_979914492_s0.replay.jsonl.gz,efd3374b6e7309f1730930013184aa6ea0c774fdab13c0ff682533c47b28fac6
late_h4,development,25,979914492,1,COMPLETE,203151.0,719,7.16812094200003,af13cb1fa7f49ae9b431d5799754d239361da571040d6dd805ba538d158393d4,evidence/experiments/late_h4/games/025_979914492_s1.replay.jsonl.gz,51627f64bb779586d7f30c4338fb8d254dc9dae8ec48734559e1502a7134e5e0
late_h4,development,26,1421711696,0,COMPLETE,235519.0,719,8.512767591,af13cb1fa7f49ae9b431d5799754d239361da571040d6dd805ba538d158393d4,evidence/experiments/late_h4/games/026_1421711696_s0.replay.jsonl.gz,5960738c2c813a72ac70c7a052ed8e06b1975d8770a73230d76b0c168aaee319
late_h4,development,27,1421711696,1,COMPLETE,203660.0,719,7.6810042339999995,af13cb1fa7f49ae9b431d5799754d239361da571040d6dd805ba538d158393d4,evidence/experiments/late_h4/games/027_1421711696_s1.replay.jsonl.gz,67e33df479db8d202e15b2744fa35a555de93c1d2a60e61cb8d3d3ca63da062c
late_h4,development,28,28576209,0,COMPLETE,212244.0,719,7.139136073999964,af13cb1fa7f49ae9b431d5799754d239361da571040d6dd805ba538d158393d4,evidence/experiments/late_h4/games/028_28576209_s0.replay.jsonl.gz,b6e0a58bb415401bc49209c87b15611ce2e540c78d7ceddadd83afdfcafdf447
late_h4,development,29,28576209,1,COMPLETE,212834.0,719,7.166424939999956,af13cb1fa7f49ae9b431d5799754d239361da571040d6dd805ba538d158393d4,evidence/experiments/late_h4/games/029_28576209_s1.replay.jsonl.gz,fb90bbd9b34b8e5775637e615691a3d28f3758250a698d8d8db21f19caa0ee82
late_h4,development,30,394509745,0,COMPLETE,211851.0,719,7.214379801999996,af13cb1fa7f49ae9b431d5799754d239361da571040d6dd805ba538d158393d4,evidence/experiments/late_h4/games/030_394509745_s0.replay.jsonl.gz,414fc0b273f068fb073b73ced2a1ece308a4bda6b76993911fd2f0588e69f332
late_h4,development,31,394509745,1,COMPLETE,226711.0,719,6.927284224999994,af13cb1fa7f49ae9b431d5799754d239361da571040d6dd805ba538d158393d4,evidence/experiments/late_h4/games/031_394509745_s1.replay.jsonl.gz,323586a7a0de3731dfe889a3ebb537f604e4718ed29b20ffa1d80b7c98010e6f
terminal_exact5,development,0,1652205610,0,COMPLETE,165145.0,719,6.259789506000004,5ab50ff4f90bb0899722df0f3ef8df2c478e280aaf840515a4be8e59cca988ee,evidence/experiments/terminal_exact5/games/000_1652205610_s0.replay.jsonl.gz,ab72b923dd0c102e500e186a01ca27e49a0111caa4c400c34c04ce6fe07ba06b
terminal_exact5,development,1,1652205610,1,COMPLETE,159150.0,719,5.9678154310000195,5ab50ff4f90bb0899722df0f3ef8df2c478e280aaf840515a4be8e59cca988ee,evidence/experiments/terminal_exact5/games/001_1652205610_s1.replay.jsonl.gz,79eabbc74e3194d1031b209acc129c241e206f5107bff1996ae097267ce3a044
terminal_exact5,development,2,979746784,0,COMPLETE,204621.0,719,5.9226120010000045,5ab50ff4f90bb0899722df0f3ef8df2c478e280aaf840515a4be8e59cca988ee,evidence/experiments/terminal_exact5/games/002_979746784_s0.replay.jsonl.gz,1656e18028925b459d5fd29f84ba1195c95f6309dc3d33b6ef15f1ba4201a855
terminal_exact5,development,3,979746784,1,COMPLETE,204621.0,719,5.839655992999951,5ab50ff4f90bb0899722df0f3ef8df2c478e280aaf840515a4be8e59cca988ee,evidence/experiments/terminal_exact5/games/003_979746784_s1.replay.jsonl.gz,1bd9953ed3aa59a8b774814df86a640edcb74f216fb582832593238b2c6d4db2
terminal_exact5,development,4,1948729637,0,COMPLETE,233653.0,719,6.41980451500001,5ab50ff4f90bb0899722df0f3ef8df2c478e280aaf840515a4be8e59cca988ee,evidence/experiments/terminal_exact5/games/004_1948729637_s0.replay.jsonl.gz,6452fcfd255d791bbff255a6c7471936aaa414217f9a4e6bc53b5e6040ea2258
terminal_exact5,development,5,1948729637,1,COMPLETE,214543.0,719,6.718104510999979,5ab50ff4f90bb0899722df0f3ef8df2c478e280aaf840515a4be8e59cca988ee,evidence/experiments/terminal_exact5/games/005_1948729637_s1.replay.jsonl.gz,a03d964d03ae8f144f3103346916fd5ed64778bc9b13a5a17cd9ef5f271d0e6a
terminal_exact5,development,6,1514191294,0,COMPLETE,245029.0,719,6.46989213400002,5ab50ff4f90bb0899722df0f3ef8df2c478e280aaf840515a4be8e59cca988ee,evidence/experiments/terminal_exact5/games/006_1514191294_s0.replay.jsonl.gz,afbc7ef317c67e88eebab13c47b9da1531b525a33335e2137f0288c468c3421c
terminal_exact5,development,7,1514191294,1,COMPLETE,244913.0,719,6.248037446000012,5ab50ff4f90bb0899722df0f3ef8df2c478e280aaf840515a4be8e59cca988ee,evidence/experiments/terminal_exact5/games/007_1514191294_s1.replay.jsonl.gz,58e06106ebdd0bcf0427fdd5944cc873a3a4c9c2d24374c867d051c013c2d6df
terminal_exact5,development,8,833126169,0,COMPLETE,210284.0,719,6.691697398000031,5ab50ff4f90bb0899722df0f3ef8df2c478e280aaf840515a4be8e59cca988ee,evidence/experiments/terminal_exact5/games/008_833126169_s0.replay.jsonl.gz,af22ef43820e5785734a4ede09a99f314fcc65ad25346a831f728634ee410510
terminal_exact5,development,9,833126169,1,COMPLETE,210284.0,719,6.541016149999962,5ab50ff4f90bb0899722df0f3ef8df2c478e280aaf840515a4be8e59cca988ee,evidence/experiments/terminal_exact5/games/009_833126169_s1.replay.jsonl.gz,dc2e97d84a4bd998691bd3fd127cd53fa5301cda44cdcdbb0829db89753cbe26
terminal_exact5,development,10,1715028217,0,COMPLETE,156178.0,719,6.134963897999967,5ab50ff4f90bb0899722df0f3ef8df2c478e280aaf840515a4be8e59cca988ee,evidence/experiments/terminal_exact5/games/010_1715028217_s0.replay.jsonl.gz,53c865642f03a1ee97861dc5eaf237498114cdbeae7f48898bbda0d41b7a0b2d
terminal_exact5,development,11,1715028217,1,COMPLETE,179572.0,719,6.014527251000004,5ab50ff4f90bb0899722df0f3ef8df2c478e280aaf840515a4be8e59cca988ee,evidence/experiments/terminal_exact5/games/011_1715028217_s1.replay.jsonl.gz,a3853950cc06dfe259f897a3a858c547d2f30d1f43a101a8cb97927c2cc39151
terminal_exact5,development,12,766857369,0,COMPLETE,178136.0,719,6.2236131700000215,5ab50ff4f90bb0899722df0f3ef8df2c478e280aaf840515a4be8e59cca988ee,evidence/experiments/terminal_exact5/games/012_766857369_s0.replay.jsonl.gz,a971245ae573843df03e2d87871f93e66a631c61912ca3dbc8aab3f327f4519c
terminal_exact5,development,13,766857369,1,COMPLETE,178136.0,719,6.242419215000041,5ab50ff4f90bb0899722df0f3ef8df2c478e280aaf840515a4be8e59cca988ee,evidence/experiments/terminal_exact5/games/013_766857369_s1.replay.jsonl.gz,5d2e31553ab7748cfd8e6c541a0ebe53627af6355606aa504e0ac799cb30bf5e
terminal_exact5,development,14,1387052231,0,COMPLETE,218349.0,719,6.288938169999994,5ab50ff4f90bb0899722df0f3ef8df2c478e280aaf840515a4be8e59cca988ee,evidence/experiments/terminal_exact5/games/014_1387052231_s0.replay.jsonl.gz,8994dd4df418015833d3b48df4ab12188826feffa61dbb2fd6a03f8db58db22d
terminal_exact5,development,15,1387052231,1,COMPLETE,203176.0,719,5.997180560999993,5ab50ff4f90bb0899722df0f3ef8df2c478e280aaf840515a4be8e59cca988ee,evidence/experiments/terminal_exact5/games/015_1387052231_s1.replay.jsonl.gz,15e5102eb61f618ca6dca8831db62ad3c9bab78233df373baba6eb505251488e
terminal_exact5,development,16,1459327281,0,COMPLETE,212534.0,719,6.460143281000001,5ab50ff4f90bb0899722df0f3ef8df2c478e280aaf840515a4be8e59cca988ee,evidence/experiments/terminal_exact5/games/016_1459327281_s0.replay.jsonl.gz,aa0ee6cdc2782b28d3509327665e4f3384c5bf286abb24efec59b7a82ea92e14
terminal_exact5,development,17,1459327281,1,COMPLETE,212534.0,719,6.488079691999985,5ab50ff4f90bb0899722df0f3ef8df2c478e280aaf840515a4be8e59cca988ee,evidence/experiments/terminal_exact5/games/017_1459327281_s1.replay.jsonl.gz,7de79524869983b4092804a6e433ef54cb8e0f578300ac48f9e66baf4f606f52
terminal_exact5,development,18,1175089851,0,COMPLETE,175341.0,719,6.195480911000004,5ab50ff4f90bb0899722df0f3ef8df2c478e280aaf840515a4be8e59cca988ee,evidence/experiments/terminal_exact5/games/018_1175089851_s0.replay.jsonl.gz,f911aa9c51c9d9d59bea8c23322c82abd493c27824d5062bed3c13bcf5bc5eda
terminal_exact5,development,19,1175089851,1,COMPLETE,176598.0,719,5.950633471000003,5ab50ff4f90bb0899722df0f3ef8df2c478e280aaf840515a4be8e59cca988ee,evidence/experiments/terminal_exact5/games/019_1175089851_s1.replay.jsonl.gz,0bf615809b14072c7d75cf6569a0d361dc076a9a9de5102351c912aa38671b9a
terminal_exact5,development,20,1138364143,0,COMPLETE,154643.0,719,6.232465048999984,5ab50ff4f90bb0899722df0f3ef8df2c478e280aaf840515a4be8e59cca988ee,evidence/experiments/terminal_exact5/games/020_1138364143_s0.replay.jsonl.gz,5f8fb3ef3803440ad3b9c940642db73a65abe5c4e4c6264d5a8dd199c404ea07
terminal_exact5,development,21,1138364143,1,COMPLETE,126900.0,719,6.1639938260000235,5ab50ff4f90bb0899722df0f3ef8df2c478e280aaf840515a4be8e59cca988ee,evidence/experiments/terminal_exact5/games/021_1138364143_s1.replay.jsonl.gz,3590e143d9ab5b6fd11802e185c5135d40575cf8ffa4b71d6103ffafe8cd0557
terminal_exact5,development,22,1722159489,0,COMPLETE,180918.0,719,5.98352808300001,5ab50ff4f90bb0899722df0f3ef8df2c478e280aaf840515a4be8e59cca988ee,evidence/experiments/terminal_exact5/games/022_1722159489_s0.replay.jsonl.gz,4e2b2de3fd709462998194d8968ab65764f385f7a970338252970b3a5b77deab
terminal_exact5,development,23,1722159489,1,COMPLETE,203720.0,719,6.345079865000002,5ab50ff4f90bb0899722df0f3ef8df2c478e280aaf840515a4be8e59cca988ee,evidence/experiments/terminal_exact5/games/023_1722159489_s1.replay.jsonl.gz,e4501cb79a8dbce5712a44e8ec659e873af43c955fd32c59052338c320ed44f9
terminal_exact5,development,24,979914492,0,COMPLETE,241597.0,719,6.682666617000052,5ab50ff4f90bb0899722df0f3ef8df2c478e280aaf840515a4be8e59cca988ee,evidence/experiments/terminal_exact5/games/024_979914492_s0.replay.jsonl.gz,b1741f1b316c8aedded44e45e140161bd16e7342ed4304c97aadb59ce639ea52
terminal_exact5,development,25,979914492,1,COMPLETE,203371.0,719,6.1283142420000445,5ab50ff4f90bb0899722df0f3ef8df2c478e280aaf840515a4be8e59cca988ee,evidence/experiments/terminal_exact5/games/025_979914492_s1.replay.jsonl.gz,8ae26a8418fbfd2507440410767575788371ead7c6f975299955e622bba1aecf
terminal_exact5,development,26,1421711696,0,COMPLETE,238816.0,719,6.541553241000031,5ab50ff4f90bb0899722df0f3ef8df2c478e280aaf840515a4be8e59cca988ee,evidence/experiments/terminal_exact5/games/026_1421711696_s0.replay.jsonl.gz,4f964c8b48c183e61926240e0fd8c04d0f6d04a1a3a67cf9b94c5f4af937e967
terminal_exact5,development,27,1421711696,1,COMPLETE,211467.0,719,6.292425513000012,5ab50ff4f90bb0899722df0f3ef8df2c478e280aaf840515a4be8e59cca988ee,evidence/experiments/terminal_exact5/games/027_1421711696_s1.replay.jsonl.gz,a5ae7d9d29776b53e7e88c75dc28ff5d82c10bf6771826b677ddc5171dbb5468
terminal_exact5,development,28,28576209,0,COMPLETE,209454.0,719,6.25794743299997,5ab50ff4f90bb0899722df0f3ef8df2c478e280aaf840515a4be8e59cca988ee,evidence/experiments/terminal_exact5/games/028_28576209_s0.replay.jsonl.gz,0e49ceb5578ab8b306fa5b5d7b259a69655d4ffb61212a005cba7007d2b68744
terminal_exact5,development,29,28576209,1,COMPLETE,209454.0,719,6.047114955999973,5ab50ff4f90bb0899722df0f3ef8df2c478e280aaf840515a4be8e59cca988ee,evidence/experiments/terminal_exact5/games/029_28576209_s1.replay.jsonl.gz,046e5c1e56cc983678eea1f040f2c375b7313c7ac549525551899d085aaf88ae
terminal_exact5,development,30,394509745,0,COMPLETE,214060.0,719,6.262083517000008,5ab50ff4f90bb0899722df0f3ef8df2c478e280aaf840515a4be8e59cca988ee,evidence/experiments/terminal_exact5/games/030_394509745_s0.replay.jsonl.gz,f9d048ca75a8ad9c0353482d39e369dd80e4b8d828acfb228938216092c7b1fa
terminal_exact5,development,31,394509745,1,COMPLETE,225930.0,719,6.187430849000009,5ab50ff4f90bb0899722df0f3ef8df2c478e280aaf840515a4be8e59cca988ee,evidence/experiments/terminal_exact5/games/031_394509745_s1.replay.jsonl.gz,a34ed41a8d776e87f283cab0273c6a3f6c5310acdc1bf666dae8f8e7c12ac619
validation_frozen,validation,0,1690074963,0,COMPLETE,236572.0,719,6.13819301500007,ab807816878960e40d9aa3670da7de923c489f3d9546d4bd157fddb0f915663d,evidence/experiments/validation_frozen/games/000_1690074963_s0.replay.jsonl.gz,c8143ca3b4358f18da8587a7252e104a339515edfc0e76eb11b5b1f5e62271d3
validation_frozen,validation,1,1690074963,1,COMPLETE,236572.0,719,6.1122307020000335,ab807816878960e40d9aa3670da7de923c489f3d9546d4bd157fddb0f915663d,evidence/experiments/validation_frozen/games/001_1690074963_s1.replay.jsonl.gz,d0e3b033116a3a133fc2752f1edec16ef490c6017e5bbeb1fd8380788edee1e4
validation_frozen,validation,2,346166193,0,COMPLETE,216078.0,719,5.943915880000077,ab807816878960e40d9aa3670da7de923c489f3d9546d4bd157fddb0f915663d,evidence/experiments/validation_frozen/games/002_346166193_s0.replay.jsonl.gz,d5b3685be95a18fcce633d8ab558486d278f1a8d42f842bc4bfdc88fcb1d4d71
validation_frozen,validation,3,346166193,1,COMPLETE,229419.0,719,5.8006942949998574,ab807816878960e40d9aa3670da7de923c489f3d9546d4bd157fddb0f915663d,evidence/experiments/validation_frozen/games/003_346166193_s1.replay.jsonl.gz,cf0cb15c86cbe2cfd3024571cf9f110888950e52dfe95ae2e3f1ace08447d972
validation_frozen,validation,4,1721513566,0,COMPLETE,197763.0,719,6.499250282000048,ab807816878960e40d9aa3670da7de923c489f3d9546d4bd157fddb0f915663d,evidence/experiments/validation_frozen/games/004_1721513566_s0.replay.jsonl.gz,f15c68e2857e4e794c7fbf231f69d3c9cfa8466dfe03455c50f84bdeab79aec3
validation_frozen,validation,5,1721513566,1,COMPLETE,215342.0,719,6.279657162000149,ab807816878960e40d9aa3670da7de923c489f3d9546d4bd157fddb0f915663d,evidence/experiments/validation_frozen/games/005_1721513566_s1.replay.jsonl.gz,a5d270894324b17d7c698c7311bdfc29e4fd1fc7608158d8abc46df4906cd286
validation_frozen,validation,6,1314085243,0,COMPLETE,210599.0,719,6.131401766999943,ab807816878960e40d9aa3670da7de923c489f3d9546d4bd157fddb0f915663d,evidence/experiments/validation_frozen/games/006_1314085243_s0.replay.jsonl.gz,5e398c5a3efa3b83ddb6cb6ec80b111ea46a2318ab906ed29592798133fec24e
validation_frozen,validation,7,1314085243,1,COMPLETE,194495.0,719,6.131608877999952,ab807816878960e40d9aa3670da7de923c489f3d9546d4bd157fddb0f915663d,evidence/experiments/validation_frozen/games/007_1314085243_s1.replay.jsonl.gz,1c5cc0898905f0c0aa1c466e48d585a637dacf6131ef1133398a17b57fb357aa
validation_frozen,validation,8,621306983,0,COMPLETE,188974.0,719,6.150597571999924,ab807816878960e40d9aa3670da7de923c489f3d9546d4bd157fddb0f915663d,evidence/experiments/validation_frozen/games/008_621306983_s0.replay.jsonl.gz,66c81d301c39099b84cdb756c8013e90c382cfeb68b8bfcde96d284843c8e93b
validation_frozen,validation,9,621306983,1,COMPLETE,187909.0,719,6.110066059000019,ab807816878960e40d9aa3670da7de923c489f3d9546d4bd157fddb0f915663d,evidence/experiments/validation_frozen/games/009_621306983_s1.replay.jsonl.gz,3d07d5a1d645dfe43979dea40a1f4cce33405cfa2afcbd7b08b9b6c999d294c0
validation_frozen,validation,10,2034220553,0,COMPLETE,231394.0,719,6.125493786000106,ab807816878960e40d9aa3670da7de923c489f3d9546d4bd157fddb0f915663d,evidence/experiments/validation_frozen/games/010_2034220553_s0.replay.jsonl.gz,6371dd424d090f44b17d5f253ec2fec03aa573bf58b29b6978ece3a97c6bd52d
validation_frozen,validation,11,2034220553,1,COMPLETE,231394.0,719,6.157646701999965,ab807816878960e40d9aa3670da7de923c489f3d9546d4bd157fddb0f915663d,evidence/experiments/validation_frozen/games/011_2034220553_s1.replay.jsonl.gz,914f18c95bbaa881bdbf28fb8008437d663b6cf037d78ea5471bac74379bc8dc
validation_frozen,validation,12,1731369443,0,COMPLETE,136440.0,719,5.954056154,ab807816878960e40d9aa3670da7de923c489f3d9546d4bd157fddb0f915663d,evidence/experiments/validation_frozen/games/012_1731369443_s0.replay.jsonl.gz,a14c29bc8b5bc9a1e89bbc376dd35e68afa8f4bd6505d0d1adc7085a4fc5561b
validation_frozen,validation,13,1731369443,1,COMPLETE,136372.0,719,6.123010895000107,ab807816878960e40d9aa3670da7de923c489f3d9546d4bd157fddb0f915663d,evidence/experiments/validation_frozen/games/013_1731369443_s1.replay.jsonl.gz,c89888744e8cc6a51ac7659136d8e16f0b09e946bc555ed27ac49d74c86609fa
validation_frozen,validation,14,142652784,0,COMPLETE,261081.0,719,6.416980403999787,ab807816878960e40d9aa3670da7de923c489f3d9546d4bd157fddb0f915663d,evidence/experiments/validation_frozen/games/014_142652784_s0.replay.jsonl.gz,e3ffd65354b444275f7c727cd7ed3c1b8809759ad4211bdffb971f6a6e6b6273
validation_frozen,validation,15,142652784,1,COMPLETE,261081.0,719,6.308149257999958,ab807816878960e40d9aa3670da7de923c489f3d9546d4bd157fddb0f915663d,evidence/experiments/validation_frozen/games/015_142652784_s1.replay.jsonl.gz,007f0e90851e0c2738f69f51cf1820c79ed95cb323360f58e6db3ecda1088a92
validation_frozen,validation,16,803811759,0,COMPLETE,218576.0,719,6.5492313499999,ab807816878960e40d9aa3670da7de923c489f3d9546d4bd157fddb0f915663d,evidence/experiments/validation_frozen/games/016_803811759_s0.replay.jsonl.gz,269b1030b493898860e55999d468577b73580235726285bf0d7f998820df9650
validation_frozen,validation,17,803811759,1,COMPLETE,191620.0,719,5.8411611659998925,ab807816878960e40d9aa3670da7de923c489f3d9546d4bd157fddb0f915663d,evidence/experiments/validation_frozen/games/017_803811759_s1.replay.jsonl.gz,4b5ba9d3c553698bc82699f6f4b5a6ed4fc475f2d6727438cfef6ceae6818690
validation_frozen,validation,18,1299507916,0,COMPLETE,235041.0,719,6.2049602679999225,ab807816878960e40d9aa3670da7de923c489f3d9546d4bd157fddb0f915663d,evidence/experiments/validation_frozen/games/018_1299507916_s0.replay.jsonl.gz,3aa2d63d04be1f8fc6ea81f8c6d7ce0a2d559297bac068c51c35530f5dc06817
validation_frozen,validation,19,1299507916,1,COMPLETE,228252.0,719,6.410392159999901,ab807816878960e40d9aa3670da7de923c489f3d9546d4bd157fddb0f915663d,evidence/experiments/validation_frozen/games/019_1299507916_s1.replay.jsonl.gz,82f456c6f2324150db9d52e1f0e91dd0982048264d5a9a6b0b0e938add9a3950
validation_frozen,validation,20,1414714124,0,COMPLETE,213403.0,719,6.22554398300008,ab807816878960e40d9aa3670da7de923c489f3d9546d4bd157fddb0f915663d,evidence/experiments/validation_frozen/games/020_1414714124_s0.replay.jsonl.gz,49952864709d72e7e1f78da0675d4bc1b53c663bbaaea57f3f0022891b733d21
validation_frozen,validation,21,1414714124,1,COMPLETE,212683.0,719,6.085359025000116,ab807816878960e40d9aa3670da7de923c489f3d9546d4bd157fddb0f915663d,evidence/experiments/validation_frozen/games/021_1414714124_s1.replay.jsonl.gz,766d306fb902d5af63a3d3aab5ed71ffd26f1ed740dc52f3b2cedcdc8af5bcd5
validation_frozen,validation,22,1685113311,0,COMPLETE,212925.0,719,7.081340408999949,ab807816878960e40d9aa3670da7de923c489f3d9546d4bd157fddb0f915663d,evidence/experiments/validation_frozen/games/022_1685113311_s0.replay.jsonl.gz,566338b1f0f6cc90148f419548e3a515abb2ec3df1299a5fe28c3288f55c3e5b
validation_frozen,validation,23,1685113311,1,COMPLETE,219143.0,719,7.06152747100009,ab807816878960e40d9aa3670da7de923c489f3d9546d4bd157fddb0f915663d,evidence/experiments/validation_frozen/games/023_1685113311_s1.replay.jsonl.gz,68e3ee997b8a9119c8efbb5bf9a2df498b4a3b79960558be2d149ff8c81dda1a
validation_frozen,validation,24,457541210,0,COMPLETE,189260.0,719,6.340245519000064,ab807816878960e40d9aa3670da7de923c489f3d9546d4bd157fddb0f915663d,evidence/experiments/validation_frozen/games/024_457541210_s0.replay.jsonl.gz,d7335ccea1eccbe39bdbdc9df7ee5d77b27e28cceb24e17f48cf4351dcc74ad2
validation_frozen,validation,25,457541210,1,COMPLETE,190322.0,719,6.255162681000002,ab807816878960e40d9aa3670da7de923c489f3d9546d4bd157fddb0f915663d,evidence/experiments/validation_frozen/games/025_457541210_s1.replay.jsonl.gz,7351d71345e82e95aa933c7f6bf2b216e4652673fff8b5cd3a8623d41cb714ea
validation_frozen,validation,26,931834493,0,COMPLETE,177741.0,719,6.445237113000076,ab807816878960e40d9aa3670da7de923c489f3d9546d4bd157fddb0f915663d,evidence/experiments/validation_frozen/games/026_931834493_s0.replay.jsonl.gz,58831685436c783045648f8f6fb1f913b208ada3fd00d007441ed15baf71ff6b
validation_frozen,validation,27,931834493,1,COMPLETE,177526.0,719,6.265790367999898,ab807816878960e40d9aa3670da7de923c489f3d9546d4bd157fddb0f915663d,evidence/experiments/validation_frozen/games/027_931834493_s1.replay.jsonl.gz,cd912a3784c7be17cebc3621cc968b65808bfb9d4d880b8ac386cf514b549240
validation_frozen,validation,28,1120711045,0,COMPLETE,196008.0,719,6.7403574610000305,ab807816878960e40d9aa3670da7de923c489f3d9546d4bd157fddb0f915663d,evidence/experiments/validation_frozen/games/028_1120711045_s0.replay.jsonl.gz,9cec1805744e83ec4a89a1707d0d61e5a83a21860db3c8605a0e4544fb621bef
validation_frozen,validation,29,1120711045,1,COMPLETE,210781.0,719,6.89894847000005,ab807816878960e40d9aa3670da7de923c489f3d9546d4bd157fddb0f915663d,evidence/experiments/validation_frozen/games/029_1120711045_s1.replay.jsonl.gz,a082afbad56cd626f906dca54c8dd21dd5c6471251e752ef4cd8e09f467ffdb8
validation_frozen,validation,30,487862802,0,COMPLETE,212778.0,719,6.449472696000157,ab807816878960e40d9aa3670da7de923c489f3d9546d4bd157fddb0f915663d,evidence/experiments/validation_frozen/games/030_487862802_s0.replay.jsonl.gz,e20e9ac912c98c64add8a3de0661c914955444500e8eb0402d65a9be02ec08b2
validation_frozen,validation,31,487862802,1,COMPLETE,211443.0,719,6.328924261999873,ab807816878960e40d9aa3670da7de923c489f3d9546d4bd157fddb0f915663d,evidence/experiments/validation_frozen/games/031_487862802_s1.replay.jsonl.gz,40ee8a0e13eab5a67e49b22cba763dacf474b6ad325a86294dc645b31d59b061
