opponent,seed,seat,r12_win,r13_win,r14_win,r12_cash,r13_cash,r14_cash,r12_margin,r13_margin,r14_margin,r14_minus_r13_margin,r13_action_sha256,r14_action_sha256
1,2026092401,0,1,1,0,90621.0,89635.0,83759.0,1878.0,715.0,-6717.0,-7432.0,d8642ef3a2f71a717570ab2a225b40bfeb0e5c730a4df728c323968cd717e379,ecf9242118313079d192f68699bd00c1e6b5b5f244dbc1cbfc6ced8db4100032
1,2026092401,1,0,1,0,89547.0,90024.0,85913.0,-1133.0,1519.0,-8814.0,-10333.0,4314a72b6fed9e80a0a8507d409ce2742c9c9fff74ef93614ca826f14dc5e3cd,4ab336815afd1fbf98fa7ec551541d9aef3c247ce684fc3316736248f01c1434
1,2026092402,0,0,0,1,82902.0,83569.0,98834.0,-3648.0,-3882.0,5815.0,9697.0,0c3efa3b8513dc43cdb28a12d271c869c217117abbf732e2bcc581e1a36663d4,2dce68772b32130c54b580c528426f7f948e328369c08c245772f58eba9952a6
1,2026092402,1,0,0,1,82902.0,83569.0,98834.0,-3648.0,-3882.0,5815.0,9697.0,fe720045a54bb3e31dec3979679084bbf8643852ac2b79aebfda5c23d3fc1723,71689df4b21da4984acd27a15695c8c8f52bf33eecedd4674f136d0ca6f0137c
1,2026092403,0,1,1,1,110515.0,110899.0,116293.0,2760.0,3324.0,4616.0,1292.0,567a159dd9557205a5ba38857d3fc0d9e1e27d66d05f95cf87d99a43e50e963e,52ba0e92d43fcdb256d2478a7a9f1f49077c95446c5cce91aa9fe8aacaff0387
1,2026092403,1,1,1,1,110515.0,110899.0,116293.0,2760.0,3324.0,4616.0,1292.0,db23bea7c11fff35c22cca8f65faf192fe31e2deb0a1c7e6c7d00cd7446edb57,f824355de5c242feef642fa2f275786e307bcca475360dceaa7cd1072be847f3
1,2026092404,0,1,1,1,104913.0,107006.0,140170.0,4129.0,5949.0,7017.0,1068.0,a80e97f77865f2a7f64cb8187fbe8c0fd2990090d2fa8c1067a92f7e91964049,f4ad5b15519849d3ff4d7a15bcdd177471c00706c7e54a9e26db21330b206734
1,2026092404,1,1,1,1,107624.0,125664.0,139701.0,6353.0,1614.0,1233.0,-381.0,7d8eead233cc80afd6875ea93488e560750c02679a96a898add7b45c845249e6,b69fd8b68a303e0f13e2ea333a730303d8ca7c1b85ce7d10b7eb978cfede8a8a
1,2026092405,0,0,1,0,85168.0,85912.0,70132.0,-1708.0,285.0,-9236.0,-9521.0,eb774f484dbb886c244ca4bad0532217cc030e1413612f2b8fede70da99bd081,6623daef29c12b0a85bf824bf274dd9942032a9546ee802bf230d0e5e0696d6d
1,2026092405,1,0,1,0,85168.0,85910.0,70132.0,-1708.0,280.0,-9236.0,-9516.0,79e74fea75bdf3a3911c6abe8baa8ca6434c360ac43a8feb35ddbc5262e6740e,4685dc43a68914492e2d14036483d90737229efb202d4f355f3bce9f8c1c6e62
1,2026092406,0,1,0,1,92876.0,93596.0,83146.0,1441.0,-5164.0,1989.0,7153.0,eefbcf11c4745111818c84895da4dc0e526e81bcdb35e51e1708cec09c897f56,c92698035977d92c58a628705716d1a4f1ef99131838fbdaa3cc03761675149e
1,2026092406,1,1,0,1,95776.0,93596.0,83215.0,2628.0,-5164.0,2052.0,7216.0,61e00fc63ad48d00541a39fddae9c947a7ddefceeeedcfe9debe9a075a129ac4,4b1eaecd2ebd0e66c82c8180c2c2fcf21b3c98027d01b1a598fd37c9bdc450d9
1,2026092407,0,1,1,1,85699.0,89072.0,85466.0,6580.0,8115.0,12699.0,4584.0,e4b4a079988244a9c3f425d354fcc302a427a45704f9b42e1699d94b18d236a8,7ec820b2d5fc9e4f95a56b770cc675170baf1cd58740d753950fd03611b06ff5
1,2026092407,1,1,1,1,85699.0,89072.0,85466.0,6580.0,8115.0,12699.0,4584.0,42230b0b27c182a99f82544e3687624ad8f581073f7c672e3bec9c060270bfcb,d2020e37a250438a68eff72288e63eeaa7a32fb5dcdfeddb814a96051d95070c
1,2026092408,0,0,0,0,68048.0,69159.0,69532.0,-7538.0,-3098.0,-9409.0,-6311.0,d975521a9d18287b688ba10a4c589cc1e8dc4f5144ebb48b06e03091a7e46f89,c6f1ed9884117e66bab5e53dab49b5085341c9c4cbed780a1ec8c2d487e5266f
1,2026092408,1,0,0,0,68048.0,69159.0,69532.0,-7538.0,-3098.0,-9409.0,-6311.0,afe13f54975f475c2d2886057230c9fd95bec5e0f5f8be20f9fbc9b3f901a25b,37a711d470fe5acd6753fa9d131f7d79d9ba43c00d2f87db02087fda05db3160
2,2026092401,0,1,1,0,88583.0,91504.0,83712.0,128.0,2015.0,-7087.0,-9102.0,929e40fba4318e5e5521df55e4977eff7f98c493adec0198c1c15c327d22a904,8a0d5d2b18b74f24e77a2216123f0b7d30c8e318ae2fcc84b7a289f5ec40b403
2,2026092401,1,0,1,0,89369.0,91304.0,85882.0,-906.0,2111.0,-8909.0,-11020.0,15f136af22c992e34277802d37c49d68a65b32b8f9eb450e6e837787bf6912d2,67e7469a3cb08ce1fd488b850a44f4f3e070399a82837f0b9cb9b91f6da0e2c3
2,2026092402,0,0,0,1,82960.0,83524.0,98847.0,-3476.0,-3063.0,5630.0,8693.0,6e971a0e653d84f29368889d1263fe6b414adcf64daa0087af6dbeddb14919b6,15f84ec03bc5ffef18ba244be65162fb411e48d978ca1169a8eb1b753d51727f
2,2026092402,1,0,0,1,82960.0,83524.0,98847.0,-3476.0,-3063.0,5630.0,8693.0,a0e30186a8eb846e162cb6fc4af4b8a6e1103b552ef36d94ac3ac06b2f6631a6,e764145843bd20f1e8767d44de8debb83a627a582679c4fe19962fe411cb98c5
2,2026092403,0,1,1,1,110282.0,110735.0,116042.0,2645.0,3114.0,4067.0,953.0,bc9c44d82980b013eacbf6122006aa453ae9785ee33f9fc77e7bc0d72b5a1898,8461822fddeb80aa432f1145ed9b5980d64427a7f69535720d52a7fb51c7c6c5
2,2026092403,1,1,1,1,110282.0,110735.0,116042.0,2645.0,3114.0,4067.0,953.0,98e8ff1871c38ba14b24a8117730df7d0ba6703d6fd4a55d0770c6bd57149939,b4303b81fa1f21faccc6bf2791beb6f6cd2302e73829d4cd8b4058f958201cac
2,2026092404,0,1,1,1,106713.0,107016.0,140139.0,6190.0,6127.0,7007.0,880.0,e0d951065f32f99b4e5c5527735992b373e8ebbbf7dd592bff2f6fb831431196,f6502cb4a6db911001f6b9f4ceb28966d7c25b4048eec2907015c44ba0088c91
2,2026092404,1,1,1,1,107167.0,125708.0,139693.0,6206.0,1897.0,1141.0,-756.0,a313ef7ad508cb95635c9d842203a208d84978bb8c24fb678ad364b116d01b09,40884d0a3394539f4e49ee0c32d9f1cdda169ec5dcc264e194cc4b7d5ef804a4
2,2026092405,0,0,0,0,83555.0,83206.0,70307.0,-10907.0,-10625.0,-8903.0,1722.0,48f55e7080ff9e93e5838a1b6ac280eebda872645d6916df1333c501476c6698,528aec269e5144f664dc319adb25fba66ff343af590ed9ac8feba883a4f0287a
2,2026092405,1,0,0,0,83555.0,83206.0,70307.0,-10907.0,-10625.0,-8903.0,1722.0,1d08ac08c8345679ad9b529ccc618758dc3ba4a054337fd843c93e93ac3eba8f,76ef4f048e7403ad6678883d8fb6ddc6158715098ff1b9e531777df24360515d
2,2026092406,0,0,0,0,99058.0,93652.0,87721.0,-2090.0,-5243.0,-1319.0,3924.0,94116735c256a1f1316ddc06c49a7243caac298042e4b4732fa2528752a9a44f,51ef9c209888e22243e6444a7c23e4ce6fd0f63c9eaa95267f15c110e11e968a
2,2026092406,1,0,0,0,99058.0,93652.0,87721.0,-2090.0,-5243.0,-1319.0,3924.0,09e31d61fa5733eea2dd31df692892c4d30289d2fc324c68e327f9892b16d4ad,58d505c91282bf542537d50e6b1e1bc384ff66ede867bd9cf4507c27e8b52415
2,2026092407,0,1,1,1,85697.0,89087.0,86250.0,6637.0,8163.0,8794.0,631.0,43810cf712365d38b185797e3d86c4edc306371f0941f0a04fc9f6a02b14b78a,ee9fbf7e279346711e1cde4f0d8c748855ac358668202a004ad17f920861e527
2,2026092407,1,1,1,1,85697.0,89087.0,86250.0,6637.0,8163.0,8794.0,631.0,dadb6fc281a4a3305edef38fa26fd039c3ca0507dc29a9cfda34576e8870df38,229176f656894eac1a61487f471852f8743527a8edab4f623c51d1fd689f02ff
2,2026092408,0,0,0,0,68111.0,69175.0,70060.0,-7312.0,-3014.0,-8615.0,-5601.0,720629d61317f6212815bf4e90f35c985c39a6d97b9ddfe1e85c0e6da0ab1f47,291aabdf2a1b3db89a897819d4e43583a45f9a1f032db75cca859a43d6f4f9fe
2,2026092408,1,0,0,0,68111.0,69175.0,70060.0,-7312.0,-3014.0,-8615.0,-5601.0,41cc9af41bfe68130725285ad3a2819f0951788b3e2126ca4b8acd3852b38318,55a9b09536ba0556daea96b5c8767c57fbad88d4420c1cc6679b4ee9b52b8092
3,2026092401,0,1,1,0,89307.0,91378.0,83158.0,815.0,1675.0,-7809.0,-9484.0,83886417efa0b15804b4d42bc2c7c3e4e8b5fd22681d702fbe333c56e549f850,d3ac18bf2d69bf37a30cf6081e3bd07a3ab5202a949c0cf74c8f765738a89048
3,2026092401,1,0,1,0,89566.0,91165.0,85755.0,-390.0,1832.0,-9350.0,-11182.0,12bf8d8e9b04483bef27e2bb3ea747a14eb661660a286e245c4fd09aef64a835,831dcd3c2905b36d09e34dde8f934068b61b62d067f47813a83c0e0d9620358b
3,2026092402,0,0,0,1,83680.0,81983.0,98776.0,-2968.0,-2536.0,4872.0,7408.0,956551a522c8e8b95ce737979323134b04b19a689f059a3f21fde98634d5b33a,6e0ad2d444fb56ea10d76ded545de7b335d3e1370330636348f37c384d0e5726
3,2026092402,1,0,0,1,83680.0,81983.0,98776.0,-2968.0,-2536.0,4872.0,7408.0,2320b0db116836832228a1c43dee7cda809880aa02b46019ade6ad7d663bcf23,7f854364188c6374eaa8e86940cce0da29a460705a97e781675c74ca46bceb92
3,2026092403,0,1,1,1,107849.0,107777.0,113044.0,338.0,1341.0,3784.0,2443.0,a5b893328c5544df67f2bd8c0067e50331e0f4b4d1f4d958ad235d734475ba54,6031bd867a9f94f1fe7dbab4b1757b5db7ec6ec3d7d5b0c488333d8438a739c5
3,2026092403,1,1,1,1,107849.0,107777.0,113044.0,338.0,1341.0,3784.0,2443.0,2381c0b050e3e0606af98d912500b28747f49f2d578f448d591e0bd4e10ebaa4,aee6516f897971f447210a93d5db8f7b6cc36ebb111ae0e2035b1034706b8d3c
3,2026092404,0,1,1,1,104866.0,107088.0,140090.0,3799.0,5652.0,6901.0,1249.0,ca688c4a0769e315d48dca8409aef70b39bc1509faf289aa1593cdf0509e23a3,8f0920d52b0d42e5680823ab00d2dcec4e00a36dc382d5aa75746430cb31ffbc
3,2026092404,1,1,1,1,107902.0,125581.0,145581.0,6202.0,4326.0,2892.0,-1434.0,d0c57abdb9a06fe4c1845fa073608d5a1e3b2699dece031e527f627c06f45f27,4515c850b09ccae39116bc1b377f6b61dd06de39b2218fd4f9b70b4375c8c356
3,2026092405,0,0,1,0,85344.0,86155.0,69955.0,-928.0,559.0,-9492.0,-10051.0,80122f1072e90245f9882d5cd455e2adff329abc83a4332b85c86ba9e28a743d,304f8500d0b18f805e4e8c4295d51fde7b26712dea527350fc636cf52d9c4257
3,2026092405,1,0,1,0,85344.0,86155.0,69955.0,-928.0,559.0,-9492.0,-10051.0,0b805c4c16a234bc40dda7ec73ff70116779bc2f202d6a8110d4a02fb87d1a13,9b8cd01c8473bad5b975b3ce51e384bc0b9f71cc69846d1492ccacef7e2256ea
3,2026092406,0,0,0,1,97339.0,94687.0,82952.0,-6421.0,-7234.0,1576.0,8810.0,700de9c185f340861c97eee9e1f836aeb8309a86d9450e1337efcee385ce764c,de5521b711560ecc5326520cb5913c552df416bb032bb758aea7b4f717d11898
3,2026092406,1,0,0,1,97339.0,94687.0,82855.0,-6421.0,-7234.0,1507.0,8741.0,8c6f18180225812d71ee67f6482153574894ef91b457a4a897cd8788c6c54843,9939f15c66c885e5f456a6a853a0830b2cc674ed6f4acce4520b313eb3711c9d
3,2026092407,0,1,1,1,88187.0,88096.0,85143.0,7258.0,4915.0,9590.0,4675.0,37178926dfae7e82dbdd0a4dde8af386000b096f47b6fe08faf855bb43fa1f80,047e3005de550a0f04c8e097dee1f83a75e72aaacc268197880e85f36867b013
3,2026092407,1,1,1,1,88187.0,88096.0,85143.0,7258.0,4915.0,9590.0,4675.0,abfe1a0cb500c475850aede874135cc5df9df55f5c8583dfe854db449590be59,9e0b89c3dcb4850e2b3b3e59ea902341579bba5581cb5fb937b9308e279930d7
3,2026092408,0,0,0,0,68953.0,67929.0,68814.0,-7021.0,-12622.0,-4117.0,8505.0,7b0a5667b4751093eb267a08d27a7302cb3d0848800941b1e5891e5acbf329bb,0cdd14ba31307376298059def31c13a66ac38dfb658f8432cdd5dd35f52db98c
3,2026092408,1,0,0,0,68953.0,67929.0,68814.0,-7021.0,-12622.0,-4117.0,8505.0,e074d6d0b2dac0fc4feaf7ffdb9670ece7c1e1211ae0da1e51b8bad837073e80,8441040d21d3e676465702398b3cdc73ffb3b2f5df7e5e02f87eba538d4caa16
4,2026092401,0,1,1,0,89307.0,91378.0,83188.0,773.0,1672.0,-7730.0,-9402.0,a920889f39aaa4025abf677254a26fe5ff5c44ab343a342bc59124c704571f89,26819082ba20c7a355521ec763d1685ff82756813839bb6e6dc055e1ba2db993
4,2026092401,1,0,1,0,89566.0,91165.0,85810.0,-432.0,1829.0,-8913.0,-10742.0,d3402b686471ec74df67e8bee52e577e615b2b2d5d05f8c485d5a510a41040bd,ad6dcbcbc41dbf324b56b545cf2e14b28af7689fb8664adb48fede51e522c79a
4,2026092402,0,0,0,1,83681.0,81984.0,98816.0,-2976.0,-2544.0,4926.0,7470.0,ae67f5ff6034a2842c02f8eed3cb3c0c453c2b8df687ec966f210a5a4e15ae53,58c2e1e9d4bc7ed04cf5a5bcace9495f387ab41e304c7af6ee3485dfbaaa0ca5
4,2026092402,1,0,0,1,83681.0,81984.0,98816.0,-2976.0,-2544.0,4926.0,7470.0,f5e7aeda485ef1a6ca8169f4692fca513cf08efab43e42a45f87874056de313d,0ba850a4f28b183d7fa647d1de7164deb57409b4226920e7a266ac5bab587f64
4,2026092403,0,1,1,1,107849.0,107772.0,114684.0,328.0,1319.0,4261.0,2942.0,c978d22330e3dd8faec3d1c89e1a111fd38a24c095281dfb050e6a794dcb0aaf,ed2bfff141d81b767bfba1afa9ffcef5171a11bbef84ae5f24ebb99b09e33780
4,2026092403,1,1,1,1,107849.0,107772.0,114684.0,328.0,1319.0,4261.0,2942.0,fba0cf19ed664793852b68490ae1d9d9ff0b20bdf80f2947a8384e29da8a38ff,943d8fc5fe78024144d157009b405566503797fa642e4b912c3561fcb1a6613c
4,2026092404,0,1,1,1,106675.0,107105.0,140080.0,5436.0,5514.0,6867.0,1353.0,3b1e8a5c9c1df4592dccae412acb13cd1fc1ed8bba49a78b769007f2e97219a0,3e5fc2286b8163f14711e3d537260f965542e972c687bb2b16bc67ba10035ec9
4,2026092404,1,1,1,1,107626.0,125947.0,139724.0,6072.0,2754.0,818.0,-1936.0,6ea1aefb862cadf285e4432a3f63e514977785e4cdb7937c7f76e22187f14294,6f0e67c313a34d0ac8c93036ded12665733ce4412ca23546ff60e65862b8d04a
4,2026092405,0,0,1,0,85349.0,86129.0,69488.0,-1055.0,472.0,-9583.0,-10055.0,f0aae8fc0d34a4f10e7e02b90504d7320f01d8be05a4ff0c3ca3402dd5464e4f,2f865d88bbc1e82af8decedeae14f85832f11263d628a4114e5fe4f7074893ac
4,2026092405,1,0,1,0,85349.0,86129.0,69488.0,-1055.0,472.0,-9583.0,-10055.0,c3a44924df271c547eb6d403c387db63549a913442b15ceb96f806211b9670fc,2624c8f69cb6e11459f9b3248bc7e0f7c7b14c3fb2e53a96e60fa36bda4705dd
4,2026092406,0,0,0,1,97339.0,95966.0,82967.0,-6431.0,-5442.0,1589.0,7031.0,2e7511c4839cc16e9d5cf9ebb8175c5546b26962c1a42412fcece0c1667f94ae,60179be67ac1f8921d03ff37053a9fe735a554c2a9a4136486a5b4bf47641510
4,2026092406,1,0,0,1,97339.0,95966.0,82868.0,-6431.0,-5442.0,1515.0,6957.0,5e745306398df30416a8190e073c49878fd73a39c087ced93cddc7cb52e6c7f8,f4f777fa98a109af236240967222bf921306785b3388df6780be9fd9749065fb
4,2026092407,0,1,1,1,85691.0,89748.0,86212.0,6226.0,7352.0,8373.0,1021.0,b8ef9f53c5db2e707ed21a9a149ffb24d0481d2b5a962e02c65e99dfdeebd970,fb557c1f8987d8c7598fa1e79b13e00de911b9d0b282e34bf115fd382dcaf86f
4,2026092407,1,1,1,1,85691.0,89748.0,86212.0,6226.0,7352.0,8373.0,1021.0,88e4147180067c070c376b02deb1fdd618b412169ee5627a806d1104b53b6016,71f1289f67e501b245e52618cd9bca56a8e937094de47963ddae2a177b3d4302
4,2026092408,0,0,0,0,69331.0,67939.0,68795.0,-6517.0,-12727.0,-4175.0,8552.0,a6562ecede8abb8a4ff17b1a859f3316e05acc563f8cb9158875880a8cdcc77e,d26ccdeb279a9905ee2b7a1133e335da5d3af03e18d5e0cc61ed1cefb9180d80
4,2026092408,1,0,0,0,69331.0,67939.0,68795.0,-6517.0,-12727.0,-4175.0,8552.0,9aee2ce36c72102173f2e145500e890f9ef6841bc3414c4ce20396c18d593509,ae0b633fbf3cd7fc26e34409c32d3f50c1fb851b24caa2a8d2b5979bbc59094a
5,2026092401,0,0,0,0,96445.0,109033.0,95123.0,-7368.0,-9410.0,-8053.0,1357.0,49e8ad4d4174cddf307a6188dac3ef6e1680c6c4a80ce0edb73c4d81a912d844,e7c34ca5d54b324656220df8235e21a617870564d1a3b9a2094cc86497036753
5,2026092401,1,0,0,0,96445.0,109033.0,95123.0,-7368.0,-9410.0,-8053.0,1357.0,e8f039fdd92e3bf37dfabbed355d2c3c929ae64517da09c367b207cfed5934e5,89a1aa604b276de365ac4c216c2c0ebe0ec957eaaf97ac3383e06ed16d8257eb
5,2026092402,0,0,0,1,86985.0,87722.0,75510.0,-13130.0,-12954.0,7137.0,20091.0,5798f6ea1058d7cfd98e39b89ce539ebccabc4b3c8b2d8747685a267ab15f1db,d3e5e09bf5471d3c083601bd5df66de5d4e2de31a64c8327689f5dea864342c7
5,2026092402,1,0,0,1,104265.0,104583.0,77357.0,-8415.0,-9956.0,391.0,10347.0,d840d3746afa69e9b262e5c8b083676bcb01046e16c5f70dc08dbf08da3ea8c8,e0da3508a070d84228d00151229f4d569771cf459fe2bcc8e12f854b0e4d76be
5,2026092403,0,0,0,0,118732.0,119332.0,70325.0,-1728.0,-1726.0,-4037.0,-2311.0,90644024e44b8ff4261b8474400ca8b7fbdd88797c8ff035f1f263bfd9b9bbfa,217b20e9e5ff9603c07496f4ef52e4028c5d65838b0f43a93994872d58f8e258
5,2026092403,1,0,0,0,118732.0,119332.0,70325.0,-1728.0,-1726.0,-4037.0,-2311.0,e67f2c169c1f6128f4daf945498916273f07110d50ea5dd89245ea290b024d42,638c7d665eb096361c9631f95aed377508c29b93d71a21f9a7d81ae56c174310
5,2026092404,0,0,0,1,82759.0,68805.0,73972.0,-5358.0,-3309.0,1573.0,4882.0,44bb013df2771a60fcb67abf636d91097a5afc8d8f8d951d2567fc8214705558,91f6a4ad10e848d877589e3ecc2d2b165d1326f78750c78befe2eddf2ddb14cf
5,2026092404,1,0,0,1,82759.0,68805.0,73972.0,-5358.0,-3309.0,1573.0,4882.0,5e6e095d25ca1e6fee31c79a66d8bef1d1bad5db61ede90cec8d4f66629dc011,688bd00846e566218530ab35f1049efec8dfac1d200614b159470bb821b5a486
5,2026092405,0,0,0,0,75730.0,76324.0,78909.0,-3689.0,-3184.0,-8410.0,-5226.0,c6da5c4de3be543d32e704cd453b4d200854dc183f6821438af526ccc46443f1,d88d69b8105b99c4f041072f4daa7551326d171fc1467212d1e0c8309d26fcf0
5,2026092405,1,0,0,0,77509.0,75589.0,78909.0,-1665.0,-3893.0,-8410.0,-4517.0,962b10720c6de6daba31311be590c010a1dbda5f92f3403399f8037d1c4b685f,96e18d37c23e7663b8d3344dec8c58ac154d18daeddac136e148f31c4abe5e75
5,2026092406,0,1,1,1,85043.0,85096.0,77016.0,2590.0,2578.0,1448.0,-1130.0,e753d191626449cdd9568b85cf0a46af118df51f55cf938461b7061df619138a,a9ca0a5db74e11200f11c5a594634e418e0529c1b242f7c9767c9316238d40f9
5,2026092406,1,1,1,1,84230.0,84314.0,77016.0,1582.0,1757.0,1448.0,-309.0,c3f879238cb77e58130d1d6d31a824557e7bc8bb1bb2725a9ec7928aac15b342,58791304640a1ab2d92f171d5f7a22b987bb87592136c32f92b7f8c4a7e25b9d
5,2026092407,0,0,0,0,90294.0,92736.0,95795.0,-4276.0,-4634.0,-5826.0,-1192.0,0cc31d0f006c4f1de23946229b9134c30356c43486ef87a5be2727cdd0809b38,130b512c24f700fb1bbd0813de8200444d19a6ddd400f008c13b60232a245b5b
5,2026092407,1,0,0,0,90294.0,92736.0,95795.0,-4276.0,-4634.0,-5826.0,-1192.0,4e659f3de5f4d6825a5aa0acaf45184dc2fe132adb65a382b1bc5b3f069a1f2e,40d48e52cbb40fd5a8245d6ca291b59dd8910ce3c4858563428424ef11d6172e
5,2026092408,0,0,0,0,95607.0,89735.0,93548.0,-8220.0,-8377.0,-7332.0,1045.0,bcdd4deeff19eaebf014385dbeb88fb0cba0c0637ce9b4edd02cda3f6ed71d3e,afd0d9113f0266068e59f3af7b973c1656fae184858acc2dabb9e361b5121ea5
5,2026092408,1,0,0,0,95607.0,89735.0,93548.0,-8220.0,-8377.0,-7332.0,1045.0,143179c8346e38ad151f1f9110bba8069cca826e0b20d09ff9fccc70f325493a,73f9a641840ee7022eb08c63da480ed838c8ac159a75aa3a445e7768eb85d422
6,2026092401,0,1,1,0,90621.0,89635.0,83759.0,1878.0,715.0,-6717.0,-7432.0,d8642ef3a2f71a717570ab2a225b40bfeb0e5c730a4df728c323968cd717e379,ecf9242118313079d192f68699bd00c1e6b5b5f244dbc1cbfc6ced8db4100032
6,2026092401,1,0,1,0,89547.0,90024.0,85913.0,-1133.0,1519.0,-8814.0,-10333.0,4314a72b6fed9e80a0a8507d409ce2742c9c9fff74ef93614ca826f14dc5e3cd,4ab336815afd1fbf98fa7ec551541d9aef3c247ce684fc3316736248f01c1434
6,2026092402,0,0,0,1,82902.0,83569.0,98834.0,-3648.0,-3882.0,5815.0,9697.0,0c3efa3b8513dc43cdb28a12d271c869c217117abbf732e2bcc581e1a36663d4,2dce68772b32130c54b580c528426f7f948e328369c08c245772f58eba9952a6
6,2026092402,1,0,0,1,82902.0,83569.0,98834.0,-3648.0,-3882.0,5815.0,9697.0,fe720045a54bb3e31dec3979679084bbf8643852ac2b79aebfda5c23d3fc1723,71689df4b21da4984acd27a15695c8c8f52bf33eecedd4674f136d0ca6f0137c
6,2026092403,0,1,1,1,110515.0,110899.0,116293.0,2760.0,3324.0,4616.0,1292.0,567a159dd9557205a5ba38857d3fc0d9e1e27d66d05f95cf87d99a43e50e963e,52ba0e92d43fcdb256d2478a7a9f1f49077c95446c5cce91aa9fe8aacaff0387
6,2026092403,1,1,1,1,110515.0,110899.0,116293.0,2760.0,3324.0,4616.0,1292.0,db23bea7c11fff35c22cca8f65faf192fe31e2deb0a1c7e6c7d00cd7446edb57,f824355de5c242feef642fa2f275786e307bcca475360dceaa7cd1072be847f3
6,2026092404,0,1,1,1,104913.0,107006.0,140170.0,4129.0,5949.0,7017.0,1068.0,a80e97f77865f2a7f64cb8187fbe8c0fd2990090d2fa8c1067a92f7e91964049,f4ad5b15519849d3ff4d7a15bcdd177471c00706c7e54a9e26db21330b206734
6,2026092404,1,1,1,1,107624.0,125664.0,139701.0,6353.0,1614.0,1233.0,-381.0,7d8eead233cc80afd6875ea93488e560750c02679a96a898add7b45c845249e6,b69fd8b68a303e0f13e2ea333a730303d8ca7c1b85ce7d10b7eb978cfede8a8a
6,2026092405,0,0,1,0,85168.0,85912.0,70132.0,-1708.0,285.0,-9236.0,-9521.0,eb774f484dbb886c244ca4bad0532217cc030e1413612f2b8fede70da99bd081,6623daef29c12b0a85bf824bf274dd9942032a9546ee802bf230d0e5e0696d6d
6,2026092405,1,0,1,0,85168.0,85910.0,70132.0,-1708.0,280.0,-9236.0,-9516.0,79e74fea75bdf3a3911c6abe8baa8ca6434c360ac43a8feb35ddbc5262e6740e,4685dc43a68914492e2d14036483d90737229efb202d4f355f3bce9f8c1c6e62
6,2026092406,0,1,0,1,92876.0,93596.0,83146.0,1441.0,-5164.0,1989.0,7153.0,eefbcf11c4745111818c84895da4dc0e526e81bcdb35e51e1708cec09c897f56,c92698035977d92c58a628705716d1a4f1ef99131838fbdaa3cc03761675149e
6,2026092406,1,1,0,1,95776.0,93596.0,83215.0,2628.0,-5164.0,2052.0,7216.0,61e00fc63ad48d00541a39fddae9c947a7ddefceeeedcfe9debe9a075a129ac4,4b1eaecd2ebd0e66c82c8180c2c2fcf21b3c98027d01b1a598fd37c9bdc450d9
6,2026092407,0,1,1,1,85699.0,89072.0,85466.0,6580.0,8115.0,12699.0,4584.0,e4b4a079988244a9c3f425d354fcc302a427a45704f9b42e1699d94b18d236a8,7ec820b2d5fc9e4f95a56b770cc675170baf1cd58740d753950fd03611b06ff5
6,2026092407,1,1,1,1,85699.0,89072.0,85466.0,6580.0,8115.0,12699.0,4584.0,42230b0b27c182a99f82544e3687624ad8f581073f7c672e3bec9c060270bfcb,d2020e37a250438a68eff72288e63eeaa7a32fb5dcdfeddb814a96051d95070c
6,2026092408,0,0,0,0,68048.0,69159.0,69532.0,-7538.0,-3098.0,-9409.0,-6311.0,d975521a9d18287b688ba10a4c589cc1e8dc4f5144ebb48b06e03091a7e46f89,c6f1ed9884117e66bab5e53dab49b5085341c9c4cbed780a1ec8c2d487e5266f
6,2026092408,1,0,0,0,68048.0,69159.0,69532.0,-7538.0,-3098.0,-9409.0,-6311.0,afe13f54975f475c2d2886057230c9fd95bec5e0f5f8be20f9fbc9b3f901a25b,37a711d470fe5acd6753fa9d131f7d79d9ba43c00d2f87db02087fda05db3160
7,2026092401,0,0,0,0,72450.0,72260.0,78318.0,-2103.0,-1954.0,-206.0,1748.0,9f9ead8d15718a82caea2019498c76c5bb6ef8d8793e2a60b70e02df26346de4,ce9f0a0e4adacf927d03fca819c5729d217c216531a727793a38507c72184506
7,2026092401,1,0,0,0,72450.0,72260.0,78318.0,-2103.0,-1954.0,-206.0,1748.0,3d6af7761c32165aaa4f2de098596823be4dd04b470b4608ae7b15c4062bb3ab,53512a231f4923a943187bbbfa433a2348518b9651f0199c0a9f366508c0b89d
7,2026092402,0,1,1,1,97429.0,95822.0,120779.0,3114.0,5394.0,2316.0,-3078.0,222957499464d26ad010c3e57c1def76f9bd8f59686b0526428b17a16d6ad506,a613b0f616a3298e58fb412609d47c204e73030d6c806d4bc2e671f2f108f50a
7,2026092402,1,1,1,1,69675.0,71524.0,69651.0,6416.0,6515.0,6716.0,201.0,87cc60240f975fa36c98f87e237e59504f269493bfce05156abbe5b5df3a50ee,92afb081a98286c6100de8420889bc2f7c50273f5f5c44cf9adbb35443ba4cf4
7,2026092403,0,1,1,0,101124.0,101979.0,87001.0,1940.0,2792.0,-3902.0,-6694.0,52d85f9468836b006ac928e7810391c8e00962f87d3f7f35ae040fac6a1eb4d1,c229f90e6f8a01c97324b08b8a461ee7a1e618e8bd9d012957e4f0a36e1814e1
7,2026092403,1,1,1,0,101124.0,101979.0,87001.0,1940.0,2792.0,-3902.0,-6694.0,2fb367b326365ec9f8edfdb7b9faadffc8a5abc22e1302ab65de3a219b088195,09ec712e30b8eb8c6c280af2ea6754e8596dc11eafb953cf7697e5629a551caf
7,2026092404,0,0,0,1,76604.0,75694.0,103333.0,-9515.0,-7079.0,3539.0,10618.0,9e68c640282f31e5cd818cc0bed50b3248201a4b7802a67cb402b1b2cd6a6ea1,3943b3dc717f0b65c43aab7df4070d66a4b4b1c08cb79891a33608c5229367e5
7,2026092404,1,0,0,0,76604.0,75694.0,109098.0,-9515.0,-7079.0,-2438.0,4641.0,da679c602396478a298b30134f544cd09285711b2652fe38996363f3c652ecd1,0f69ddf9433d1b6056d8f8431e23fff2e5d8c8c2048b8928a2f7a9b2c63136ac
7,2026092405,0,0,0,0,95943.0,96907.0,129334.0,-7287.0,-6786.0,-7945.0,-1159.0,bc7bd3fe642773fed55ab02053ed6bbb5ed861d80330563cd46c9be159efe851,2dd91a29831281da6fa17df6b443e0d1567dee29f3a42039cd60093e94ce4a24
7,2026092405,1,0,0,0,96423.0,96379.0,95079.0,-6628.0,-7382.0,-9502.0,-2120.0,65d509b6e6feffccee47d6d68a4d8d0ecaa6e5f8b74ea02a69ab8f49be097358,3baf26d7a712a26f1233e0311d2481f41fbab0a58fd60142f4386b3bfd26e5d9
7,2026092406,0,0,0,0,73547.0,80062.0,76602.0,-4144.0,-1231.0,-9446.0,-8215.0,9727fec77bdb8c95bd3633ec2bec0b9e4d9c9975169506763e0f5e17616ef1fe,cd355d55b59550a3efb24a012ee352a5f253971e07ce349bff10d0fe37e98e2a
7,2026092406,1,0,0,0,73547.0,80062.0,76602.0,-4144.0,-1231.0,-9446.0,-8215.0,9a9a3547ca998ce54974834c285c260350480fd95943d4a4403ec1582d1d82e9,aa20d22912c37c766109a4bfec85f4cfdfaebca3251ec72dc56bbef1caa3c90d
7,2026092407,0,0,0,0,94416.0,94588.0,104044.0,-1760.0,-1439.0,-763.0,676.0,3f9b4fa6ad12fe0258f820b65c895b8e08c895513d9a2332e2f22e786a215a36,93919f372a0c88c6719130266e0114746cf0ce23e8c647cb9176b8b798b3414c
7,2026092407,1,0,0,0,94416.0,94588.0,104044.0,-1760.0,-1439.0,-763.0,676.0,84f7e6cf7bcd06888b95a4cd5ad883324d9bf65143e2c4f20e433b28950efcd0,5ae0ded0043ef94043f0c33eb06dd218ef5c08c08ca084789cb5cc51ff062488
7,2026092408,0,1,1,1,112531.0,112340.0,103288.0,5698.0,3929.0,4715.0,786.0,39bf9fcbc18a1173380d6b57fe25da99618859018d4ebe07e966f2d5c14a890b,9f334e79f719d59ea68f096e566cba492402de41c0911f7ee3d47cd8b2e7da14
7,2026092408,1,1,1,1,112531.0,112340.0,103288.0,5698.0,3929.0,4715.0,786.0,54509ad8db2308ff67f42c45b2e17b95f274804e8cfa99d97ccce442923d7b0d,229ada50873806a48ddc19ce88e35d3387f2914644e7cad284952facfeded31c
8,2026092401,0,1,1,0,89307.0,91378.0,83188.0,815.0,1675.0,-7570.0,-9245.0,0d122af4bcf8138d1f1c52c02a9991d427a710942908e4f43499df24b1dd5715,a6955b2cc21649a8f881e1189194ffb0dd446c238ded5b00e8e3a45391a1f3f6
8,2026092401,1,0,1,0,89566.0,91165.0,85755.0,-390.0,1832.0,-9190.0,-11022.0,b1955fe29958312e2f1be453cf49d9e85729bb5e1c81eac46f37be048a9b5963,5ccae6c87e3b3ca39feed33d2fc2cd8da5b4563184ff5fa7ee75b2946def4343
8,2026092402,0,0,0,1,82578.0,83315.0,98798.0,-3645.0,-3100.0,4779.0,7879.0,573cfc33c249d9ebd41e9634e03282cf9e5bf92c6b5dd077688f39f471d96728,99c58db7ee9dac38fe9503083e736092b9bcaf57de47752128c5426ce6c80bff
8,2026092402,1,0,0,1,82578.0,83315.0,98798.0,-3645.0,-3100.0,4779.0,7879.0,8fc9356534b162064fcafd6ae8eba55820ec6ff3f4f042f402ca2500970bfc86,90830d2b669a9e9edba6fd29c8424fcfc494c4b400bea2450fda2a19d2704af7
8,2026092403,0,1,0,1,108982.0,106500.0,115740.0,2865.0,-2116.0,3973.0,6089.0,f9d83c885e5419806a74ef9d5ec1fb19da50a0632f1a9e2d26f9b04eccf4c178,7274d12c6314351cee4d4d86be4cce974293101ff67566a3f48d3d15f85b2803
8,2026092403,1,1,0,1,108982.0,106500.0,115740.0,2865.0,-2116.0,3973.0,6089.0,015b3eaeb498fb280448f224861190cbeb544eeca9a1a60766633dc3e88e5388,2e7cca9b98e7992c91660ea1790e723612d534c43e1b947c3f9759b3de71d958
8,2026092404,0,1,1,1,104866.0,107088.0,140073.0,3959.0,5812.0,6866.0,1054.0,5146d120cd2190ccab90df9a209be421d268a0cf256a8e37a5f881721466d96a,8e926e6f173580e021141d945118b90a43e48efc6e930112e67a3b95d9e4be92
8,2026092404,1,1,1,1,107902.0,125581.0,145573.0,6362.0,4486.0,2875.0,-1611.0,c3390d7cda8a2a44b1587eb77f6e62301d9f3de42e75d5bb58d4cee290a1e115,377347ec59cb93f18187d5af4ec5cc724d4409c49d19e237749216246fe5737e
8,2026092405,0,0,0,0,79301.0,79136.0,70726.0,-12159.0,-12531.0,-9643.0,2888.0,5d74b15a8f38eabc0a113af79391118c8cc1cad91a717ce340458ff7ae34c505,4529140385a49bb64c9fe39ea966a77694c9c8c107182ef6225a73234a12f1cc
8,2026092405,1,0,0,0,79301.0,79136.0,70726.0,-12159.0,-12531.0,-9643.0,2888.0,c26c4508f255ed4d28c424a75e8c27cda3e8e2e3329971f2532d8ad5e5579084,cb5d83056c34fbe13f3ad4a93155b31ed15cbca628e70737e223fd000b9b8c2d
8,2026092406,0,0,0,0,97339.0,94690.0,87361.0,-6421.0,-7228.0,-2036.0,5192.0,1502a59bb82933f0602ab5c2b52bb2eb158b0b01fe552bbf64306fc88e860a3a,0fab45ee9f936021d941a6a7228937900d45d6834e39f9b52e33df3e74312dad
8,2026092406,1,0,0,0,97339.0,94690.0,87361.0,-6421.0,-7228.0,-2036.0,5192.0,8c85be539c859ea8603fc86dd963efa9d7d96f375cebed77467877a1ade5a9b0,d1ea2e6556e77a70cc03339a651a4bf0e7f324eab70ae7e7fb031dd736c020a9
8,2026092407,0,1,1,1,88185.0,88149.0,85209.0,7412.0,5190.0,9783.0,4593.0,5d86fbe24fa8f65e33401b950156342672e959c6f1fc2a6a41ffea6b891e7d6d,f8dc6c049a12fe1db54ad147a5fe0d3ef3d0bc11f70f3195d92f702a8d9d7de9
8,2026092407,1,1,1,1,88185.0,88149.0,85209.0,7412.0,5190.0,9783.0,4593.0,ee9a2ada8db5d91dbf0d975d655fbfb93450e0ad4d4ac3cfa3a831289bfcaec7,8093c9b59c093d1c3222cf3ed5fa5b01caa06761bc6d419e857baceb2ffd2509
8,2026092408,0,0,0,0,70600.0,68642.0,68339.0,-9627.0,-9587.0,-4752.0,4835.0,b1e65c1e3cf06b583825bb9628a08e5b3472accf20c2a6eb3615f536b819a750,6ff399bfcb18d822f16a7bd5a7e7594da38a250cc852fe58e4ee7560584b4117
8,2026092408,1,0,0,0,70600.0,68642.0,68339.0,-9627.0,-9587.0,-4752.0,4835.0,287a2c8511f568fa380afbd17cfafe4adbe0b8f5ad7028b45d2a13ff95b8760b,94bbaa7f46d8ab4caad35e701370d9726d8f8727911531518b0ee5807e455f49
9,2026092401,0,1,1,0,89307.0,91378.0,83188.0,773.0,1672.0,-7730.0,-9402.0,4a2fca52bdfbf4d6c5ca48da37e62356df0a7fd669c7dca6fc56cbf82be3d9b3,93fdc2caee3b1d1dc287a5800449bcfc171b92a60cf0f46941901026c923d203
9,2026092401,1,0,1,0,89566.0,91165.0,85810.0,-432.0,1829.0,-8913.0,-10742.0,f686c7e949a6411062e3bb83c882bf859ad661d7f335e50cfc4e2ecd225f191c,ff7f10baae22d4697098f0e202ed69b7bdb2485357e9d11907b0107b79c023ea
9,2026092402,0,0,0,1,83681.0,81984.0,98816.0,-2966.0,-2534.0,4936.0,7470.0,22fdaf01464c421d893cdd080661b067964b7819e78050c9e9a247120fbf9fd3,b64d95a7013b2a1d4814ea3502ea31f4cbb32cf5ec5531e25096b1ec73fde583
9,2026092402,1,0,0,1,83681.0,81984.0,98816.0,-2966.0,-2534.0,4936.0,7470.0,e44beaa105c2f5b0a8f99a56780b0e38a38c72e9b8078a2972c5f07d6d155d5d,58bbe3e37eb528f9168afb2000583cfbe8408cae94ee0403ec16608d60fd732b
9,2026092403,0,1,1,1,107849.0,107772.0,114684.0,338.0,1329.0,4271.0,2942.0,48cea8470dfdb5ac620186502382dbf687cb00be86660936383a4ab9910c69b6,bf1f24a767bf55f1d0d8e216907d82b2cff5091fbbfae2c9df7ad439faa97a90
9,2026092403,1,1,1,1,107849.0,107772.0,114684.0,338.0,1329.0,4271.0,2942.0,46617be6303eba6cd49c5497be012c5893f4f9af212fbd6832903e9ee2486fa5,017692189294ea46eccb9e2f3f3002d1e08be957977de71f7ee06bb4af4b4e75
9,2026092404,0,1,1,1,106675.0,107105.0,140080.0,5436.0,5514.0,6867.0,1353.0,109ec879ced1da77743b09773700bf83cf2b377b4b76cdf833187c1cdada5e48,66f9049b12d49e656bef80191833aaf8260c61f85544f5ebb2fa042c0e8d1c4f
9,2026092404,1,1,1,1,107626.0,125947.0,139724.0,6072.0,2754.0,818.0,-1936.0,5d098a6dcc17ec209ad5ed068f4c7a647e85a77a23e46d55b4c48bb45b8c9c4e,bd4531b08e687b8573e4d09f96248b726794d07a1cb9e878e71c02c4254500eb
9,2026092405,0,0,1,0,85349.0,86129.0,69488.0,-1045.0,482.0,-9573.0,-10055.0,3dd817c1a2c4f79c076e90ca1a78afefa5652a01cb136fef028c173e0d2a3eb5,7dd17ef912aa0e7bde1af2b50f6df04755dad18cf3dc63d0153aeafcccc0db8f
9,2026092405,1,0,1,0,85349.0,86129.0,69488.0,-1045.0,482.0,-9573.0,-10055.0,ec694c760069e414c8fabbb9410287c216310b356e0f389110847d605d0840fb,bc02e5145bcc675b50cdfb08221bd6dd6ea8b333811a2aeed924d4183ed84181
9,2026092406,0,0,0,1,97339.0,95966.0,82967.0,-6421.0,-5432.0,1599.0,7031.0,4e8956abc509f9b935f9f6edc58c70543e39e1d782388d598f9f489be52ed0a9,75e1e7b5f7d69357a94fab6a945bca977e472c7eb227ee1f9e0b44eb240e3d7f
9,2026092406,1,0,0,1,97339.0,95966.0,82868.0,-6421.0,-5432.0,1525.0,6957.0,e73e058f33bda4f18d4d0d3656d8fd9086ba1faf76b319aabc51e23c09d0ce10,1924e5121ca42260a2524606bd89cfe634b7cd5e40fad0e84b42850e10ad4fc8
9,2026092407,0,1,1,1,85691.0,89748.0,86212.0,6226.0,7352.0,8373.0,1021.0,5267b110e76d433d91d6af84ad3a564bdedf07c5b7d1c3ef968242886ff50ad9,b5d3740db1bc2c2721b6806ec6f073688204b9d639b550168900d04d99dc039b
9,2026092407,1,1,1,1,85691.0,89748.0,86212.0,6226.0,7352.0,8373.0,1021.0,b297232f702602c84c409488356085ad11f78eb54b216406fa420f8338e20035,3af49d960632fd81261d9312794370834fb9427a488065372534ce2aebd333b5
9,2026092408,0,0,0,0,69331.0,67939.0,68795.0,-6507.0,-12717.0,-4165.0,8552.0,9862877cf33fbd7d011e1c4d5eb06bc7345912c415ed7623b805094979f3719a,9527a972a25b2f0c2e32a5c4b761ef4b712173523a2d06aeae4791e7dabcd1dc
9,2026092408,1,0,0,0,69331.0,67939.0,68795.0,-6507.0,-12717.0,-4165.0,8552.0,ae306e1a343b7d8db0ccf210dc3323d7210bfd546540b9db8dd2d1b794308216,452561fbc16dcdcc9d90a49995be649381de40b53fa674909c29024b76cf2130
10,2026092401,0,1,1,0,89307.0,91378.0,83188.0,773.0,1672.0,-7730.0,-9402.0,d7c6ecd08a4a45d76ddbd66ce8472b8fa56419be0546bec3fda0d8bd987d03b3,fba47dad73520f5dae8407c2b2f893faf1767799c7a604fa2d3becc50567f0dc
10,2026092401,1,0,1,0,89566.0,91165.0,85810.0,-432.0,1829.0,-8913.0,-10742.0,43e7b8334cf82e177ce03e1411b818a20f2e41fba867da88d6b24bd4d73740db,9be653e000df0ccd3fa0cfbc6db1bbb4c2b02320de40f0676136d5da415cb09a
10,2026092402,0,0,0,1,83681.0,81984.0,98816.0,-2966.0,-2534.0,4936.0,7470.0,db9aead178493fc0ddf6c4539af189c5424119418cf1ec13739ae1132d73bcc3,a67ea77e12f5cc640692991795d9534ace33582e13543d39ef3609605d82e35f
10,2026092402,1,0,0,1,83681.0,81984.0,98816.0,-2966.0,-2534.0,4936.0,7470.0,e2623e84e12e97b48390d39a34e25b3cd86431eff06f0e24677283562d3f5ca1,00d2e53928b05cdfbb627dbb07af4266efb1fb459303b0f1553ccb2f4a631b0c
10,2026092403,0,1,1,1,107849.0,107772.0,114684.0,338.0,1329.0,4271.0,2942.0,01f418b4893a89f3e5fdf89917c68676d4e43dce00ad36ec396a15c2fa2b9ad5,ecf51600c51155344716e8adc4cbb9e7b6f9f7fc78b9ff96ae639ccec6112b26
10,2026092403,1,1,1,1,107849.0,107772.0,114684.0,338.0,1329.0,4271.0,2942.0,f6fdfe98058c10639a0cf95b34973905ccfcccd1987dc29076edc9042c713214,97dc202bdbb104e6d610b25a945cba9b9f04e3f070dd936f1bc74320e9deaad8
10,2026092404,0,1,1,1,106675.0,107105.0,140080.0,5436.0,5514.0,6867.0,1353.0,323319feab072690740d13b34c64cb08b7c863cad454af89d46d77d4831fcc88,767184274c83c8e8af3086664f4eba5dcf7a336e1bc9b56d796922e0d82a0477
10,2026092404,1,1,1,1,107626.0,125947.0,139724.0,6072.0,2754.0,818.0,-1936.0,a56919eb723742da13ce1d4ea7eea279e7fc319899ab875fb591689aa55acce3,326a0579531003dd5635573562d360f4cf3cdbbd6078434c2be6e9a9dd5ef94e
10,2026092405,0,0,1,0,85349.0,86129.0,69488.0,-1045.0,482.0,-9573.0,-10055.0,41a866e78bb39498fd1691167a789057a8264e7507c819aa54f4a173de04e180,c9a1d311b83b2509e582f8d8439294bfed9451bb64f74451a3bebaafd28f3a3d
10,2026092405,1,0,1,0,85349.0,86129.0,69488.0,-1045.0,482.0,-9573.0,-10055.0,e2756088ce7328c3f2e5575613c214b2a2a1c75a827db2912c7cf9bd7e157376,18185f953bb30f1cdcbd26f8f3fa874e6eed344612161e8af6dc9083e7fc5b1e
10,2026092406,0,0,0,1,97339.0,95966.0,82967.0,-6421.0,-5432.0,1599.0,7031.0,09cce58f57287d67f33aac9c5b21183499111e2582cb58c2f95d1798201b74e6,0b963d7dead0eb9df4b1de09350dc8621d71efe077b48c515e7a2780c61fc47b
10,2026092406,1,0,0,1,97339.0,95966.0,82868.0,-6421.0,-5432.0,1525.0,6957.0,140b31ef73b95d23a8e686a723280ea8f7ff931f3f829458840cf06613fd4d2c,d573c77a45c2c5e3d4834b229b4ab37808424e1714238024e80163ccabff7da6
10,2026092407,0,1,1,1,85691.0,89748.0,86212.0,6226.0,7352.0,8373.0,1021.0,be06625d78eb5c93f5b79fd6f748064ede13ab761968df3922ef956040c6aa98,99b641d353a7e6a874284603c5ba5170a83b273def6ca1ed28dee34e18ce934f
10,2026092407,1,1,1,1,85691.0,89748.0,86212.0,6226.0,7352.0,8373.0,1021.0,b87f6e2e5bee3e1de562950572db7c7993967bf45281c4d4902c881f62254206,2447adee1152d90b43ec8b7865c3d7d80747af9ec5765da96c3f24815763d71d
10,2026092408,0,0,0,0,69331.0,67939.0,68795.0,-6507.0,-12717.0,-4165.0,8552.0,eb2b17b35d9f451c662ecbeafc258c8aedac0a73b31804b5b210e5c8058a436d,88cd38e7d3658e387da5dfa1b99133c8c3412b7178cf55dbf672560fa50c0825
10,2026092408,1,0,0,0,69331.0,67939.0,68795.0,-6507.0,-12717.0,-4165.0,8552.0,9e4e2fa0cad20251030821141b4a39e486b07885c3a6bc0a8d077353aaaafda8,ea189275eff6df120b876c138b8b611fcbb8cfa82cf6723bfb2a00d37bbe4882
