rank,uid,source_team,index,plan_id,OceanMix_wins32,Driz Lo_wins32,QQ Farming_wins32,OceanMix_mean_margin,Driz Lo_mean_margin,QQ Farming_mean_margin,min_wins,total_wins,mean_margin,mean_cash,missing_recipe
1,R03_F001_E104234696_P0:027,Driz Lo,27,a882fe77385f5e59,23,27,26,8886.375,16323.15625,16703.15625,23,76,13970.895833333334,104005.3125,98
2,R03_F001_E104234696_P0:072,Driz Lo,72,a4595574654623d9,22,21,21,8572.125,5412.3125,11880.96875,21,64,8621.802083333334,101635.96875,100
3,R02_F001_E104469027_P0:046,OceanMix,46,acbaa7ac6ba910a6,22,20,29,2941.125,5817.6875,25704.09375,20,71,11487.635416666666,109713.70833333333,0
4,R03_F001_E104234696_P0:070,Driz Lo,70,333390cde28459f5,18,24,25,3693.40625,11286.125,15152.9375,18,67,10044.15625,102433.71875,0
5,R03_F001_E104234696_P0:002,Driz Lo,2,4a7381bd1e728815,19,18,19,4911.875,8719.40625,11252.125,18,56,8294.46875,106589.05208333333,6
6,R03_F001_E104234696_P0:029,Driz Lo,29,09928d04c1c95d9d,20,18,18,1232.9375,7707.1875,11857.75,18,56,6932.625,106464.45833333333,6
7,R05_F001_E104180967_P0:066,QQ Farming,66,12de78aa0c972f81,19,17,32,4573.125,5762.875,32876.21875,17,68,14404.072916666666,109306.95833333333,0
8,R02_F001_E104469027_P0:026,OceanMix,26,30c49adabf29e530,17,20,25,-5383.65625,6761.8125,24804.78125,17,62,8727.645833333334,108712.75,273
9,R03_F001_E104234696_P0:096,Driz Lo,96,8712f80c6c6c7804,17,23,22,5390.15625,5133.03125,12748.90625,17,62,7757.364583333333,102418.90625,124
10,R03_F001_E104234696_P0:015,Driz Lo,15,b260da50b89ad118,17,20,22,5390.15625,5856.6875,12748.90625,17,59,7998.583333333333,103439.625,210
11,R02_F001_E104469027_P0:016,OceanMix,16,572c519641bcbd2c,16,20,32,-1280.71875,6621.9375,26972.8125,16,68,10771.34375,112675.11458333333,272
12,R02_F001_E104469027_P0:008,OceanMix,8,591ae08fde842000,16,18,32,571.6875,7234.8125,28082.78125,16,66,11963.09375,112895.96875,82
13,R03_F001_E104234696_P0:035,Driz Lo,35,5e59681755836d0f,16,24,22,2317.0625,7295.96875,12116.3125,16,62,7243.114583333333,105882.82291666667,74
14,R03_F001_E104234696_P0:016,Driz Lo,16,18a22c94faac9f4b,16,22,23,5964.28125,8570.96875,13443.34375,16,61,9326.197916666666,107354.01041666667,90
15,R03_F001_E104234696_P0:063,Driz Lo,63,d5c5476235ac555f,16,23,19,3007.9375,6528.4375,12106.4375,16,58,7214.270833333333,103994.625,42
16,R03_F001_E104234696_P0:030,Driz Lo,30,979a491ca21d3449,16,22,19,2818.78125,7870.9375,9572.46875,16,57,6754.0625,112740.48958333333,455
17,R03_F001_E104234696_P0:094,Driz Lo,94,5a0398de0d2fda00,16,20,21,-1314.875,7592.375,10647.96875,16,57,5641.822916666667,111686.98958333333,391
18,R03_F001_E104234696_P0:083,Driz Lo,83,166ecc239cb338f4,16,22,18,-2759.96875,8300.0625,10045.96875,16,56,5195.354166666667,112467.79166666667,110
19,R03_F001_E104234696_P0:025,Driz Lo,25,66ab8236ae46e5d8,16,17,21,266.875,2506.3125,10856.375,16,54,4543.1875,111092.35416666667,34
20,R03_F001_E104234696_P0:012,Driz Lo,12,20d924d8205874b2,16,16,16,-1118.40625,2376.46875,7160.21875,16,48,2806.09375,110057.30208333333,0
21,R02_F001_E104469027_P0:020,OceanMix,20,c1deacc50161e9b8,15,24,32,2099.40625,5679.53125,32584.40625,15,71,13454.447916666666,118729.47916666667,79
22,R02_F001_E104469027_P0:023,OceanMix,23,11f337d4e62f332d,15,24,28,-4958.78125,11569.9375,24294.34375,15,67,10301.833333333334,111322.05208333333,252
23,R02_F001_E104469027_P0:084,OceanMix,84,2c8376b998af090c,15,19,32,549.46875,7987.84375,23531.90625,15,66,10689.739583333334,112936.89583333333,90
24,R02_F001_E104469027_P0:042,OceanMix,42,bd78a120346c3ab6,15,18,32,1356.46875,1741.125,28859.5625,15,65,10652.385416666666,114171.27083333333,0
25,R02_F001_E104469027_P0:095,OceanMix,95,665e874bd0b1bc9d,15,20,28,-3530.25,10718.9375,26872.0,15,63,11353.5625,111954.28125,227
26,R02_F001_E104469027_P0:004,OceanMix,4,a99284d7e1ea4369,15,18,30,-5169.4375,7537.1875,26708.53125,15,63,9692.09375,111836.95833333333,226
27,R02_F001_E104469027_P0:083,OceanMix,83,9cb4f4aa7ad50543,15,20,28,-4916.09375,8591.5625,25276.90625,15,63,9650.791666666666,111945.84375,255
28,R02_F001_E104469027_P0:067,OceanMix,67,4e9e56b328ded0fd,15,18,30,-5228.59375,7718.375,26461.375,15,63,9650.385416666666,112553.54166666667,330
29,R02_F001_E104469027_P0:063,OceanMix,63,8fc88974f0be43d8,15,18,30,-4995.09375,7017.625,26310.28125,15,63,9444.270833333334,112371.5,202
30,R02_F001_E104469027_P0:051,OceanMix,51,9f49cf1be0a24638,15,22,24,-1286.84375,9973.3125,23596.75,15,61,10761.072916666666,111861.0,186
31,R03_F001_E104234696_P0:078,Driz Lo,78,f469d90c51b59a7d,16,22,15,179.90625,8560.78125,8080.46875,15,53,5607.052083333333,111939.83333333333,442
32,R03_F001_E104234696_P0:062,Driz Lo,62,64d5cfff8f71f68a,19,18,15,4264.09375,6866.3125,7682.96875,15,52,6271.125,112958.04166666667,339
33,R03_F001_E104234696_P0:076,Driz Lo,76,f020d6f541e5315a,16,16,15,-1116.90625,6155.40625,7050.25,15,47,4029.5833333333335,111014.78125,441
34,R05_F001_E104180967_P0:041,QQ Farming,41,36fe8948a145caed,14,25,32,-1514.5,10883.21875,52002.96875,14,71,20457.229166666668,115873.65625,0
35,R02_F001_E104469027_P0:043,OceanMix,43,058dfe26f6bc1953,14,22,32,-2719.5,10193.375,27187.15625,14,68,11553.677083333334,114415.33333333333,180
36,R02_F001_E104469027_P0:073,OceanMix,73,322561bb6d75b6e2,14,20,32,-1120.03125,8761.125,28524.78125,14,66,12055.291666666666,111729.51041666667,181
37,R02_F001_E104469027_P0:031,OceanMix,31,3628ac3364d3950b,14,20,32,1804.34375,7545.28125,25837.28125,14,66,11728.96875,111865.80208333333,142
38,R02_F001_E104469027_P0:038,OceanMix,38,f7ba972371270040,14,20,32,550.875,6197.1875,27884.5,14,66,11544.1875,112841.38541666667,271
39,R02_F001_E104469027_P0:062,OceanMix,62,1be14a3c7ad1acc2,14,20,32,-1490.34375,7074.3125,25611.53125,14,66,10398.5,111778.42708333333,223
40,R02_F001_E104469027_P0:097,OceanMix,97,200eff44fa25440c,18,14,30,1954.5625,-741.6875,24229.6875,14,62,8480.854166666666,108600.42708333333,294
41,R02_F001_E104469027_P0:080,OceanMix,80,700554aa206a3f44,14,14,32,-2292.46875,4300.21875,28772.28125,14,60,10260.010416666666,112914.26041666667,61
42,R02_F001_E104469027_P0:003,OceanMix,3,7db53e37c8f95524,16,14,30,663.53125,-1912.5,25270.1875,14,60,8007.072916666667,108622.4375,427
43,R02_F001_E104469027_P0:061,OceanMix,61,7a953cdd1af28b25,14,16,30,-2693.15625,898.34375,24662.28125,14,60,7622.489583333333,114598.71875,0
44,R02_F001_E104469027_P0:064,OceanMix,64,bd6eb4fccb1a1b43,16,14,30,-3137.84375,-4116.375,26656.5625,14,60,6467.447916666667,111549.5625,168
45,R05_F001_E104180967_P0:011,QQ Farming,11,fa539384fedb46b3,14,14,30,-2351.0625,4226.375,22384.3125,14,58,8086.541666666667,109268.01041666667,0
46,R02_F001_E104469027_P0:007,OceanMix,7,bd4d2a4a521d4603,14,14,30,-5062.15625,3515.5625,24563.03125,14,58,7672.145833333333,111783.96875,237
47,R02_F001_E104469027_P0:079,OceanMix,79,9e3466db177965f1,14,18,26,-5065.9375,5975.84375,21114.75,14,58,7341.552083333333,110833.82291666667,3
48,R03_F001_E104234696_P0:053,Driz Lo,53,4fffaad2ed1355a4,14,25,19,-1209.75,8008.0,7300.25,14,58,4699.5,107301.28125,0
49,R03_F001_E104234696_P0:079,Driz Lo,79,d95769d23229e9e4,14,15,26,-2475.90625,5583.6875,15253.40625,14,55,6120.395833333333,105288.5625,0
50,R03_F001_E104234696_P0:040,Driz Lo,40,2e5f76eb2151e24c,14,22,15,-852.6875,8336.84375,7395.375,14,51,4959.84375,111256.75,492
51,R03_F001_E104234696_P0:017,Driz Lo,17,c5c543c9b9ce91eb,14,18,18,-139.6875,3556.53125,7663.875,14,50,3693.5729166666665,113149.19791666667,98
52,R02_F001_E104469027_P0:060,OceanMix,60,6de0010ee15554eb,14,18,18,-7026.15625,1451.8125,7186.375,14,50,537.34375,102123.25,48
53,R03_F001_E104234696_P0:099,Driz Lo,99,1a590d8e0a61aaa0,14,20,15,-360.9375,8984.09375,8083.5625,14,49,5568.90625,111674.75,784
54,R03_F001_E104234696_P0:050,Driz Lo,50,dbbcbc50f720b7ec,14,20,15,-405.8125,8832.625,8066.875,14,49,5497.895833333333,111602.8125,846
55,R05_F001_E104180967_P0:050,QQ Farming,50,a2324d61e3c37cfb,13,21,32,-3122.03125,13481.25,49803.5,13,66,20054.239583333332,117638.83333333333,0
56,R02_F001_E104469027_P0:065,OceanMix,65,19af6bf331026f55,13,20,30,2057.25,5983.875,29811.0625,13,63,12617.395833333334,112470.60416666667,0
57,R02_F001_E104469027_P0:019,OceanMix,19,f30cc0c4ad3b3e73,13,20,30,-5431.28125,10287.6875,26376.0625,13,63,10410.822916666666,112163.96875,388
58,R02_F001_E104469027_P0:071,OceanMix,71,42a3ed3ccf15db4b,13,20,30,-2365.75,6659.5,25417.59375,13,63,9903.78125,112625.1875,350
59,R02_F001_E104469027_P0:070,OceanMix,70,ab940b52f3cda083,13,18,30,-1332.5,6261.875,27718.28125,13,61,10882.552083333334,112470.70833333333,427
60,R02_F001_E104469027_P0:013,OceanMix,13,4c2b6e2645146d41,13,20,28,-4720.125,10097.4375,26856.125,13,61,10744.479166666666,110944.14583333333,161
61,R02_F001_E104469027_P0:099,OceanMix,99,ca44a5723e00add4,13,20,28,-2765.03125,8406.875,26374.5625,13,61,10672.135416666666,112000.3125,300
62,R02_F001_E104469027_P0:096,OceanMix,96,83f6c9760d5dcdb1,13,18,30,-1149.40625,5831.5,25036.09375,13,61,9906.0625,113684.30208333333,296
63,R05_F001_E104180967_P0:037,QQ Farming,37,a805aeab69a8ad23,13,15,32,-1357.9375,2197.9375,55062.15625,13,60,18634.052083333332,114742.22916666667,32
64,R02_F001_E104469027_P0:045,OceanMix,45,d1498c049f4abd43,13,16,30,-3174.03125,2518.125,23366.90625,13,59,7570.333333333333,111094.25,254
65,R02_F001_E104469027_P0:029,OceanMix,29,24a42e5121e4ce55,13,13,30,112.46875,-2871.78125,26363.5625,13,56,7868.083333333333,113007.21875,154
66,R02_F001_E104469027_P0:039,OceanMix,39,381500bfd3cf93c3,13,18,24,-1958.40625,5411.3125,19568.09375,13,55,7673.666666666667,111040.36458333333,192
67,R03_F001_E104234696_P0:046,Driz Lo,46,fbac962385772a16,13,26,15,2885.9375,7061.0625,7745.84375,13,54,5897.614583333333,107858.08333333333,80
68,R03_F001_E104234696_P0:066,Driz Lo,66,bee2374148393b52,14,20,13,498.625,9141.90625,8189.53125,13,47,5943.354166666667,112493.02083333333,435
69,R03_F001_E104234696_P0:061,Driz Lo,61,32f4a3ba5bf8bc73,14,20,13,30.03125,8658.28125,8155.3125,13,47,5614.541666666667,112201.09375,695
70,R03_F001_E104234696_P0:008,Driz Lo,8,2cc3cf9f070d061c,14,20,13,-116.0625,8658.9375,8128.6875,13,47,5557.1875,111929.11458333333,865
71,R03_F001_E104234696_P0:032,Driz Lo,32,7525011bc1056b85,14,20,13,-175.9375,8592.65625,8187.71875,13,47,5534.8125,111868.53125,817
72,R03_F001_E104234696_P0:089,Driz Lo,89,ed4358d6368a390d,14,20,13,-243.3125,8638.0625,8161.28125,13,47,5518.677083333333,112087.82291666667,687
73,R03_F001_E104234696_P0:054,Driz Lo,54,a98bcf066a33f037,14,20,13,-243.1875,8648.0,8092.71875,13,47,5499.177083333333,111870.01041666667,823
74,R03_F001_E104234696_P0:019,Driz Lo,19,27948585416beb74,14,20,13,-319.34375,8596.0,8081.71875,13,47,5452.791666666667,111806.47916666667,801
75,R03_F001_E104234696_P0:045,Driz Lo,45,4d67d475d9d6677f,14,20,13,-2.28125,7659.03125,8359.0,13,47,5338.583333333333,112201.40625,420
76,R03_F001_E104234696_P0:077,Driz Lo,77,d4517abcdf284df7,14,20,13,6.875,7852.15625,8146.21875,13,47,5335.083333333333,112272.76041666667,432
77,R03_F001_E104234696_P0:026,Driz Lo,26,751f5614f25f0002,14,20,13,-615.09375,8005.875,8531.0,13,47,5307.260416666667,112273.19791666667,353
78,R03_F001_E104234696_P0:098,Driz Lo,98,3870c78ef34eeea5,14,18,13,-345.5,8159.5,8415.3125,13,45,5409.770833333333,111572.80208333333,627
79,R03_F001_E104234696_P0:034,Driz Lo,34,972e87fe62c8d717,14,18,13,-688.5,7560.71875,7817.15625,13,45,4896.458333333333,111073.41666666667,714
80,R03_F001_E104234696_P0:064,Driz Lo,64,59c1f0a05198562a,14,18,13,-134.375,7412.1875,7220.34375,13,45,4832.71875,111735.45833333333,440
81,R05_F001_E104180967_P0:099,QQ Farming,99,d0d496180b4556f3,12,24,32,-4075.59375,14795.625,40031.90625,12,68,16917.3125,112871.71875,281
82,R05_F001_E104180967_P0:053,QQ Farming,53,0be361d06fad3cb5,12,22,32,-5243.84375,14458.9375,43659.78125,12,66,17624.958333333332,114029.55208333333,258
83,R05_F001_E104180967_P0:018,QQ Farming,18,d4b34119936f6973,12,20,32,-3397.5625,5159.375,46911.625,12,64,16224.479166666666,112322.61458333333,0
84,R05_F001_E104180967_P0:005,QQ Farming,5,f5d38fcf91a908f2,12,20,32,-8775.46875,3694.96875,42511.5,12,64,12477.0,112327.52083333333,0
85,R05_F001_E104180967_P0:058,QQ Farming,58,7fe50d16ca3abf47,12,19,32,-4511.125,2802.375,58176.125,12,63,18822.458333333332,114684.97916666667,0
86,R05_F001_E104180967_P0:029,QQ Farming,29,08eaf6a80fe4cb22,12,19,32,-6394.34375,3780.5,55093.71875,12,63,17493.291666666668,112360.70833333333,63
87,R02_F001_E104469027_P0:100,OceanMix,100,79a6326738f67625,12,20,30,-3142.0625,7944.125,25684.71875,12,62,10162.260416666666,111609.05208333333,152
88,R05_F001_E104180967_P0:059,QQ Farming,59,87e1623515012e2c,12,16,32,-3140.25,4112.78125,46187.21875,12,60,15719.916666666666,115022.9375,0
89,R02_F001_E104469027_P0:044,OceanMix,44,cf8cdbe4f78e0439,12,20,28,-512.0,7136.25,29287.375,12,60,11970.541666666666,111213.4375,161
90,R02_F001_E104469027_P0:017,OceanMix,17,3c6a238d33851a84,12,16,32,-882.1875,-512.5,25264.09375,12,60,7956.46875,108379.51041666667,280
91,R02_F001_E104469027_P0:085,OceanMix,85,6d47eced522f8588,15,12,32,612.28125,410.28125,27837.5625,12,59,9620.041666666666,111320.38541666667,116
92,R05_F001_E104180967_P0:064,QQ Farming,64,3c95179503867f65,12,16,30,-6394.34375,2792.125,49904.75,12,58,15434.177083333334,113486.55208333333,57
93,R05_F001_E104180967_P0:062,QQ Farming,62,a8c7577a893be10b,16,12,30,3392.8125,-1461.125,27315.96875,12,58,9749.21875,110949.14583333333,0
94,R02_F001_E104469027_P0:098,OceanMix,98,5a507c3f25c88448,14,12,32,-1459.75,-1707.46875,29296.46875,12,58,8709.75,110642.35416666667,84
95,R02_F001_E104469027_P0:024,OceanMix,24,3414a8da1bed7386,12,18,28,-3416.90625,5543.9375,22813.75,12,58,8313.59375,111125.23958333333,56
96,R02_F001_E104469027_P0:068,OceanMix,68,bbb06b745ab486ad,14,12,32,-1446.5625,-1534.4375,27351.625,12,58,8123.541666666667,108595.20833333333,269
97,R02_F001_E104469027_P0:059,OceanMix,59,b92e9e57304afdd0,12,18,28,-2289.09375,866.125,23926.75,12,58,7501.260416666667,113269.13541666667,124
98,R03_F001_E104234696_P0:095,Driz Lo,95,fdbcd2a70db9e6c2,12,25,21,-171.71875,10206.46875,8201.15625,12,58,6078.635416666667,114049.59375,240
99,R02_F001_E104469027_P0:074,OceanMix,74,e0ca1a3673fc3f6b,12,16,28,-7813.40625,3773.75,19958.53125,12,56,5306.291666666667,111618.23958333333,159
100,R03_F001_E104234696_P0:036,Driz Lo,36,4122397029219cc5,12,24,19,-1548.21875,8212.28125,8506.875,12,55,5056.979166666667,114617.35416666667,371
101,R03_F001_E104234696_P0:005,Driz Lo,5,085b9f80ef744966,12,23,19,-4758.0,3426.375,9119.96875,12,54,2596.1145833333335,115935.5625,243
102,R03_F001_E104234696_P0:014,Driz Lo,14,9615140a0075d8e5,12,24,17,1245.9375,9238.0625,9638.5,12,53,6707.5,114654.75,214
103,R03_F001_E104234696_P0:060,Driz Lo,60,b4677902e1af1dce,12,22,19,-915.09375,7120.71875,9516.21875,12,53,5240.614583333333,112160.94791666667,333
104,R03_F001_E104234696_P0:009,Driz Lo,9,94c3627804435999,12,21,19,-80.03125,6834.90625,8592.21875,12,52,5115.697916666667,105218.42708333333,106
105,R03_F001_E104234696_P0:074,Driz Lo,74,2ce8269c74ec61cd,12,21,19,-6867.125,5151.40625,6040.0,12,52,1441.4270833333333,112897.875,138
106,R03_F001_E104234696_P0:041,Driz Lo,41,a71fd4aaa7b34a3e,12,22,16,-1898.25,4791.125,4728.75,12,50,2540.5416666666665,112427.97916666667,290
107,R02_F001_E104469027_P0:002,OceanMix,2,166927bc78914fd2,12,20,18,-8173.3125,1282.8125,4876.875,12,50,-671.2083333333334,101754.84375,0
108,R03_F001_E104234696_P0:075,Driz Lo,75,3c69b883c3839382,12,25,12,-3172.6875,5739.96875,3289.4375,12,49,1952.2395833333333,113322.77083333333,251
109,R03_F001_E104234696_P0:082,Driz Lo,82,80825c2698705434,12,20,16,-2343.8125,6358.84375,7467.5,12,48,3827.5104166666665,111333.5,112
110,R03_F001_E104234696_P0:069,Driz Lo,69,c7707ff20ea7c3d5,12,20,15,-5406.0625,5693.4375,8142.125,12,47,2809.8333333333335,110389.8125,260
111,R03_F001_E104234696_P0:042,Driz Lo,42,dd2c7eab2281bf8e,12,20,14,-2676.0625,3735.25,6668.28125,12,46,2575.8229166666665,110995.9375,194
112,R03_F001_E104234696_P0:047,Driz Lo,47,19cee03410b2dd1b,12,20,14,-4797.28125,7659.125,3436.34375,12,46,2099.3958333333335,114448.84375,192
113,R03_F001_E104234696_P0:100,Driz Lo,100,d77bc0aa78820d42,12,20,13,-431.5625,9693.0625,9224.09375,12,45,6161.864583333333,112627.05208333333,559
114,R03_F001_E104234696_P0:028,Driz Lo,28,401c9b568dbad7e2,12,20,13,99.625,9593.09375,8532.34375,12,45,6075.020833333333,112682.91666666667,576
115,R03_F001_E104234696_P0:052,Driz Lo,52,1501b0818bb0db8f,12,20,13,-334.21875,9374.0,9162.78125,12,45,6067.520833333333,112563.73958333333,673
116,R03_F001_E104234696_P0:044,Driz Lo,44,e8dd94fa9bd933a3,12,20,13,-452.6875,9024.875,8984.75,12,45,5852.3125,112523.40625,644
117,R03_F001_E104234696_P0:090,Driz Lo,90,ed3f5a0546bfbdaa,12,20,13,-408.78125,9028.5625,8862.125,12,45,5827.302083333333,112531.30208333333,617
118,R03_F001_E104234696_P0:057,Driz Lo,57,cda655b39ccdbb85,12,20,13,-548.65625,8914.65625,8969.53125,12,45,5778.510416666667,112463.71875,582
119,R03_F001_E104234696_P0:097,Driz Lo,97,d2b57b78282c134f,12,20,13,-203.125,8684.5625,8786.375,12,45,5755.9375,112434.96875,581
120,R03_F001_E104234696_P0:006,Driz Lo,6,09b191ed7dbd347e,12,20,13,-378.96875,8680.4375,8877.5625,12,45,5726.34375,112728.91666666667,404
121,R03_F001_E104234696_P0:088,Driz Lo,88,ef50cbe7920e915a,12,20,13,-174.84375,9048.125,8243.3125,12,45,5705.53125,112211.36458333333,554
122,R03_F001_E104234696_P0:092,Driz Lo,92,052ec3e5d631b3d9,12,20,13,-144.1875,8443.90625,8778.375,12,45,5692.697916666667,112607.26041666667,396
123,R03_F001_E104234696_P0:023,Driz Lo,23,1367323f074106b3,12,20,13,-149.875,8856.3125,8295.15625,12,45,5667.197916666667,112169.52083333333,650
124,R03_F001_E104234696_P0:007,Driz Lo,7,8a667f5f6735aeea,12,20,13,-508.65625,8871.96875,8600.375,12,45,5654.5625,112369.53125,678
125,R03_F001_E104234696_P0:020,Driz Lo,20,b45cdeb9c519897f,12,20,13,-542.75,9223.75,8268.6875,12,45,5649.895833333333,112174.16666666667,746
126,R03_F001_E104234696_P0:065,Driz Lo,65,c1e3ba9cdf582281,12,20,13,-366.28125,9083.8125,8228.65625,12,45,5648.729166666667,112155.71875,675
127,R03_F001_E104234696_P0:087,Driz Lo,87,643f9b33f3d40e9a,12,20,13,-423.59375,9180.375,8156.3125,12,45,5637.697916666667,112182.8125,748
128,R03_F001_E104234696_P0:004,Driz Lo,4,6bba4b7d9efc7960,12,20,13,-196.625,8759.28125,8316.40625,12,45,5626.354166666667,112148.94791666667,675
129,R03_F001_E104234696_P0:013,Driz Lo,13,5f40bbbe2824a313,12,20,13,-364.34375,8910.5,8239.875,12,45,5595.34375,112257.77083333333,705
130,R03_F001_E104234696_P0:024,Driz Lo,24,44a34dc3e8542f0e,12,20,13,-326.28125,8039.1875,8928.84375,12,45,5547.25,112654.35416666667,443
131,R03_F001_E104234696_P0:091,Driz Lo,91,1508fdc8d8c1a098,12,20,13,-446.1875,8568.1875,8487.71875,12,45,5536.572916666667,112609.23958333333,446
132,R03_F001_E104234696_P0:059,Driz Lo,59,7ca9845388c0fecc,12,18,15,-106.03125,7792.15625,8917.6875,12,45,5534.604166666667,112633.65625,353
133,R03_F001_E104234696_P0:081,Driz Lo,81,709484ed84a9110f,12,20,13,-500.125,8507.4375,8568.53125,12,45,5525.28125,111878.57291666667,682
134,R03_F001_E104234696_P0:058,Driz Lo,58,baa33608497ff91a,12,20,13,-617.96875,9229.5,7933.0,12,45,5514.84375,112153.01041666667,658
135,R03_F001_E104234696_P0:043,Driz Lo,43,77ba8ebae2560bb1,12,20,13,-497.53125,8976.1875,8065.03125,12,45,5514.5625,112090.19791666667,748
136,R03_F001_E104234696_P0:049,Driz Lo,49,b42a3bde113d6908,12,20,13,-716.5625,8790.15625,8425.34375,12,45,5499.645833333333,112142.82291666667,490
137,R03_F001_E104234696_P0:084,Driz Lo,84,9d75d28b240f8d71,12,20,13,-486.25,8475.65625,8500.1875,12,45,5496.53125,111903.47916666667,808
138,R03_F001_E104234696_P0:022,Driz Lo,22,2ecbdea1f49f461f,12,20,13,-483.625,8528.46875,8433.46875,12,45,5492.770833333333,111889.91666666667,759
139,R03_F001_E104234696_P0:018,Driz Lo,18,b35b1b455a156ded,12,20,13,-626.625,8825.09375,8207.5,12,45,5468.65625,112195.13541666667,553
140,R03_F001_E104234696_P0:051,Driz Lo,51,b1aaed891c7b21f5,12,20,13,-854.84375,8616.90625,8150.0625,12,45,5304.041666666667,111887.40625,573
141,R03_F001_E104234696_P0:010,Driz Lo,10,0e14901c7311247f,12,20,13,-826.625,8573.34375,8023.9375,12,45,5256.885416666667,111968.10416666667,499
142,R03_F001_E104234696_P0:071,Driz Lo,71,aa1ef0f4058ee916,12,13,20,-1546.9375,-187.03125,7091.84375,12,45,1785.9583333333333,104219.15625,6
143,R03_F001_E104234696_P0:048,Driz Lo,48,3b0a49a9f7804e58,14,19,12,-1949.53125,1456.65625,2775.34375,12,45,760.8229166666666,113544.61458333333,172
144,R03_F001_E104234696_P0:085,Driz Lo,85,ad7044b68669d70a,12,18,13,-264.6875,8992.78125,8138.5625,12,43,5622.21875,111921.01041666667,829
145,R03_F001_E104234696_P0:033,Driz Lo,33,24d17592de7b2b3a,12,18,13,-306.78125,8886.5625,8103.125,12,43,5560.96875,111856.82291666667,836
146,R03_F001_E104234696_P0:001,Driz Lo,1,b27a8d4d8de7bee7,12,18,13,-306.53125,8920.28125,8036.09375,12,43,5549.947916666667,111862.77083333333,844
147,R03_F001_E104234696_P0:021,Driz Lo,21,f598d72ca6a9b4e0,12,18,13,-500.1875,8732.625,8229.875,12,43,5487.4375,111763.67708333333,782
148,R03_F001_E104234696_P0:080,Driz Lo,80,5c7447fce46e2414,12,18,13,-413.65625,8798.0625,7998.0,12,43,5460.802083333333,111734.63541666667,905
149,R03_F001_E104234696_P0:011,Driz Lo,11,3209fa68f2c04d5c,12,18,13,-527.53125,8274.5625,8602.21875,12,43,5449.75,111571.91666666667,713
150,R03_F001_E104234696_P0:086,Driz Lo,86,24487ebeb1765925,12,18,13,-542.34375,8666.875,8182.21875,12,43,5435.583333333333,111721.23958333333,797
151,R03_F001_E104234696_P0:093,Driz Lo,93,aba92a5dee29052c,12,18,13,-245.53125,7852.96875,8633.8125,12,43,5413.75,112570.61458333333,462
152,R03_F001_E104234696_P0:055,Driz Lo,55,8568fd19bc2b11f9,12,18,13,-648.84375,8802.46875,7889.71875,12,43,5347.78125,111666.0,809
153,R03_F001_E104234696_P0:056,Driz Lo,56,2f4c2f618a395497,12,18,13,-0.5,7217.1875,8429.09375,12,43,5215.260416666667,111372.17708333333,651
154,R03_F001_E104234696_P0:038,Driz Lo,38,f79e7ee8848a262c,12,18,13,-416.625,7676.34375,8013.90625,12,43,5091.208333333333,111374.05208333333,653
155,R03_F001_E104234696_P0:003,Driz Lo,3,8b69ba0f21bee473,12,18,12,-3359.21875,7176.59375,5627.5625,12,42,3148.3125,114041.89583333333,329
156,R02_F001_E104469027_P0:032,OceanMix,32,1c62a9b8893bdcce,11,20,32,-1954.75,5917.3125,25993.0,11,63,9985.1875,113999.82291666667,625
157,R02_F001_E104469027_P0:076,OceanMix,76,fa5f06b794cff0b4,11,20,32,-2236.03125,6027.4375,25988.3125,11,63,9926.572916666666,113964.90625,621
158,R02_F001_E104469027_P0:078,OceanMix,78,b172a119ac454caa,11,20,31,-1973.875,6007.375,25479.0,11,62,9837.5,113192.86458333333,532
159,R02_F001_E104469027_P0:052,OceanMix,52,695823d2410949c7,11,18,32,-1501.0,6508.625,27424.21875,11,61,10810.614583333334,112962.83333333333,608
160,R02_F001_E104469027_P0:088,OceanMix,88,9a5d3fdfc97a1cb8,11,20,30,-951.96875,6522.0,25413.3125,11,61,10327.78125,113731.89583333333,626
161,R02_F001_E104469027_P0:058,OceanMix,58,f4abf65f38ddf32f,11,18,32,-5093.1875,8663.125,27112.03125,11,61,10227.322916666666,111649.28125,202
162,R02_F001_E104469027_P0:081,OceanMix,81,2ce04771a95bcf19,11,20,30,-1327.59375,6318.0,25348.3125,11,61,10112.90625,113416.03125,680
163,R02_F001_E104469027_P0:009,OceanMix,9,43004a81e2efcfb5,11,20,30,-1244.34375,6357.75,25129.6875,11,61,10081.03125,113371.01041666667,666
164,R02_F001_E104469027_P0:054,OceanMix,54,90d343bec663fd81,11,20,30,-1660.9375,6368.125,25334.625,11,61,10013.9375,113543.98958333333,612
165,R02_F001_E104469027_P0:041,OceanMix,41,f55fa2d3182d9963,11,20,30,-1832.5,6204.875,25585.46875,11,61,9985.947916666666,113520.63541666667,618
166,R02_F001_E104469027_P0:018,OceanMix,18,c12a0f8ae2bd4b3b,11,20,30,-2134.65625,6011.1875,26060.375,11,61,9978.96875,113424.71875,445
167,R02_F001_E104469027_P0:077,OceanMix,77,67db39d9aa5b18c5,11,20,30,-1999.875,6344.1875,25559.21875,11,61,9967.84375,113483.5625,635
168,R02_F001_E104469027_P0:005,OceanMix,5,cab5987042de6aaa,11,20,30,-1836.4375,5907.3125,25748.71875,11,61,9939.864583333334,113412.3125,707
169,R02_F001_E104469027_P0:021,OceanMix,21,7bc59031e2b8af8d,11,20,30,-1645.625,6240.875,25171.8125,11,61,9922.354166666666,113382.67708333333,752
170,R02_F001_E104469027_P0:072,OceanMix,72,2593af42901ef940,11,20,30,-1644.53125,5863.9375,25537.65625,11,61,9919.020833333334,113445.26041666667,637
171,R02_F001_E104469027_P0:053,OceanMix,53,a2abfe1ee4e3a32f,11,20,30,-1545.4375,6247.9375,25046.84375,11,61,9916.447916666666,113360.90625,638
172,R02_F001_E104469027_P0:040,OceanMix,40,e3178b8786049ccf,11,20,30,-1798.65625,6202.3125,25213.65625,11,61,9872.4375,113318.33333333333,583
173,R02_F001_E104469027_P0:047,OceanMix,47,eb986c3b8e1fb464,11,20,30,-1339.4375,6174.875,24697.90625,11,61,9844.447916666666,113283.94791666667,801
174,R02_F001_E104469027_P0:057,OceanMix,57,bab18edd2691540e,11,18,30,-270.4375,6418.75,26786.53125,11,59,10978.28125,112498.77083333333,641
175,R02_F001_E104469027_P0:033,OceanMix,33,32d7e569c5c96ce3,11,18,30,-258.90625,6574.4375,26597.0625,11,59,10970.864583333334,112351.70833333333,647
176,R02_F001_E104469027_P0:048,OceanMix,48,27d682dabe1b5d78,11,18,30,-827.46875,6870.8125,26806.84375,11,59,10950.0625,112527.07291666667,601
177,R02_F001_E104469027_P0:086,OceanMix,86,90b36620bca32a52,11,18,30,-617.125,6578.4375,26686.9375,11,59,10882.75,112150.61458333333,558
178,R02_F001_E104469027_P0:066,OceanMix,66,5888833eaf02ef80,11,18,30,-552.6875,6533.0,26621.5625,11,59,10867.291666666666,112381.53125,723
179,R02_F001_E104469027_P0:091,OceanMix,91,887705340b9b2a49,11,18,30,-866.34375,6524.5625,26911.34375,11,59,10856.520833333334,112476.05208333333,523
180,R02_F001_E104469027_P0:075,OceanMix,75,231c057401a2b2ec,11,18,30,-754.21875,6656.125,26663.0625,11,59,10854.989583333334,112254.66666666667,568
181,R02_F001_E104469027_P0:092,OceanMix,92,38eb1eae34d807ca,11,18,30,-771.03125,6433.125,26850.125,11,59,10837.40625,112456.04166666667,519
182,R02_F001_E104469027_P0:089,OceanMix,89,8fa752a93ad6e5e7,11,18,30,-903.125,6601.0625,26753.3125,11,59,10817.083333333334,112338.97916666667,615
183,R02_F001_E104469027_P0:001,OceanMix,1,f48fd0fb9c929901,11,18,30,-738.5625,6498.875,26636.78125,11,59,10799.03125,112313.65625,635
184,R02_F001_E104469027_P0:090,OceanMix,90,d53acff5639c1d5f,11,18,30,-693.09375,6563.0625,26477.65625,11,59,10782.541666666666,112301.55208333333,778
185,R02_F001_E104469027_P0:027,OceanMix,27,11c08f11be1505ec,11,18,30,-946.4375,6310.375,26858.6875,11,59,10740.875,112363.51041666667,603
186,R02_F001_E104469027_P0:034,OceanMix,34,e867478bb67d9532,11,18,30,-895.4375,6373.3125,26678.96875,11,59,10718.947916666666,112240.13541666667,640
187,R02_F001_E104469027_P0:015,OceanMix,15,207e3bd7943ed009,11,18,30,-1259.53125,6409.3125,26960.0,11,59,10703.260416666666,112309.17708333333,611
188,R02_F001_E104469027_P0:035,OceanMix,35,461cf2ff6d2a85bc,11,18,30,-821.0,6202.25,26392.71875,11,59,10591.322916666666,112118.25,813
189,R02_F001_E104469027_P0:050,OceanMix,50,6d6b34ae87081bde,11,18,30,-1502.90625,6266.625,26693.125,11,59,10485.614583333334,112107.46875,602
190,R02_F001_E104469027_P0:055,OceanMix,55,e6767bb5d17858b0,11,18,30,-687.90625,6607.5,25368.78125,11,59,10429.458333333334,113894.63541666667,651
191,R02_F001_E104469027_P0:037,OceanMix,37,01f3a3379141e61f,11,18,30,-2101.21875,6179.6875,26359.21875,11,59,10145.895833333334,111943.5,480
192,R02_F001_E104469027_P0:011,OceanMix,11,bc3d17f90ed2b1a0,11,18,30,-1949.21875,6149.1875,26235.0,11,59,10144.989583333334,112048.125,537
193,R02_F001_E104469027_P0:025,OceanMix,25,37dfa7527c979649,11,18,30,-1494.0625,6277.625,25392.15625,11,59,10058.572916666666,113454.52083333333,662
194,R02_F001_E104469027_P0:022,OceanMix,22,818fe386d61c72c5,11,18,30,-1416.84375,6155.625,25034.5625,11,59,9924.447916666666,113398.54166666667,813
195,R02_F001_E104469027_P0:049,OceanMix,49,e7bbeac3497c4aec,11,18,30,-1372.75,6026.5625,25096.0,11,59,9916.604166666666,113356.63541666667,736
196,R02_F001_E104469027_P0:069,OceanMix,69,0c49f6e2962cf590,11,18,30,-1951.15625,5713.4375,24581.40625,11,59,9447.895833333334,112969.92708333333,472
197,R02_F001_E104469027_P0:036,OceanMix,36,6ed149d0083ed2f6,11,18,30,-2977.15625,5617.6875,24729.3125,11,59,9123.28125,112784.38541666667,575
198,R02_F001_E104469027_P0:010,OceanMix,10,50823306cf5f3a09,11,16,30,-2037.875,5672.4375,24270.6875,11,57,9301.75,113013.0625,563
199,R05_F001_E104180967_P0:072,QQ Farming,72,0fb5f116419542a6,10,27,32,-6247.34375,15690.28125,44503.4375,10,69,17982.125,114564.25,302
200,R05_F001_E104180967_P0:094,QQ Farming,94,edcb46f188e6c9ad,10,26,32,-9134.59375,12426.21875,52272.125,10,68,18521.25,113848.02083333333,2
201,R05_F001_E104180967_P0:077,QQ Farming,77,d3bebe12ff33de54,10,26,32,-5438.21875,14271.875,39558.46875,10,68,16130.708333333334,111850.73958333333,260
202,R05_F001_E104180967_P0:057,QQ Farming,57,b2f288c3061c7e74,10,24,32,-3718.84375,12491.25,47252.65625,10,66,18675.020833333332,114250.55208333333,4
203,R02_F001_E104469027_P0:094,OceanMix,94,281200d3536e068c,10,22,32,-185.9375,8937.5,30991.625,10,64,13247.729166666666,116916.52083333333,0
204,R02_F001_E104469027_P0:093,OceanMix,93,537e63fdc858b380,10,18,32,-3385.03125,6316.125,24888.03125,10,60,9273.041666666666,113432.3125,534
205,R02_F001_E104469027_P0:030,OceanMix,30,c50cdbdc71b29afd,18,10,30,-2426.375,-1997.5625,23192.25,10,58,6256.104166666667,104675.30208333333,269
206,R02_F001_E104469027_P0:014,OceanMix,14,d5867d81e719fe1a,18,10,30,-2998.59375,-1785.5625,23192.25,10,58,6136.03125,104845.52083333333,552
207,R02_F001_E104469027_P0:056,OceanMix,56,89545bbb61bcec48,18,10,30,-2275.5,-2179.0625,22348.6875,10,58,5964.708333333333,103923.22916666667,435
208,R02_F001_E104469027_P0:082,OceanMix,82,bca6c1f176603032,18,10,30,-2663.40625,-1910.875,21968.96875,10,58,5798.229166666667,103741.16666666667,521
209,R05_F001_E104180967_P0:007,QQ Farming,7,a02173dd7e39cb35,10,18,28,-6961.8125,2472.46875,37071.03125,10,56,10860.5625,114997.39583333333,0
210,R02_F001_E104469027_P0:028,OceanMix,28,a8e77c954f1893d9,10,16,30,107.5625,-99.96875,29296.0625,10,56,9767.885416666666,115263.69791666667,36
211,R02_F001_E104469027_P0:006,OceanMix,6,06da66d40e99a994,12,10,30,-1409.5,-2146.0625,24912.46875,10,52,7118.96875,114702.5,214
212,R03_F001_E104234696_P0:067,Driz Lo,67,6a2fdecc8931f69d,10,20,19,110.25,6329.75,10533.03125,10,49,5657.677083333333,104509.3125,133
213,R03_F001_E104234696_P0:039,Driz Lo,39,9c10f2be7111ac39,10,20,17,-1384.1875,4263.96875,10006.25,10,47,4295.34375,103445.54166666667,90
214,R03_F001_E104234696_P0:068,Driz Lo,68,628446b530a1bd73,10,20,14,-7441.125,4416.0625,5077.0625,10,44,684.0,113351.71875,225
215,R03_F001_E104234696_P0:037,Driz Lo,37,10f8df27268e608d,10,20,14,-5192.4375,-5062.375,-379.71875,10,44,-3544.84375,109719.94791666667,168
216,R03_F001_E104234696_P0:031,Driz Lo,31,f2046adbab437e40,10,21,12,-4746.4375,3201.9375,2456.125,10,43,303.875,111254.0625,251
217,R03_F001_E104234696_P0:073,Driz Lo,73,7ea1635206658557,12,17,10,-3690.46875,4989.65625,1886.8125,10,39,1062.0,112362.90625,122
218,R05_F001_E104180967_P0:056,QQ Farming,56,2c7a09f4557fed75,9,29,32,-6365.9375,16136.15625,43537.4375,9,70,17769.21875,114160.33333333333,311
219,R05_F001_E104180967_P0:054,QQ Farming,54,f159a0b276215862,9,27,32,-4782.34375,11257.59375,56961.71875,9,68,21145.65625,113509.92708333333,0
220,R05_F001_E104180967_P0:022,QQ Farming,22,f340ba402da926f3,9,27,32,-6495.71875,15553.25,45033.28125,9,68,18030.270833333332,114509.36458333333,267
221,R05_F001_E104180967_P0:031,QQ Farming,31,9b530fe30f2272e6,9,26,32,-6651.4375,15592.875,47332.96875,9,67,18758.135416666668,115078.32291666667,76
222,R05_F001_E104180967_P0:024,QQ Farming,24,d53a3a2b2fe4a049,9,26,32,-5575.6875,15103.1875,44758.875,9,67,18095.458333333332,114361.71875,341
223,R05_F001_E104180967_P0:087,QQ Farming,87,b6be069bd4c79f88,9,26,32,-5875.0625,15103.1875,44569.9375,9,67,17932.6875,114636.46875,341
224,R05_F001_E104180967_P0:046,QQ Farming,46,619bdcb07b8c1906,9,26,32,-5369.0625,15579.59375,43179.28125,9,67,17796.604166666668,114096.76041666667,343
225,R05_F001_E104180967_P0:086,QQ Farming,86,579996417668c3b5,9,26,32,-5575.6875,16031.6875,42820.625,9,67,17758.875,113547.51041666667,308
226,R05_F001_E104180967_P0:100,QQ Farming,100,1db7b5e808936ef6,9,26,32,-5681.65625,15675.15625,43271.375,9,67,17754.958333333332,113819.65625,155
227,R05_F001_E104180967_P0:026,QQ Farming,26,4415df8e26c15db1,9,26,32,-5670.125,15116.71875,43037.78125,9,67,17494.791666666668,113916.22916666667,273
228,R05_F001_E104180967_P0:073,QQ Farming,73,975b0f1c73a08898,9,26,32,-5905.3125,15162.125,43033.0625,9,67,17429.958333333332,114283.6875,271
229,R05_F001_E104180967_P0:033,QQ Farming,33,f09fc936f212f6df,9,26,32,-5499.15625,15666.03125,41903.125,9,67,17356.666666666668,113947.60416666667,257
230,R05_F001_E104180967_P0:047,QQ Farming,47,db752b95ebb33a3d,9,26,32,-5716.875,15591.90625,42028.40625,9,67,17301.145833333332,114076.89583333333,255
231,R05_F001_E104180967_P0:085,QQ Farming,85,f77cc4f1573b0f46,9,26,32,-5863.375,14822.6875,42688.78125,9,67,17216.03125,113606.72916666667,341
232,R05_F001_E104180967_P0:048,QQ Farming,48,6cded432c6cce4b6,9,26,32,-5733.25,16097.375,41187.375,9,67,17183.833333333332,113574.80208333333,219
233,R05_F001_E104180967_P0:023,QQ Farming,23,d2aa4f39d35a414c,9,26,32,-5733.25,15103.1875,41064.78125,9,67,16811.572916666668,113460.17708333333,346
234,R05_F001_E104180967_P0:028,QQ Farming,28,ff13f895e3a299e5,9,26,32,-5542.6875,14944.34375,39485.0625,9,67,16295.572916666666,112751.58333333333,214
235,R05_F001_E104180967_P0:060,QQ Farming,60,0bdbf9f54febce81,9,25,32,-6955.40625,15404.125,51802.625,9,66,20083.78125,119170.25,0
236,R05_F001_E104180967_P0:078,QQ Farming,78,f220d9624ed6188e,9,25,32,-6069.0625,15312.125,48548.28125,9,66,19263.78125,116050.6875,92
237,R05_F001_E104180967_P0:076,QQ Farming,76,909699672658db9f,9,25,32,-6210.875,15312.125,47743.21875,9,66,18948.15625,115316.40625,0
238,R05_F001_E104180967_P0:083,QQ Farming,83,0554d77ce51d1480,9,25,32,-6573.8125,13027.96875,41775.3125,9,66,16076.489583333334,112886.13541666667,308
239,R05_F001_E104180967_P0:049,QQ Farming,49,b004e5b5b7b4bb47,9,24,32,-6210.875,14132.3125,43271.375,9,65,17064.270833333332,113673.84375,64
240,R05_F001_E104180967_P0:084,QQ Farming,84,80e19b1eb235a166,9,24,32,-6069.0625,14132.3125,42989.59375,9,65,17017.614583333332,113519.85416666667,154
241,R05_F001_E104180967_P0:010,QQ Farming,10,8d024200447e1adf,9,24,32,-6405.0625,14056.96875,43271.375,9,65,16974.427083333332,113081.72916666667,113
242,R05_F001_E104180967_P0:074,QQ Farming,74,e04ef2e1d531887e,9,24,32,-6767.40625,13650.3125,43619.90625,9,65,16834.270833333332,113247.1875,132
243,R05_F001_E104180967_P0:012,QQ Farming,12,33d1f86b43441035,9,24,32,-5733.25,16162.0625,39526.53125,9,65,16651.78125,112799.125,308
244,R05_F001_E104180967_P0:027,QQ Farming,27,ad7997be3eeb515a,9,22,32,-4870.21875,13229.90625,49234.0,9,63,19197.895833333332,115845.11458333333,4
245,R05_F001_E104180967_P0:080,QQ Farming,80,9e3f79c1f9821733,9,22,32,-6083.90625,13252.21875,32010.65625,9,63,13059.65625,110857.8125,286
246,R05_F001_E104180967_P0:081,QQ Farming,81,887f7a203af26f96,9,21,32,-6388.125,7189.0625,48948.5625,9,62,16583.166666666668,114278.88541666667,90
247,R02_F001_E104469027_P0:012,OceanMix,12,f62e529f7795bfa0,9,14,30,-5950.75,326.6875,27997.53125,9,53,7457.822916666667,113998.20833333333,134
248,R05_F001_E104180967_P0:093,QQ Farming,93,11e8959d1bfdf92e,8,29,32,-6088.21875,17864.65625,43230.6875,8,69,18335.708333333332,114388.83333333333,202
249,R05_F001_E104180967_P0:079,QQ Farming,79,6efaecc459879df9,8,27,32,-7596.25,16692.1875,48550.78125,8,67,19215.572916666668,119451.47916666667,52
250,R05_F001_E104180967_P0:017,QQ Farming,17,b1179a93f0608351,8,27,32,-6283.75,16634.6875,43839.21875,8,67,18063.385416666668,116043.25,169
251,R05_F001_E104180967_P0:038,QQ Farming,38,a08380e5da871c9a,8,26,32,-7762.03125,15009.125,54869.8125,8,66,20705.635416666668,123083.375,0
252,R05_F001_E104180967_P0:082,QQ Farming,82,57aa75647c47cc00,8,26,32,-6554.6875,15884.8125,43586.8125,8,66,17638.979166666668,113372.375,270
253,R05_F001_E104180967_P0:036,QQ Farming,36,d3b1ba7b31897289,8,26,32,-7195.09375,16699.875,43089.03125,8,66,17531.270833333332,113883.32291666667,439
254,R05_F001_E104180967_P0:014,QQ Farming,14,06233c6be305399a,8,26,32,-7379.21875,15645.40625,43906.59375,8,66,17390.927083333332,113367.76041666667,577
255,R05_F001_E104180967_P0:034,QQ Farming,34,bc32f4b2dd90a51c,8,26,32,-7421.25,15428.5,43918.75,8,66,17308.666666666668,113298.51041666667,672
256,R05_F001_E104180967_P0:040,QQ Farming,40,e3b16f635fc75974,8,26,32,-7122.90625,15259.90625,43714.375,8,66,17283.791666666668,113304.16666666667,523
257,R05_F001_E104180967_P0:090,QQ Farming,90,5bdae04e652d4471,8,26,32,-7445.9375,15394.53125,43754.15625,8,66,17234.25,113224.8125,593
258,R05_F001_E104180967_P0:055,QQ Farming,55,a6f6ee502739c13d,8,26,32,-8178.9375,15387.53125,43856.59375,8,66,17021.729166666668,113359.80208333333,618
259,R05_F001_E104180967_P0:035,QQ Farming,35,0053f65767fd8583,8,26,32,-8142.5625,14957.46875,43644.4375,8,66,16819.78125,112795.83333333333,590
260,R05_F001_E104180967_P0:004,QQ Farming,4,f284c210ba61c3c2,8,26,32,-8634.34375,15414.0625,42194.0,8,66,16324.572916666666,112459.47916666667,575
261,R05_F001_E104180967_P0:089,QQ Farming,89,c0f2c92a500c3cde,8,25,32,-4467.4375,17906.65625,48309.1875,8,65,20582.802083333332,115629.34375,0
262,R05_F001_E104180967_P0:008,QQ Farming,8,b9ee142e7fc848cb,8,24,32,-6432.4375,13276.78125,44565.28125,8,64,17136.541666666668,113237.66666666667,278
263,R02_F001_E104469027_P0:087,OceanMix,87,1328d662aaed51f8,15,8,32,-1490.65625,-3609.0,33670.3125,8,55,9523.552083333334,111406.45833333333,0
264,R05_F001_E104180967_P0:070,QQ Farming,70,bb24a31c8c7d1b86,7,26,32,-6658.0,16045.15625,44699.40625,7,65,18028.854166666668,114032.86458333333,442
265,R05_F001_E104180967_P0:098,QQ Farming,98,e7c392fba3fd76a1,7,26,32,-6691.15625,16045.15625,44699.40625,7,65,18017.802083333332,114022.30208333333,439
266,R05_F001_E104180967_P0:006,QQ Farming,6,1f6ce341135ed40c,7,26,32,-6550.1875,16163.90625,44374.4375,7,65,17996.052083333332,114042.84375,460
267,R05_F001_E104180967_P0:039,QQ Farming,39,e14a2dffb430d19e,7,26,32,-7395.90625,16045.15625,44699.40625,7,65,17782.885416666668,113690.69791666667,439
268,R05_F001_E104180967_P0:025,QQ Farming,25,89d3c04d5ec6940f,7,26,32,-7119.5625,15477.15625,44151.9375,7,65,17503.177083333332,113481.33333333333,744
269,R05_F001_E104180967_P0:001,QQ Farming,1,9773006c6fa731cb,7,26,32,-7445.625,15631.28125,44134.0625,7,65,17439.90625,113434.30208333333,834
270,R05_F001_E104180967_P0:095,QQ Farming,95,6d0864ce132d8e80,7,26,32,-7445.625,15631.28125,44134.0625,7,65,17439.90625,113434.30208333333,738
271,R05_F001_E104180967_P0:097,QQ Farming,97,caf83be584531a2f,7,26,32,-6889.3125,15815.4375,43306.78125,7,65,17410.96875,113313.02083333333,442
272,R05_F001_E104180967_P0:069,QQ Farming,69,1f0472bc39e82dc8,7,26,32,-8041.875,16193.9375,43869.5625,7,65,17340.541666666668,113645.5625,467
273,R05_F001_E104180967_P0:075,QQ Farming,75,c9e442a2c630549a,7,26,32,-7220.28125,14060.84375,44726.625,7,65,17189.0625,114298.32291666667,202
274,R05_F001_E104180967_P0:068,QQ Farming,68,9f564e19552666c2,7,26,32,-8259.71875,15616.3125,44182.6875,7,65,17179.760416666668,113513.95833333333,813
275,R05_F001_E104180967_P0:016,QQ Farming,16,d771803ad330684e,7,26,32,-7570.28125,16045.15625,43056.0625,7,65,17176.979166666668,113332.8125,434
276,R05_F001_E104180967_P0:091,QQ Farming,91,6f9174699ee8dcc8,7,26,32,-8121.59375,15542.90625,44070.25,7,65,17163.854166666668,113496.98958333333,751
277,R05_F001_E104180967_P0:009,QQ Farming,9,7668c8fe11e8038b,7,26,32,-8202.75,15574.53125,44085.65625,7,65,17152.479166666668,113486.76041666667,661
278,R05_F001_E104180967_P0:096,QQ Farming,96,8c3b39c29d3283c4,7,26,32,-7741.53125,15404.34375,43715.40625,7,65,17126.072916666668,113155.0,532
279,R05_F001_E104180967_P0:043,QQ Farming,43,216c35f5b13a4c10,7,26,32,-8161.21875,15542.90625,43980.0625,7,65,17120.583333333332,113452.65625,757
280,R05_F001_E104180967_P0:071,QQ Farming,71,2691705f8180a9da,7,26,32,-7515.09375,15536.8125,43267.53125,7,65,17096.416666666668,113133.96875,525
281,R05_F001_E104180967_P0:092,QQ Farming,92,30717ce44f3e925f,7,26,32,-7777.28125,16521.21875,42537.34375,7,65,17093.760416666668,113217.88541666667,438
282,R05_F001_E104180967_P0:015,QQ Farming,15,ac3e440cda1020be,7,26,32,-8146.5625,15248.40625,43587.46875,7,65,16896.4375,113297.64583333333,458
283,R05_F001_E104180967_P0:045,QQ Farming,45,c250b341347ed80e,7,26,32,-8295.4375,16086.71875,42729.21875,7,65,16840.166666666668,112857.8125,462
284,R05_F001_E104180967_P0:088,QQ Farming,88,d3dbf73382d4a4f4,7,26,32,-8800.875,16045.15625,43056.0625,7,65,16766.78125,112911.47916666667,436
285,R05_F001_E104180967_P0:021,QQ Farming,21,5f90e4341cfe6777,7,26,32,-8354.71875,15722.21875,42422.4375,7,65,16596.645833333332,112707.91666666667,771
286,R05_F001_E104180967_P0:065,QQ Farming,65,4dde8ba4972b5798,7,26,32,-8146.28125,15544.1875,42369.59375,7,65,16589.166666666668,112625.36458333333,698
287,R05_F001_E104180967_P0:042,QQ Farming,42,7e7d75351c87d5a8,7,26,32,-8310.0625,15523.0625,42477.53125,7,65,16563.510416666668,112691.58333333333,646
288,R05_F001_E104180967_P0:044,QQ Farming,44,e4f512fb02c07124,7,26,32,-7893.5625,15413.5625,42164.1875,7,65,16561.395833333332,112565.07291666667,461
289,R05_F001_E104180967_P0:020,QQ Farming,20,706d0805d651af07,7,22,32,-8491.125,8032.625,38061.78125,7,61,12534.427083333334,115418.82291666667,0
290,R05_F001_E104180967_P0:052,QQ Farming,52,c3fb8fd15a1a48e5,7,16,32,-10101.375,521.15625,48275.125,7,55,12898.302083333334,113053.32291666667,0
291,R05_F001_E104180967_P0:003,QQ Farming,3,a1fee23f7cdc4304,6,26,32,-10017.46875,11781.28125,42752.96875,6,64,14838.927083333334,111797.86458333333,259
292,R05_F001_E104180967_P0:032,QQ Farming,32,bfb81b042d883f45,6,24,32,-7720.9375,8402.84375,44583.1875,6,62,15088.364583333334,112436.83333333333,90
293,R05_F001_E104180967_P0:013,QQ Farming,13,a9b3ba9723f43923,6,22,32,-7810.25,8920.5,46779.53125,6,60,15963.260416666666,112326.85416666667,0
294,R05_F001_E104180967_P0:067,QQ Farming,67,3146751b0f718a4c,9,6,32,-8351.6875,-10836.71875,23523.9375,6,47,1445.1770833333333,103790.15625,0
295,R05_F001_E104180967_P0:061,QQ Farming,61,4f6ac9ae1765cc51,6,8,32,-7750.15625,-8982.90625,40464.71875,6,46,7910.552083333333,109036.51041666667,0
296,R05_F001_E104180967_P0:051,QQ Farming,51,95d03233d30fbd67,5,22,32,-10378.28125,5167.46875,42537.40625,5,59,12442.197916666666,112826.82291666667,0
297,R05_F001_E104180967_P0:030,QQ Farming,30,cb0070217cdf4b86,4,8,32,-8552.28125,-5142.90625,29001.59375,4,44,5102.135416666667,105183.22916666667,0
298,R05_F001_E104180967_P0:002,QQ Farming,2,92911ac9f87d67c7,4,4,30,-9246.25,-10474.5,21635.21875,4,38,638.15625,100172.5,0
299,R05_F001_E104180967_P0:019,QQ Farming,19,07868e2e083cd550,3,19,32,-12449.40625,6732.6875,43551.46875,3,54,12611.583333333334,111272.375,0
300,R05_F001_E104180967_P0:063,QQ Farming,63,3faed3867ec39acf,2,17,32,-15089.09375,10621.0625,51661.6875,2,51,15731.21875,114019.71875,0
